pitch_type,game_date,release_speed,release_pos_x,release_pos_z,player_name,batter,pitcher,events,description,spin_dir,spin_rate_deprecated,break_angle_deprecated,break_length_deprecated,zone,des,game_type,stand,p_throws,home_team,away_team,type,hit_location,bb_type,balls,strikes,game_year,pfx_x,pfx_z,plate_x,plate_z,on_3b,on_2b,on_1b,outs_when_up,inning,inning_topbot,hc_x,hc_y,tfs_deprecated,tfs_zulu_deprecated,umpire,sv_id,vx0,vy0,vz0,ax,ay,az,sz_top,sz_bot,hit_distance_sc,launch_speed,launch_angle,effective_speed,release_spin_rate,release_extension,game_pk,fielder_2,fielder_3,fielder_4,fielder_5,fielder_6,fielder_7,fielder_8,fielder_9,release_pos_y,estimated_ba_using_speedangle,estimated_woba_using_speedangle,woba_value,woba_denom,babip_value,iso_value,launch_speed_angle,at_bat_number,pitch_number,pitch_name,home_score,away_score,bat_score,fld_score,post_away_score,post_home_score,post_bat_score,post_fld_score,if_fielding_alignment,of_fielding_alignment,spin_axis,delta_home_win_exp,delta_run_exp,bat_speed,swing_length,miss_distance,estimated_slg_using_speedangle,delta_pitcher_run_exp,hyper_speed,home_score_diff,bat_score_diff,home_win_exp,bat_win_exp,age_pit_legacy,age_bat_legacy,age_pit,age_bat,n_thruorder_pitcher,n_priorpa_thisgame_player_at_bat,pitcher_days_since_prev_game,batter_days_since_prev_game,pitcher_days_until_next_game,batter_days_until_next_game,api_break_z_with_gravity,api_break_x_arm,api_break_x_batter_in,arm_angle,attack_angle,attack_direction,swing_path_tilt,intercept_ball_minus_batter_pos_x_inches,intercept_ball_minus_batter_pos_y_inches,is_hit,is_home_run,is_walk,is_strikeout,is_stolen_base,at_bat,home_away
KC,2026-03-26,85.6,-2.94,6.06,"Crow-Armstrong, Pete",691718,676917,single,hit_into_play,,,,,13.0,"Pete Crow-Armstrong singles on a ground ball to right fielder Joey Wiemer. Michael Busch scores. Alex Bregman out at 3rd on the throw, right fielder Joey Wiemer to catcher Keibert Ruiz to third baseman Brady House.",R,L,R,CHC,WSH,X,9.0,ground_ball,0,0,2026,0.77,-0.93,-0.0807148015822518,1.3379908523122892,,683737.0,608324.0,2,3,Bot,177.15,114.18,,,,,5.097174922156716,-124.57535515094004,-2.7014371645121527,6.914058045303568,25.5282735673328,-41.48906484558605,3.202452428,1.616190945,9.0,100.2,-10.0,85.5,2344.0,6.3,824704,660688,665953,683083,691781,682928,695578,696285,686894,54.22,0.298,0.283,0.9,1.0,1.0,0.0,2.0,23,1,Knuckle Curve,1,1,1,1,1,2,2,1,Standard,Standard,33.0,0.074,0.55,76.2,7.3,,0.334,-0.55,100.2,0,0,0.549,0.549,27,24,28,24,2,1,,,6.0,2,4.04,-0.77,0.77,38.8,15.093849096417948,9.882282342160092,42.07371559082533,37.48477788329777,33.30877625764202,1,0,0,0,0,1,home
FF,2026-03-26,93.6,-2.91,5.43,"Crow-Armstrong, Pete",691718,695418,single,hit_into_play,,,,,3.0,Pete Crow-Armstrong singles on a bunt ground ball to third baseman Brady House. Michael Busch scores. Alex Bregman to 2nd.,R,L,R,CHC,WSH,X,5.0,ground_ball,2,1,2026,-1.21,0.54,0.417702157398004,2.8455540604660365,683737.0,,608324.0,1,7,Bot,110.79,185.44,,,,,10.989028430984112,-135.87358765969947,-1.8962576204941728,-17.412409429232618,29.23516504690449,-25.308808215628,3.202452428,1.616190945,5.0,41.1,-27.0,92.1,2388.0,5.5,824704,660688,671277,683083,691781,682928,695578,696285,686894,55.01,0.359,0.323,0.9,1.0,1.0,0.0,1.0,61,4,4-Seam Fastball,3,8,3,8,8,4,4,8,Standard,Standard,246.0,0.038,0.029,,,,0.364,-0.029,88.0,-5,-5,0.074,0.074,26,24,26,24,1,3,,,4.0,2,2.07,1.21,-1.21,22.0,,,,,,1,0,0,0,0,1,home
ST,2026-03-26,78.2,2.48,4.16,"Crow-Armstrong, Pete",691718,676571,field_out,hit_into_play,,,,,13.0,Pete Crow-Armstrong pops out to third baseman Brady House in foul territory.,R,L,L,CHC,WSH,X,5.0,popup,1,2,2026,-1.55,0.16,-0.489772904049361,1.4186078935115374,,683737.0,664023.0,1,5,Bot,84.92,178.03,,,,,-3.422923761313216,-113.88454805856648,0.8246468060096914,-12.952813186501537,20.149140385292263,-31.098700657355533,3.202452428,1.616190945,116.0,78.8,61.0,78.6,2459.0,6.4,824704,660688,665953,683083,691781,682928,695578,696285,686894,54.05,0.014,0.015,0.0,1.0,0.0,0.0,3.0,45,4,Sweeper,3,7,3,7,7,3,3,7,Standard,Standard,262.0,-0.031,-0.165,76.7,7.9,,0.02,0.165,88.0,-4,-4,0.149,0.149,29,24,30,24,1,2,,,3.0,2,3.55,-1.55,-1.55,15.7,20.031587032087504,-10.308543670878588,42.115644880504185,38.48030564668311,45.293152711793525,0,0,0,0,0,1,home
ST,2026-03-26,87.0,-3.03,5.94,"Crow-Armstrong, Pete",691718,676917,strikeout,called_strike,,,,,1.0,Pete Crow-Armstrong called out on strikes.,R,L,R,CHC,WSH,S,2.0,,1,2,2026,1.46,-0.8,-0.3052249600630627,2.812940659166847,683737.0,,,2,1,Bot,,,,,,,3.378109582900104,-126.48688211282104,0.7085094680770165,14.588745441589294,31.255776921570614,-41.11150795761875,3.202452428,1.616190945,,,,86.0,2203.0,6.2,824704,660688,665953,683083,691781,682928,695578,696285,686894,54.34,,0.0,0.0,1.0,0.0,0.0,,7,4,Sweeper,0,0,0,0,0,0,0,0,Standard,Standard,41.0,-0.026,-0.233,,,,,0.233,,0,0,0.526,0.526,27,24,28,24,1,0,,,6.0,2,3.87,-1.46,1.46,34.8,,,,,,0,0,0,1,0,1,home
SV,2026-03-26,85.3,1.44,5.47,"Crow-Armstrong, Pete",691718,672335,strikeout,swinging_strike_blocked,,,,,13.0,Pete Crow-Armstrong strikes out swinging.,R,L,L,CHC,WSH,S,2.0,,1,2,2026,-1.03,-0.25,-1.4049823587143973,0.5600055914939301,,,,2,9,Bot,,,,,,,-4.462383326497889,-124.07269981571925,-4.428137251881167,-9.650622683703917,25.85102545842936,-34.064850454942246,3.202452428,1.616190945,,,,84.6,2528.0,5.9,824704,660688,671277,683083,691781,682928,695578,696285,686894,54.56,,0.0,0.0,1.0,0.0,0.0,,80,4,Slurve,4,10,4,10,10,4,4,10,Infield shade,Standard,312.0,-0.001,-0.18,44.7,8.0,12.458859852,,0.18,,-6,-6,0.001,0.001,30,24,30,24,1,4,,,3.0,2,3.4,-1.03,-1.03,38.1,22.932554327903727,-13.257806640151976,37.510088473152514,51.695876239215906,49.36311451437877,0,0,0,1,0,1,home
FF,2026-03-28,92.2,-1.25,6.68,"Crow-Armstrong, Pete",691718,571945,single,hit_into_play,,,,,9.0,Pete Crow-Armstrong singles on a ground ball to right fielder James Wood.,R,L,R,CHC,WSH,X,9.0,ground_ball,0,1,2026,-0.84,1.5,0.3899897527592294,1.8781369691042995,,,,1,3,Bot,192.85,115.2,,,,,5.94916874612839,-133.8159190016572,-9.350309448565252,-11.379231977092406,31.23888804884687,-12.205941617487971,3.202452428,1.616190945,94.0,111.5,4.0,91.7,2134.0,6.3,824701,686452,671277,678391,691781,683083,695734,696285,695578,54.16,0.691,0.661,0.9,1.0,1.0,0.0,4.0,22,2,4-Seam Fastball,4,0,4,0,0,4,4,0,Infield shade,Strategic,212.0,0.01,0.46,78.6,7.3,,0.802,-0.46,111.5,4,4,0.885,0.885,37,24,38,24,2,1,,2.0,6.0,1,1.21,0.84,-0.84,45.1,10.975968835473198,-3.2076146278003996,40.92049487650132,30.574642178633013,36.73457104986366,1,0,0,0,0,1,home
FF,2026-03-28,93.4,-1.19,6.64,"Crow-Armstrong, Pete",691718,571945,walk,ball,,,,,1.0,Pete Crow-Armstrong walks.,R,L,R,CHC,WSH,B,,,3,2,2026,-0.59,1.39,-0.7924802916642772,2.9521417624827593,,,,1,5,Bot,,,,,,,2.3117063448391852,-135.9168363554229,-6.6048299047942365,-7.763568010134055,30.72689091957286,-13.697007497979136,3.202452428,1.616190945,,,,93.0,2216.0,6.1,824701,686452,671277,678391,691781,683083,695734,696285,695578,54.37,,0.698334,0.7,1.0,0.0,0.0,,39,6,4-Seam Fastball,5,2,5,2,2,5,5,2,Infield shade,Standard,212.0,0.008,0.339,,,,,-0.339,,3,3,0.877,0.877,37,24,38,24,3,2,,2.0,6.0,1,1.23,0.59,-0.59,46.0,,,,,,0,0,1,0,0,0,home
FF,2026-03-28,93.6,-1.23,6.63,"Crow-Armstrong, Pete",691718,571945,strikeout,swinging_strike,,,,,13.0,Pete Crow-Armstrong strikes out swinging.,R,L,R,CHC,WSH,S,2.0,,2,2,2026,-0.71,1.45,-0.8835352569272504,2.183070540310604,,,,0,2,Bot,,,,,,,2.4771834625971825,-135.96209823940126,-8.698128632521373,-9.36927143503278,32.13947550601156,-12.40122333465105,3.202452428,1.616190945,,,,93.4,2214.0,6.5,824701,686452,671277,678391,691781,683083,695734,696285,695578,54.04,,0.0,0.0,1.0,0.0,0.0,,10,6,4-Seam Fastball,0,0,0,0,0,0,0,0,Infield shade,Standard,212.0,-0.02,-0.232,71.3,7.0,0.949207032,,0.232,,0,0,0.548,0.548,37,24,38,24,1,0,,2.0,6.0,1,1.17,0.71,-0.71,46.7,3.4161766104703317,15.80465357986687,35.5101556491155,45.706799952376755,24.10745943800355,0,0,0,1,0,1,home
FF,2026-03-28,94.6,-2.01,5.4,"Crow-Armstrong, Pete",691718,669371,field_out,hit_into_play,,,,,5.0,Pete Crow-Armstrong flies out to center fielder Jacob Young.,R,L,R,CHC,WSH,X,8.0,fly_ball,2,1,2026,-1.21,1.31,0.1192115788645156,2.511900277024105,,,,1,8,Bot,136.1,104.56,,,,,8.280603129176148,-137.29530653340274,-4.514949221905828,-17.290394570737753,36.53275389249424,-14.912397379965482,3.202452428,1.616190945,253.0,102.9,61.0,94.2,2683.0,6.7,824701,686452,671277,678391,691781,683083,695734,696285,695578,53.84,0.009,0.008,0.0,1.0,0.0,0.0,3.0,68,4,4-Seam Fastball,10,2,10,2,2,10,10,2,Infield shade,Standard,228.0,0.0,-0.311,78.9,7.3,,0.011,0.311,102.9,8,8,0.999,0.999,26,24,27,24,1,4,,2.0,2.0,1,1.3,1.21,-1.21,30.6,19.852135113011204,-11.789460339195138,33.52669411019207,34.239300516846356,43.41060885231664,0,0,0,0,0,1,home
FF,2026-03-28,94.1,2.21,5.83,"Crow-Armstrong, Pete",691718,686610,single,hit_into_play,,,,,6.0,Pete Crow-Armstrong singles on a soft bunt ground ball to third baseman Brady House.,R,L,L,CHC,WSH,X,5.0,ground_ball,0,0,2026,0.88,1.58,0.3610042734922394,2.2180502154365582,,,,2,6,Bot,116.65,187.83,,,,,-6.775587458358731,-136.64876513579688,-7.009901898339622,12.525663274153954,32.32801110012215,-11.009244527507054,3.202452428,1.616190945,7.0,39.9,-14.0,94.5,2476.0,6.8,824701,686452,671277,678391,691781,683083,695734,696285,695578,53.7,0.321,0.289,0.9,1.0,1.0,0.0,1.0,51,1,4-Seam Fastball,9,2,9,2,2,9,9,2,Infield shade,Standard,137.0,0.0,0.139,25.2,2.0,,0.335,-0.139,88.0,7,7,0.992,0.992,28,24,28,24,1,3,,2.0,3.0,1,1.02,0.88,0.88,41.0,-9.282530906524952,9.736077645641307,16.66417791080128,34.88238917276673,23.577798847856425,1,0,0,0,0,1,home
FC,2026-03-29,90.3,-2.24,5.22,"Crow-Armstrong, Pete",691718,663623,field_out,hit_into_play,,,,,3.0,Pete Crow-Armstrong flies out to right fielder Joey Wiemer.,R,L,R,CHC,WSH,X,9.0,fly_ball,1,0,2026,0.23,0.77,0.604327768599576,2.9636103161075793,,,,0,4,Bot,173.58,93.3,,,,,6.606232092715411,-131.39007767414154,-1.1608225705413269,1.2800698315074384,27.3228131452394,-23.23131470103308,3.202452428,1.616190945,287.0,99.5,52.0,91.9,2528.0,7.2,824700,660688,665953,683083,691781,682928,695734,696285,686894,53.28,0.02,0.031,0.0,1.0,0.0,0.0,3.0,30,2,Cutter,2,3,2,3,3,2,2,3,Standard,Standard,188.0,-0.035,-0.303,82.0,7.0,,0.047,0.303,99.5,-1,-1,0.433,0.433,29,24,29,24,2,1,,1.0,6.0,1,2.02,-0.23,0.23,27.2,20.003410639491193,-14.117879964581473,28.385051927246504,28.663864395105367,41.41522233216491,0,0,0,0,0,1,home
CH,2026-03-29,87.4,-2.23,5.5,"Crow-Armstrong, Pete",691718,663623,field_out,hit_into_play,,,,,7.0,Pete Crow-Armstrong grounds out to first baseman Andrés Chaparro.,R,L,R,CHC,WSH,X,3.0,ground_ball,2,2,2026,-1.31,0.23,-0.5147164545140122,2.0044696429680915,,,608324.0,2,1,Bot,150.06,168.71,,,,,6.933013822749041,-127.03565250295044,-2.5344882002743043,-15.585249663395771,26.65268706401299,-29.33699668584621,3.202452428,1.616190945,6.0,91.6,-20.0,88.7,2345.0,7.2,824700,660688,665953,683083,691781,682928,695734,696285,686894,53.26,0.164,0.148,0.0,1.0,0.0,0.0,2.0,10,6,Changeup,0,3,0,3,3,0,0,3,Infield shade,Standard,237.0,-0.017,-0.244,78.5,7.3,,0.175,0.244,91.6,-3,-3,0.239,0.239,29,24,29,24,1,0,,1.0,6.0,1,2.76,1.31,-1.31,26.0,13.475625526501318,2.0002750519565,35.365058020483154,41.078966828956126,36.60433712214254,0,0,0,0,0,1,home
ST,2026-03-29,80.9,2.45,4.24,"Crow-Armstrong, Pete",691718,676571,field_out,hit_into_play,,,,,8.0,Pete Crow-Armstrong flies out to center fielder Jacob Young.,R,L,L,CHC,WSH,X,8.0,fly_ball,2,2,2026,-0.24,0.42,-0.2392470028164163,2.0990531651413713,,,664023.0,0,6,Bot,135.9,41.34,,,,,-5.455501960278589,-117.58898893108312,1.437540358630974,-0.9426086510584564,27.707083902185737,-29.00766449129383,3.202452428,1.616190945,390.0,97.9,31.0,80.4,2272.0,6.6,824700,660688,665953,683083,691781,682928,695734,696285,686894,53.93,0.3,0.542,0.0,1.0,0.0,0.0,5.0,49,6,Sweeper,2,4,2,4,4,2,2,4,Infield shade,Standard,211.0,-0.046,-0.219,73.3,7.1,,1.043,0.219,97.9,-2,-2,0.312,0.312,29,24,30,24,1,2,3.0,1.0,2.0,1,3.15,-0.24,-0.24,14.9,10.189865084009863,0.3029830473652021,36.25202978108315,35.4105369502802,37.52121387215724,0,0,0,0,0,1,home
SV,2026-03-29,86.3,1.39,5.58,"Crow-Armstrong, Pete",691718,672335,field_out,hit_into_play,,,,,13.0,Pete Crow-Armstrong flies out to left fielder Daylen Lile.,R,L,L,CHC,WSH,X,7.0,fly_ball,0,1,2026,-0.91,-0.33,-0.9928011889297093,2.011988910955722,,,,2,8,Bot,89.74,109.96,,,,,-3.674557864141554,-125.60980350676564,-1.2643603115649942,-8.663795011738259,29.293605559209396,-35.60231119001781,3.202452428,1.616190945,240.0,76.4,45.0,85.0,2587.0,5.8,824700,660688,671277,683083,691781,682928,695734,696285,686894,54.73,0.126,0.126,0.0,1.0,0.0,0.0,3.0,67,2,Slurve,3,6,3,6,6,3,3,6,Standard,Standard,315.0,-0.008,-0.216,70.3,7.4,,0.161,0.216,88.0,-3,-3,0.042,0.042,30,24,30,24,1,3,3.0,1.0,3.0,1,3.43,-0.91,-0.91,35.9,15.690991835136288,-0.2532116748216362,32.66365357233507,45.58605563173296,38.809474327643386,0,0,0,0,0,1,home
FC,2026-03-30,90.1,-3.52,5.92,"Crow-Armstrong, Pete",691718,696270,walk,ball,,,,,11.0,Pete Crow-Armstrong walks. Michael Busch to 3rd. Ian Happ to 2nd.,R,L,R,CHC,LAA,B,,,3,2,2026,0.13,0.86,-1.8100163995312424,3.646832220634737,,683737.0,664023.0,1,1,Bot,,,,,,,3.914435794046723,-131.30842399303606,-1.459642033901789,0.776601509135867,23.79064503222565,-22.045058989406375,3.202452428,1.616190945,,,,90.7,2559.0,6.3,824702,681351,694384,672724,660162,687263,666139,545361,666176,54.23,,0.698334,0.7,1.0,0.0,0.0,,7,11,Cutter,0,0,0,0,0,0,0,0,Standard,Strategic,190.0,0.049,0.296,,,,,-0.296,,0,0,0.596,0.596,23,24,24,24,1,0,,1.0,46.0,1,1.91,-0.13,0.13,18.1,,,,,,0,0,1,0,0,0,home
FS,2026-03-30,84.0,-3.06,5.76,"Crow-Armstrong, Pete",691718,696270,single,hit_into_play,,,,,7.0,"Pete Crow-Armstrong singles on a ground ball to shortstop Zach Neto, deflected by second baseman Oswald Peraza.",R,L,R,CHC,LAA,X,4.0,ground_ball,2,2,2026,-0.72,0.33,-0.2963277511259772,1.5076747069516454,,,,1,3,Bot,127.18,129.21,,,,,7.72004398656662,-121.96503678158588,-3.7752357775472376,-8.800689271504993,25.922038669782072,-28.34434854195073,3.202452428,1.616190945,30.0,101.4,-1.0,83.3,1922.0,6.1,824702,681351,694384,672724,660162,687263,666139,545361,666176,54.36,0.406,0.373,0.9,1.0,1.0,0.0,4.0,23,7,Split-Finger,4,0,4,0,0,4,4,0,Infield shade,Strategic,249.0,0.01,0.445,74.0,7.5,,0.44,-0.445,101.4,4,4,0.885,0.885,23,24,24,24,2,1,,1.0,46.0,1,2.94,0.72,-0.72,14.8,8.07553131218526,6.4148181688846275,43.49524588027181,38.96680358458911,32.025446011669345,1,0,0,0,0,1,home
FF,2026-03-30,94.4,-1.78,6.07,"Crow-Armstrong, Pete",691718,641312,field_out,hit_into_play,,,,,12.0,Pete Crow-Armstrong pops out to shortstop Zach Neto.,R,L,R,CHC,LAA,X,6.0,popup,1,0,2026,-0.17,1.23,0.4177167753492822,3.3725347124724125,,,,2,6,Bot,109.94,158.62,,,,,6.116535137725791,-137.34911746764575,-3.966544395828252,-3.5604594112302506,30.206570519628627,-15.95606577901671,3.202452428,1.616190945,109.0,87.8,74.0,95.5,2552.0,6.9,824702,681351,694384,672724,660162,687263,666139,545361,666176,53.6,0.009,0.011,0.0,1.0,0.0,0.0,3.0,50,2,4-Seam Fastball,6,0,6,0,0,6,6,0,Standard,Standard,187.0,-0.001,-0.301,80.2,6.6,,0.012,0.301,88.0,6,6,0.984,0.984,31,24,32,24,1,3,,1.0,6.0,1,1.33,0.17,-0.17,45.4,23.7905530216754,-4.171830962023571,24.42790248127299,29.313176990290437,37.31802459765426,0,0,0,0,0,1,home
SI,2026-03-30,92.8,2.6,5.48,"Crow-Armstrong, Pete",691718,664192,strikeout,called_strike,,,,,6.0,Pete Crow-Armstrong called out on strikes.,R,L,L,CHC,LAA,S,2.0,,2,2,2026,1.68,0.7,0.3951971215469678,2.1053137739745837,683737.0,608324.0,,1,4,Bot,,,,,,,-9.308790325410689,-134.77006746457644,-4.09520057951132,22.60794237167895,32.513759007027275,-22.92264685463528,3.202452428,1.616190945,,,,92.2,2265.0,6.3,824702,681351,694384,672724,660162,687263,666139,545361,666176,54.21,,0.0,0.0,1.0,0.0,0.0,,35,5,Sinker,6,0,6,0,0,6,6,0,Strategic,Standard,134.0,-0.008,-0.381,,,,,0.381,,6,6,0.977,0.977,33,24,33,24,1,2,2.0,1.0,5.0,1,1.98,1.68,1.68,37.7,,,,,,0,0,0,1,0,1,home
FF,2026-03-31,92.0,2.01,6.07,"Crow-Armstrong, Pete",691718,519141,strikeout,foul_bunt,,,,,11.0,Pete Crow-Armstrong strikes out on a foul bunt.,R,L,L,CHC,LAA,S,2.0,,0,2,2026,0.31,1.76,-0.7989659681791337,3.435420537366743,,,,0,9,Bot,,,,,,,-7.618549074483957,-133.67941943894905,-4.4686722331598085,5.403269460602605,29.29311173129026,-10.278377172850911,3.202452428,1.616190945,,,,90.8,2701.0,5.7,824699,681351,694384,624428,672724,687263,669326,545361,666176,54.84,,0.0,0.0,1.0,0.0,0.0,,70,3,4-Seam Fastball,0,2,0,2,2,0,0,2,Infield shade,Standard,153.0,-0.029,0.237,10.8,1.7,,,-0.237,,-2,-2,0.076,0.076,37,24,38,24,1,3,2.0,1.0,3.0,1,0.94,0.31,0.31,36.3,-82.35361693326952,-179.21575376707946,13.572026952169756,47.42608183380452,19.510952285687353,0,0,0,1,0,1,home
KC,2026-03-31,86.1,-1.92,5.92,"Crow-Armstrong, Pete",691718,667755,strikeout,swinging_strike,,,,,14.0,Pete Crow-Armstrong strikes out swinging.,R,L,R,CHC,LAA,S,2.0,,0,2,2026,1.36,-0.7,0.6115078869102666,0.9289462864066268,,,664023.0,2,1,Bot,,,,,,,3.1258195947115484,-125.2567258192031,-3.796358292406742,13.392111365822236,30.060963913297677,-38.798286050682975,3.202452428,1.616190945,,,,86.1,2351.0,6.7,824699,681351,694384,672724,600869,687263,666139,545361,666176,53.75,,0.0,0.0,1.0,0.0,0.0,,8,3,Knuckle Curve,0,0,0,0,0,0,0,0,Infield shade,Standard,26.0,-0.013,-0.175,32.6,6.5,4.920577404,,0.175,,0,0,0.513,0.513,27,24,28,24,1,0,5.0,1.0,6.0,1,3.83,-1.36,1.36,38.9,-3.954320882123364,17.295416865931024,38.28524228587141,29.973432400525297,23.445926962950335,0,0,0,1,0,1,home
KC,2026-03-31,84.3,-2.04,5.8,"Crow-Armstrong, Pete",691718,667755,sac_bunt,hit_into_play,,,,,8.0,"Pete Crow-Armstrong out on a sacrifice bunt, pitcher José Soriano to first baseman Nolan Schanuel. Ian Happ to 2nd.",R,L,R,CHC,LAA,X,1.0,ground_ball,0,0,2026,0.83,-0.67,0.1233424017778722,1.829132568783916,,,664023.0,0,4,Bot,138.15,185.58,,,,,3.309898055652021,-122.70235026252016,-1.1770267679973097,7.595714243377009,27.515411059524617,-38.8593255731268,3.202452428,1.616190945,4.0,45.0,-27.0,84.6,2280.0,6.8,824699,681351,694384,672724,600869,687263,666139,545361,666176,53.74,,,0.2,0.0,0.0,0.0,1.0,28,1,Knuckle Curve,0,0,0,0,0,0,0,0,Standard,Standard,41.0,-0.018,-0.028,28.4,2.9,,,0.028,88.0,0,0,0.603,0.603,27,24,28,24,2,1,5.0,1.0,6.0,1,3.91,-0.83,0.83,37.2,-22.84464693780126,-21.50820137474009,14.435218015570287,36.40379854639299,39.98344397903785,0,0,0,0,0,0,home
FS,2026-03-31,87.1,-1.72,5.93,"Crow-Armstrong, Pete",691718,681217,field_out,hit_into_play,,,,,4.0,"Pete Crow-Armstrong grounds out, pitcher Chase Silseth to first baseman Nolan Schanuel.",R,L,R,CHC,LAA,X,1.0,ground_ball,0,0,2026,-1.24,0.03,-0.6652314004526925,2.277235470825363,,,,0,7,Bot,128.43,180.98,,,,,5.03172605422603,-126.8359598390262,-2.467048644747244,-14.428486290556576,24.58398383361601,-31.558013492619505,3.202452428,1.616190945,7.0,99.6,-17.0,86.5,934.0,5.7,824699,681351,694384,672724,600869,687263,666139,545361,666176,54.78,0.252,0.227,0.0,1.0,0.0,0.0,2.0,54,1,Split-Finger,0,2,0,2,2,0,0,2,Standard,Standard,251.0,-0.04,-0.259,,,,0.263,0.259,99.6,-2,-2,0.221,0.221,26,24,26,24,1,2,2.0,1.0,3.0,1,2.96,1.24,-1.24,35.3,,,,,,0,0,0,0,0,1,home
FF,2026-04-01,92.5,2.22,5.75,"Crow-Armstrong, Pete",691718,579328,strikeout,swinging_strike,,,,,12.0,Pete Crow-Armstrong strikes out swinging.,R,L,L,CHC,LAA,S,2.0,,2,2,2026,0.38,1.22,0.9796994274748746,3.504620039108393,,,,0,6,Bot,,,,,,,-4.00536606035101,-134.77073530798262,-2.547030059168073,5.452278321935454,25.76420323178099,-16.83393969788227,3.202452428,1.616190945,,,,94.0,2248.0,6.8,824698,518595,600869,672724,660162,687263,669326,545361,666176,53.66,,0.0,0.0,1.0,0.0,0.0,,49,5,4-Seam Fastball,5,2,5,2,2,5,5,2,Standard,Standard,147.0,-0.006,-0.232,61.1,4.5,7.960424148,,0.232,,3,3,0.91,0.91,35,24,35,24,3,2,5.0,1.0,6.0,2,1.41,0.38,0.38,48.0,-19.126953649803173,41.74429576342104,35.29471412603461,23.91116846172311,25.57205818925759,0,0,0,1,0,1,home
SL,2026-04-01,87.4,2.41,5.78,"Crow-Armstrong, Pete",691718,579328,single,hit_into_play,,,,,8.0,"Pete Crow-Armstrong singles on a ground ball to second baseman Oswald Peraza, deflected by first baseman Jeimer Candelario. Michael Busch scores. Matt Shaw to 2nd.",R,L,L,CHC,LAA,X,3.0,ground_ball,0,1,2026,-0.5,-0.26,-0.1967901290327988,1.7973369707987374,683737.0,,807713.0,2,3,Bot,147.95,166.28,,,,,-5.17234491095282,-127.170375177193,-2.6157849919442677,-4.230264400674156,28.33787801675116,-34.63967851639524,3.202452428,1.616190945,61.0,76.1,4.0,87.6,2604.0,6.6,824698,518595,600869,672724,660162,687263,669326,545361,666176,53.9,0.211,0.19,0.9,1.0,1.0,0.0,2.0,26,2,Slider,4,0,4,0,0,5,5,0,Standard,Standard,284.0,0.04,0.645,63.8,7.4,,0.231,-0.645,88.0,4,4,0.891,0.891,35,24,35,24,2,1,5.0,1.0,6.0,2,3.27,-0.5,-0.5,45.6,16.87210977450664,-9.490156810282718,30.558499149773787,37.26335101664928,44.58440535365288,1,0,0,0,0,1,home
SL,2026-04-01,76.8,3.51,6.34,"Crow-Armstrong, Pete",691718,608718,strikeout,swinging_strike,,,,,2.0,Pete Crow-Armstrong strikes out swinging.,R,L,L,CHC,LAA,S,2.0,,2,2,2026,-0.83,0.14,0.208603849808432,3.3128706138553805,,683737.0,807713.0,1,7,Bot,,,,,,,-5.446329578498865,-111.89776620452156,0.4817055990628545,-6.173178999912103,18.0683986327645,-31.295247571887796,3.202452428,1.616190945,,,,78.2,1936.0,7.0,824698,518595,600869,672724,660162,687263,669326,545361,666176,53.51,,0.0,0.0,1.0,0.0,0.0,,61,6,Slider,6,2,6,2,2,6,6,2,Standard,Standard,284.0,-0.004,-0.223,69.7,6.3,0.68061318,,0.223,,4,4,0.974,0.974,36,24,37,24,1,3,4.0,1.0,2.0,2,3.69,-0.83,-0.83,48.1,13.242596435573,3.6088999696344146,29.258395631094015,33.89089703163279,29.112588911465707,0,0,0,1,0,1,home
SL,2026-04-01,87.1,2.06,5.83,"Crow-Armstrong, Pete",691718,579328,field_out,hit_into_play,,,,,8.0,"Pete Crow-Armstrong grounds out, second baseman Oswald Peraza to first baseman Jeimer Candelario.",R,L,L,CHC,LAA,X,4.0,ground_ball,0,0,2026,-0.21,0.16,-0.1996112695034906,1.6102517291299834,,683737.0,,2,2,Bot,154.44,142.92,,,,,-4.955658933053844,-126.72420069895466,-4.011903761965389,-1.0797278324601125,29.04874848208496,-29.751153820282276,3.202452428,1.616190945,118.0,77.5,9.0,87.1,2585.0,6.6,824698,518595,600869,672724,660162,687263,669326,545361,666176,53.9,0.351,0.332,0.0,1.0,0.0,0.0,2.0,14,1,Slider,0,0,0,0,0,0,0,0,Standard,Standard,281.0,-0.035,-0.282,75.0,7.8,,0.397,0.282,88.0,0,0,0.535,0.535,35,24,35,24,1,0,5.0,1.0,6.0,2,2.87,-0.21,-0.21,46.7,0.5541885964439774,-17.45041021907267,38.60656882530935,38.66875739185142,43.101087837287515,0,0,0,0,0,1,home
FF,2026-04-03,91.1,0.44,5.89,"Crow-Armstrong, Pete",691718,676282,field_out,hit_into_play,,,,,12.0,Pete Crow-Armstrong pops out to catcher Bo Naylor in foul territory.,R,L,L,CLE,CHC,X,2.0,popup,2,2,2026,0.61,1.34,0.6120458116402892,3.4506047600167227,,,,1,5,Top,110.7,218.72,,,,,-0.9370446955983486,-132.69265797006085,-3.0376038116938786,7.411523721349126,28.274848109876032,-15.946526725626883,3.202452428,1.616190945,51.0,69.3,84.0,93.0,1909.0,7.3,824458,666310,700932,677587,608070,672356,680757,682177,682657,53.17,0.003,0.003,0.0,1.0,0.0,0.0,3.0,32,5,4-Seam Fastball,0,1,1,0,1,0,1,0,Standard,Strategic,154.0,0.015,-0.235,67.8,6.3,,0.004,0.235,88.0,-1,1,0.389,0.611,26,24,27,24,2,1,6.0,2.0,5.0,2,1.4,0.61,0.61,50.9,18.59239163320622,-1.565372273066842,26.36993633240911,25.7174259056037,29.354046536290415,0,0,0,0,0,1,away
SL,2026-04-03,82.2,0.58,5.95,"Crow-Armstrong, Pete",691718,676282,double,hit_into_play,,,,,1.0,Pete Crow-Armstrong doubles (1) on a pop up to shortstop Gabriel Arias.,R,L,L,CLE,CHC,X,6.0,popup,1,2,2026,-0.51,-0.55,-0.6696674099192301,2.9957124839915967,,,,1,3,Top,70.71,141.77,,,,,-1.810614380253352,-119.79340954450792,1.1217285891480633,-4.6225166664793935,21.86998597195685,-37.93432277823529,3.202452428,1.616190945,199.0,76.9,52.0,83.8,2457.0,7.2,824458,666310,700932,677587,608070,672356,680757,682177,682657,53.34,0.051,0.051,1.25,1.0,1.0,1.0,3.0,14,5,Slider,0,0,0,0,0,0,0,0,Standard,Strategic,311.0,-0.052,0.724,59.4,6.9,,0.078,-0.724,88.0,0,0,0.53,0.47,26,24,27,24,1,0,6.0,2.0,5.0,2,3.9,-0.51,-0.51,52.2,12.063040274254382,5.409512111314507,28.38302385510234,40.38035268369677,30.04935460244622,1,0,0,0,0,1,away
FF,2026-04-03,94.2,-2.9,5.74,"Crow-Armstrong, Pete",691718,641401,field_out,hit_into_play,,,,,9.0,Pete Crow-Armstrong flies out to left fielder Steven Kwan.,R,L,R,CLE,CHC,X,7.0,fly_ball,3,2,2026,-0.84,1.24,0.3969923448050905,1.5901482252173924,,,,2,7,Top,82.44,82.81,,,,,10.44521477379893,-136.53429927216388,-7.657917950842568,-12.864742106248263,31.163355502324674,-15.114331459505516,3.202452428,1.616190945,308.0,95.2,36.0,95.0,2260.0,7.0,824458,666310,700932,677587,608070,672356,680757,682177,682657,53.48,0.117,0.213,0.0,1.0,0.0,0.0,3.0,50,9,4-Seam Fastball,1,1,1,1,1,1,1,1,Infield shade,Standard,217.0,0.023,-0.303,77.2,7.2,,0.397,0.303,95.2,0,0,0.565,0.435,31,24,31,24,1,2,6.0,2.0,2.0,2,1.36,0.84,-0.84,29.4,9.739249536846492,-0.9831677480547348,44.55228384569734,29.24089967365085,31.421328621418077,0,0,0,0,0,1,away
FF,2026-04-05,93.9,-1.92,5.93,"Crow-Armstrong, Pete",691718,677944,field_out,hit_into_play,,,,,4.0,"Pete Crow-Armstrong grounds out, second baseman Brayan Rocchio to first baseman Kyle Manzardo.",R,L,R,CLE,CHC,X,4.0,ground_ball,2,2,2026,-0.94,1.29,-0.334975971143482,2.442055666440385,,,,0,2,Top,144.0,144.38,,,,,6.195675094113345,-136.6349145567241,-6.044094869304024,-13.090792831918035,29.1138615038104,-14.88288811036148,3.202452428,1.616190945,51.0,96.2,1.0,94.4,2339.0,6.5,824459,666310,700932,677587,682177,672356,692216,680757,800050,53.98,0.449,0.443,0.0,1.0,0.0,0.0,4.0,7,5,4-Seam Fastball,0,0,0,0,0,0,0,0,Infield shade,Standard,219.0,0.02,-0.232,72.2,6.9,,0.547,0.232,96.2,0,0,0.503,0.497,27,24,27,24,1,0,7.0,2.0,5.0,0,1.29,0.94,-0.94,42.5,10.548784126687965,7.276210749702292,33.971456935553675,38.04073619175626,27.85418933785993,0,0,0,0,0,1,away
SL,2026-04-05,87.3,1.14,5.54,"Crow-Armstrong, Pete",691718,800048,field_out,hit_into_play,,,,,5.0,"Pete Crow-Armstrong grounds out, second baseman Brayan Rocchio to first baseman Rhys Hoskins.",R,L,L,CLE,CHC,X,4.0,ground_ball,3,2,2026,-0.65,0.34,0.0964929434139186,2.4829755346703624,,,,0,3,Top,156.84,130.85,,,,,-1.129311960866758,-127.42366855142603,-1.905337020642082,-7.014023812538062,19.59749973251455,-28.30339593028175,3.202452428,1.616190945,112.0,108.7,6.0,89.0,2425.0,6.6,824460,595978,656555,677587,608070,672356,682657,680757,681807,53.89,0.669,0.648,0.0,1.0,0.0,0.0,4.0,15,6,Slider,0,1,1,0,1,0,1,0,Infield shade,Strategic,222.0,0.027,-0.346,72.0,6.3,,0.802,0.346,108.7,-1,1,0.383,0.617,25,24,26,24,1,0,6.0,0.0,6.0,1,2.58,-0.65,-0.65,45.0,9.920492344041644,1.6325359806852933,28.086113036843656,32.82385547499061,36.44291056175278,0,0,0,0,0,1,away
SI,2026-04-05,93.0,1.07,5.34,"Crow-Armstrong, Pete",691718,800048,single,hit_into_play,,,,,7.0,Pete Crow-Armstrong singles on a ground ball to center fielder Steven Kwan. Matt Shaw to 3rd.,R,L,L,CLE,CHC,X,8.0,ground_ball,3,2,2026,0.97,0.75,-0.2962063973145828,2.087716280923437,,,807713.0,0,5,Top,140.37,105.65,,,,,-5.647950967043824,-135.28786261043427,-4.023744306504353,13.102731070603554,29.64465758000596,-22.28919920827912,3.202452428,1.616190945,55.0,109.2,2.0,93.4,1996.0,6.5,824460,595978,656555,677587,608070,672356,682657,680757,681807,53.96,0.509,0.458,0.9,1.0,1.0,0.0,4.0,31,6,Sinker,0,1,1,0,1,0,1,0,Infield shade,Strategic,144.0,-0.08,0.403,74.1,6.7,,0.526,-0.403,109.2,-1,1,0.317,0.683,25,24,26,24,2,1,6.0,0.0,6.0,1,1.89,0.97,0.97,38.1,5.935778030524414,4.582335548146192,32.55482627045926,36.93728824287837,34.543731436093054,1,0,0,0,0,1,away
FF,2026-04-05,94.3,-2.21,5.92,"Crow-Armstrong, Pete",691718,677944,field_out,hit_into_play,,,,,2.0,Pete Crow-Armstrong flies out to center fielder Steven Kwan.,R,L,R,CLE,CHC,X,8.0,fly_ball,0,0,2026,-0.91,1.12,-0.1134671824504774,3.220071306971124,,,,2,4,Top,119.8,42.72,,,,,7.427616732947718,-137.18815039717197,-3.662500322114046,-13.10517047525896,29.91268973712841,-17.42405775110285,3.202452428,1.616190945,399.0,104.7,35.0,94.5,2321.0,6.4,824459,666310,700932,677587,682177,672356,692216,680757,800050,54.14,0.674,1.362,0.0,1.0,0.0,0.0,6.0,22,1,4-Seam Fastball,0,0,0,0,0,0,0,0,Infield shade,Strategic,218.0,0.013,-0.26,,,,2.659,0.26,104.7,0,0,0.547,0.453,27,24,27,24,2,1,7.0,2.0,5.0,0,1.44,0.91,-0.91,38.8,,,,,,0,0,0,0,0,1,away
FS,2026-04-05,85.0,-2.47,5.73,"Crow-Armstrong, Pete",691718,671922,field_out,hit_into_play,,,,,8.0,Pete Crow-Armstrong pops out to second baseman Brayan Rocchio.,R,L,R,CLE,CHC,X,4.0,popup,0,2,2026,-0.26,-0.55,-0.071773799556767,2.088273166390392,,,,0,9,Top,149.75,123.77,,,,,6.140300351647649,-123.56206492541612,-0.7711894593910702,-3.962245716457912,27.188615334388192,-37.82767955093568,3.202452428,1.616190945,200.0,63.5,28.0,85.7,552.0,7.1,824460,595978,656555,677587,608070,672356,682657,680757,692216,53.44,0.806,0.725,0.0,1.0,0.0,0.0,4.0,72,3,Split-Finger,6,4,4,6,4,6,4,6,Standard,Standard,311.0,0.023,-0.164,67.9,7.3,,0.853,0.164,88.0,2,-2,0.94,0.06,27,24,27,24,1,3,2.0,0.0,2.0,1,3.74,0.26,-0.26,35.3,11.484850842965471,-1.5323882207354476,27.940287136658707,35.36171417490094,38.3345318835614,0,0,0,0,0,1,away
FF,2026-04-05,94.3,1.41,5.94,"Crow-Armstrong, Pete",691718,681870,field_out,hit_into_play,,,,,5.0,Pete Crow-Armstrong pops out to catcher Austin Hedges in foul territory.,R,L,L,CLE,CHC,X,2.0,popup,1,0,2026,0.84,1.59,-0.1619613002778044,2.6503224179147153,,,,0,7,Top,129.48,211.55,,,,,-5.9858554461447895,-137.00473992055947,-6.199557554876033,11.978839070941737,32.8346258996925,-11.008358737909738,3.202452428,1.616190945,11.0,84.3,82.0,94.5,2571.0,6.7,824460,595978,656555,677587,608070,672356,682657,680757,692216,53.82,0.014,0.017,0.0,1.0,0.0,0.0,3.0,52,2,4-Seam Fastball,3,3,3,3,3,3,3,3,Standard,Standard,151.0,0.045,-0.303,77.1,7.5,,0.019,0.303,88.0,0,0,0.494,0.506,28,24,29,24,1,2,4.0,0.0,2.0,1,1.0,0.84,0.84,45.2,20.69000983709189,-14.342116065292982,27.942582797311857,35.88596257752302,41.117048093825495,0,0,0,0,0,1,away
CU,2026-04-05,80.5,2.01,6.02,"Crow-Armstrong, Pete",691718,682120,strikeout,swinging_strike,,,,,13.0,Pete Crow-Armstrong strikes out swinging.,R,L,L,CLE,CHC,S,2.0,,2,2,2026,-0.43,-0.51,-0.3778803202932381,0.7123651866138712,,,,0,7,Top,,,,,,,-4.407709949505423,-117.19375402478244,-3.818827872966253,-3.082055563822107,23.597978286780705,-36.31875589060679,3.202452428,1.616190945,,,,80.4,2329.0,6.4,824459,666310,700932,677587,682177,672356,692216,680757,800050,54.15,,0.0,0.0,1.0,0.0,0.0,,45,6,Curveball,0,0,0,0,0,0,0,0,Standard,Standard,325.0,0.033,-0.232,65.7,8.4,4.010208492,,0.232,,0,0,0.506,0.494,29,24,30,24,1,2,8.0,2.0,1.0,0,4.04,-0.43,-0.43,35.5,24.495914676943524,-40.61887057206972,32.3801195442131,34.95863318226297,57.99961408872325,0,0,0,1,0,1,away
FF,2026-04-05,95.1,-2.75,5.98,"Crow-Armstrong, Pete",691718,688883,strikeout,swinging_strike,,,,,8.0,Pete Crow-Armstrong strikes out swinging.,R,L,R,CLE,CHC,S,2.0,,2,2,2026,-1.09,1.04,-0.2304896595798127,1.7312742255376872,,,,1,9,Top,,,,,,,8.891424004672043,-138.22395499866235,-7.603147042772977,-15.908240342798663,27.226365883730328,-17.31475740183519,3.202452428,1.616190945,,,,94.5,2201.0,5.7,824459,666310,700932,677587,682177,672356,682657,680757,800050,54.78,,0.0,0.0,1.0,0.0,0.0,,61,5,4-Seam Fastball,0,1,1,0,1,0,1,0,Infield shade,Standard,225.0,0.011,-0.235,72.3,7.6,0.255216696,,0.235,,-1,1,0.183,0.817,25,24,25,24,1,3,7.0,2.0,1.0,0,1.46,1.09,-1.09,36.9,15.285364966569247,-3.239404424725446,40.22763164811061,34.62952021190567,34.72908221339749,0,0,0,1,0,1,away
CU,2026-04-06,80.8,0.74,6.0,"Crow-Armstrong, Pete",691718,663556,field_out,hit_into_play,,,,,8.0,Pete Crow-Armstrong grounds out to first baseman Jonathan Aranda.,R,L,L,TB,CHC,X,3.0,ground_ball,0,0,2026,-0.31,-0.7,-0.1123750354258651,2.0721936164124894,,,,2,4,Top,164.98,165.36,,,,,-1.2885863406219695,-117.6690449937427,-0.529557872366599,-2.664695381003162,21.963608866928706,-38.79252627745531,3.202452428,1.616190945,65.0,105.5,2.0,81.8,2516.0,6.9,823002,663743,666018,810938,691406,670764,802415,656775,641584,53.59,0.52,0.474,0.0,1.0,0.0,0.0,4.0,32,1,Curveball,4,2,2,4,2,4,2,4,Standard,Standard,312.0,0.012,-0.26,75.5,7.7,,0.572,0.26,105.5,2,-2,0.774,0.226,29,24,29,24,2,1,6.0,1.0,8.0,1,4.18,-0.31,-0.31,38.0,17.424232506782474,-19.054723764717405,28.444242376363075,33.73929563822909,45.497213070215224,0,0,0,0,0,1,away
SL,2026-04-06,87.2,0.92,5.9,"Crow-Armstrong, Pete",691718,663556,strikeout,swinging_strike,,,,,13.0,Pete Crow-Armstrong strikes out swinging.,R,L,L,TB,CHC,S,2.0,,2,2,2026,-0.42,-0.14,-1.0133792574751317,1.7420177747203858,,683737.0,621020.0,1,2,Top,,,,,,,-3.73348195914112,-126.9090619973664,-3.2803645267505788,-3.695423959128265,28.51945722366588,-33.151698536237255,3.202452428,1.616190945,,,,87.8,2504.0,6.9,823002,663743,666018,810938,691406,670764,802415,656775,641584,53.62,,0.0,0.0,1.0,0.0,0.0,,12,5,Slider,0,0,0,0,0,0,0,0,Standard,Standard,263.0,0.041,-0.223,73.2,7.8,1.463344584,,0.223,,0,0,0.465,0.535,29,24,29,24,1,0,6.0,1.0,8.0,1,3.16,-0.42,-0.42,34.9,20.295492059416663,-16.85306284431932,29.391970898633897,44.08305236269154,47.202675568104816,0,0,0,1,0,1,away
ST,2026-04-06,81.5,1.89,5.54,"Crow-Armstrong, Pete",691718,693855,field_out,hit_into_play,,,,,7.0,Pete Crow-Armstrong flies out to left fielder Chandler Simpson.,R,L,L,TB,CHC,X,7.0,fly_ball,2,2,2026,-0.71,0.76,-0.7805877333719604,1.7076241573180069,,,,0,7,Top,94.98,85.89,,,,,-4.5614026053287295,-118.59471647441715,-3.2555686434226274,-5.704570386242776,24.063328921112785,-24.564877921701505,3.202452428,1.616190945,291.0,90.4,44.0,81.6,2228.0,6.5,823002,663743,666018,810938,691406,670764,802415,656775,641584,54.01,0.011,0.014,0.0,1.0,0.0,0.0,3.0,51,5,Sweeper,4,3,3,4,3,4,3,4,Infield shade,Standard,276.0,0.037,-0.232,77.6,7.4,,0.017,0.232,90.4,1,-1,0.699,0.301,27,24,28,24,1,2,5.0,1.0,4.0,1,2.69,-0.71,-0.71,38.2,14.139183275001823,-1.2295778779993072,35.87405078053945,40.66622960271883,39.22756564484202,0,0,0,0,0,1,away
CH,2026-04-06,82.9,-1.03,6.38,"Crow-Armstrong, Pete",691718,641329,strikeout,swinging_strike,,,,,13.0,Pete Crow-Armstrong strikes out swinging.,R,L,R,TB,CHC,S,2.0,,0,2,2026,-1.16,0.75,-0.7329023248347791,1.438710305510582,,,,2,9,Top,,,,,,,3.0069119424236717,-120.50372315855093,-5.994510184507503,-11.908803661042755,25.41781093810813,-23.860628617442195,3.202452428,1.616190945,,,,82.8,1909.0,6.5,823002,663743,666018,810938,691406,670764,802415,656775,641584,54.03,,0.0,0.0,1.0,0.0,0.0,,68,3,Changeup,6,4,4,6,4,6,4,6,Infield shade,Standard,221.0,0.007,-0.154,74.1,8.2,3.52337016,,0.154,,2,-2,0.993,0.007,31,24,32,24,1,3,1.0,1.0,4.0,1,2.6,1.16,-1.16,53.3,31.239611859991413,-19.268474466721543,34.10851503266249,41.31771425018377,50.86833796208088,0,0,0,1,0,1,away
SI,2026-04-07,92.6,-1.95,5.29,"Crow-Armstrong, Pete",691718,672782,single,hit_into_play,,,,,12.0,Pete Crow-Armstrong singles on a bunt ground ball to pitcher Yoendrys Gómez.,R,L,R,TB,CHC,X,1.0,ground_ball,0,0,2026,-1.22,1.31,0.9440265307033772,3.1452171404901748,,,,0,9,Top,119.49,192.24,,,,,10.075737742335452,-134.39738902730133,-2.303899584667536,-17.18207056946531,33.60665975312059,-16.145910849513065,3.202452428,1.616190945,3.0,34.6,-46.0,92.6,2303.0,6.8,822999,663743,666018,680700,691406,670764,802415,656775,668723,53.73,0.356,0.32,0.9,1.0,1.0,0.0,1.0,72,1,Sinker,2,7,7,2,7,2,7,2,Infield shade,Standard,214.0,-0.001,0.142,,,,0.361,-0.142,88.0,-5,5,0.006,0.994,26,24,27,24,2,4,4.0,1.0,7.0,1,1.4,1.22,-1.22,34.3,,,,,,1,0,0,0,0,1,away
FC,2026-04-07,86.2,-1.52,6.04,"Crow-Armstrong, Pete",691718,669438,field_out,hit_into_play,,,,,8.0,Pete Crow-Armstrong flies out to left fielder Chandler Simpson.,R,L,R,TB,CHC,X,7.0,fly_ball,1,0,2026,0.16,0.2,0.0498898734666924,1.6892780487082757,,,608324.0,2,1,Top,80.84,111.88,,,,,3.3363167739322233,-125.38737221494696,-4.185463699412337,0.8809939619135861,28.798235906755657,-29.363354706072773,3.202452428,1.616190945,245.0,78.4,39.0,85.5,2089.0,6.2,822999,663743,666018,680700,691406,670764,802415,656775,641584,54.33,0.043,0.044,0.0,1.0,0.0,0.0,3.0,4,2,Cutter,0,0,0,0,0,0,0,0,Infield shade,Standard,192.0,0.024,-0.309,76.0,6.9,,0.061,0.309,88.0,0,0,0.524,0.476,26,24,27,24,1,0,3.0,1.0,5.0,1,2.9,-0.16,0.16,41.4,1.9511075049688456,5.7318083217032365,40.92329721753492,32.674733076293535,32.98020830911918,0,0,0,0,0,1,away
CH,2026-04-07,83.7,-1.91,5.68,"Crow-Armstrong, Pete",691718,642121,force_out,hit_into_play,,,,,13.0,"Pete Crow-Armstrong grounds into a force out, second baseman Richie Palacios to shortstop Taylor Walls. Alex Bregman out at 2nd. Pete Crow-Armstrong to 1st.",R,L,R,TB,CHC,X,4.0,ground_ball,2,1,2026,-1.22,0.01,-0.4433306643536021,1.1692740248099076,,,608324.0,0,5,Top,149.0,152.0,,,,,5.817217891257831,-121.71559632575332,-3.720364080415699,-13.319884721936972,25.26086577027055,-31.55618339267319,3.202452428,1.616190945,3.0,98.6,-21.0,83.7,1668.0,6.4,822999,663743,666018,680700,691406,670764,802415,656775,641584,54.05,0.186,0.17,0.0,1.0,0.0,0.0,2.0,34,4,Changeup,0,4,4,0,4,0,4,0,Standard,Standard,233.0,0.014,-0.386,76.3,7.2,,0.191,0.386,98.6,-4,4,0.089,0.911,36,24,36,24,1,2,3.0,1.0,4.0,1,3.27,1.22,-1.22,40.3,2.7539675054058144,9.30105360915088,42.24354514692287,39.42737387080682,32.301081436235414,0,0,0,0,0,1,away
CU,2026-04-07,74.8,-1.56,6.07,"Crow-Armstrong, Pete",691718,669438,single,hit_into_play,,,,,1.0,Pete Crow-Armstrong singles on a line drive to right fielder Jake Fraley. Alex Bregman to 3rd.,R,L,R,TB,CHC,X,9.0,line_drive,0,0,2026,0.74,-1.37,-0.435173780365325,3.206614108334521,,608324.0,,0,3,Top,186.37,118.15,,,,,0.9522318182094112,-108.61884795577316,4.090271219922908,5.56991550436927,23.012577058621776,-43.93925113666408,3.202452428,1.616190945,171.0,98.1,12.0,73.7,2589.0,6.1,822999,663743,666018,680700,691406,670764,802415,656775,641584,54.43,0.949,0.92,0.9,1.0,1.0,0.0,4.0,19,1,Curveball,0,2,2,0,2,0,2,0,Standard,Standard,41.0,-0.044,0.489,72.2,7.4,,1.151,-0.489,98.1,-2,2,0.24,0.76,26,24,27,24,2,1,3.0,1.0,5.0,1,5.53,-0.74,0.74,44.0,25.45705300363108,-14.285480423783044,25.84027259827259,41.08499408257386,41.7558947829114,1,0,0,0,0,1,away
FF,2026-04-07,95.7,-1.94,5.44,"Crow-Armstrong, Pete",691718,672782,home_run,hit_into_play,,,,,6.0,Pete Crow-Armstrong homers (1) on a fly ball to right field.,R,L,R,TB,CHC,X,,fly_ball,0,1,2026,-0.57,1.34,0.3950402795220761,2.389310778813708,,,,1,7,Top,242.41,91.05,,,,,7.411972771729458,-138.9856793521413,-5.250544651963673,-9.156639435395109,35.65189184580597,-13.826000921707966,3.202452428,1.616190945,389.0,108.3,27.0,95.5,2527.0,6.6,822999,663743,666018,680700,691406,670764,802415,656775,668723,53.87,0.966,1.962,2.0,1.0,0.0,3.0,6.0,52,2,4-Seam Fastball,0,5,5,0,6,0,6,0,Standard,Standard,210.0,-0.017,1.624,78.6,7.4,,3.84,-1.624,108.3,-5,5,0.035,0.965,26,24,27,24,1,3,4.0,1.0,7.0,1,1.19,0.57,-0.57,32.4,18.981182980313193,-8.040929130366173,35.242384366173354,30.650858332851445,41.491717777875586,1,1,0,0,0,1,away
FF,2026-04-08,97.5,-1.54,5.41,"Crow-Armstrong, Pete",691718,671212,field_out,hit_into_play,,,,,2.0,Pete Crow-Armstrong pops out to catcher Hunter Feduccia in foul territory.,R,L,R,TB,CHC,X,2.0,popup,2,0,2026,-0.73,1.29,0.2596079378371818,2.9903570425397774,,,,2,4,Top,140.66,199.82,,,,,6.541015816709467,-141.72549714072886,-3.7957060534435514,-11.378834262392244,35.89961123245634,-14.222415886195073,3.202452428,1.616190945,22.0,93.8,79.0,97.8,2668.0,6.8,823000,676439,666018,810938,691406,670764,802415,676356,641584,53.72,0.011,0.011,0.0,1.0,0.0,0.0,3.0,27,3,4-Seam Fastball,1,1,1,1,1,1,1,1,Standard,Standard,221.0,0.018,-0.368,78.2,7.1,,0.012,0.368,93.8,0,0,0.542,0.458,26,24,27,24,2,1,5.0,1.0,130.0,2,1.14,0.73,-0.73,28.5,20.52128733344293,-11.24597554228474,27.228738305999524,32.265630573689194,41.5228362249518,0,0,0,0,0,1,away
SI,2026-04-08,92.8,-1.21,5.63,"Crow-Armstrong, Pete",691718,669947,grounded_into_double_play,hit_into_play,,,,,7.0,"Pete Crow-Armstrong grounds into a double play, second baseman Ben Williamson to shortstop Taylor Walls to first baseman Jonathan Aranda. Alex Bregman out at 2nd. Pete Crow-Armstrong out at 1st.",R,L,R,TB,CHC,X,4.0,ground_ball,0,0,2026,-1.34,0.9,-0.2913331644422801,1.628423544140696,,,608324.0,0,8,Top,151.81,155.74,,,,,5.335945555774303,-134.9166416272605,-6.169130191461337,-17.51663830828685,32.54243542109027,-20.0239441491379,3.202452428,1.616190945,96.0,97.8,6.0,93.0,2265.0,6.7,823000,676439,666018,810938,691406,670764,802415,676356,641584,53.82,0.6,0.578,0.0,1.0,0.0,0.0,4.0,58,1,Sinker,1,6,6,1,6,1,6,1,Standard,Standard,204.0,0.006,-0.345,77.0,7.3,,0.714,0.345,97.8,-5,5,0.015,0.985,32,24,32,24,2,3,,1.0,7.0,2,1.78,1.34,-1.34,36.4,9.802137593783373,0.5512622382604228,41.78945089618919,37.933978614700266,34.763320517428426,0,0,0,0,0,1,away
SL,2026-04-08,89.1,-1.24,5.75,"Crow-Armstrong, Pete",691718,669947,field_out,hit_into_play,,,,,6.0,Pete Crow-Armstrong flies out to right fielder Jake Fraley.,R,L,R,TB,CHC,X,9.0,fly_ball,0,0,2026,0.29,0.54,0.6890854381083835,2.1208688558869784,,683737.0,,2,5,Top,195.08,97.45,,,,,4.086180644767559,-129.6916056389584,-3.847262090101728,2.484092791061653,26.425113766137574,-25.533150120417567,3.202452428,1.616190945,303.0,85.4,39.0,89.9,2499.0,6.7,823000,676439,666018,810938,691406,670764,802415,676356,641584,53.79,0.009,0.009,0.0,1.0,0.0,0.0,3.0,40,1,Slider,1,6,6,1,6,1,6,1,Standard,Standard,175.0,0.008,-0.282,77.4,7.1,,0.017,0.282,88.0,-5,5,0.067,0.933,32,24,32,24,1,2,,1.0,7.0,2,2.33,-0.29,0.29,43.6,12.169216503929944,-9.437399693252294,33.78073968531637,26.927640717672674,40.398749810022245,0,0,0,0,0,1,away
FF,2026-04-08,97.4,-1.38,5.5,"Crow-Armstrong, Pete",691718,671212,strikeout,called_strike,,,,,7.0,Pete Crow-Armstrong called out on strikes.,R,L,R,TB,CHC,S,2.0,,0,2,2026,-0.23,1.04,-0.2874243865804449,1.7676328556327767,,,,2,1,Top,,,,,,,3.4436184914804655,-141.65224599520994,-6.708388646890424,-3.885118255903026,33.01230732191732,-16.806102900058583,3.202452428,1.616190945,,,,,2706.0,,823000,676439,666018,810938,691406,670764,802415,676356,641584,54.13,,0.0,0.0,1.0,0.0,0.0,,4,3,4-Seam Fastball,0,1,1,0,1,0,1,0,Infield shade,Standard,218.0,0.006,-0.154,,,,,0.154,,-1,1,0.442,0.558,26,24,27,24,1,0,5.0,1.0,130.0,2,1.37,0.23,-0.23,,,,,,,0,0,0,1,0,1,away
FS,2026-04-10,86.3,-1.28,5.5,"Crow-Armstrong, Pete",691718,669387,field_out,hit_into_play,,,,,8.0,Pete Crow-Armstrong flies out to right fielder Billy Cook. Ian Happ to 3rd.,R,L,R,CHC,PIT,X,9.0,fly_ball,1,2,2026,-0.6,-0.09,0.20404569106518,2.0178896919461833,,664023.0,673548.0,1,4,Bot,201.84,106.86,,,,,4.734768377993339,-125.50344752555245,-1.5872728069580535,-7.287510527629675,27.50930628583935,-33.03923853905399,3.202452428,1.616190945,294.0,82.5,32.0,86.3,1470.0,6.5,824695,663698,656811,693304,694377,804606,668804,665833,695257,53.96,0.029,0.031,0.0,1.0,0.0,0.0,3.0,28,4,Split-Finger,0,0,0,0,0,0,0,0,Infield shade,Standard,253.0,-0.031,-0.165,70.3,7.3,,0.05,0.165,88.0,0,0,0.591,0.591,27,24,27,24,2,1,6.0,2.0,5.0,1,3.18,0.6,-0.6,41.6,11.585513793867316,-6.283033729137578,27.81589026015566,34.145894279503,39.525531567075895,0,0,0,0,0,1,home
FF,2026-04-10,96.4,2.25,5.76,"Crow-Armstrong, Pete",691718,642397,force_out,hit_into_play,,,,,5.0,"Pete Crow-Armstrong grounds into a force out, fielded by shortstop Konnor Griffin. Seiya Suzuki out at 2nd. Pete Crow-Armstrong to 1st.",R,L,L,CHC,PIT,X,6.0,ground_ball,1,2,2026,1.08,1.11,0.0497558722685882,2.533475932246197,,,673548.0,1,8,Bot,119.31,149.55,,,,,-8.299911050883404,-140.02447903442035,-5.321450433225281,16.13323668383836,33.46977061365287,-16.579807481011773,3.202452428,1.616190945,20.0,84.7,-6.0,96.4,2361.0,6.5,824695,663698,656811,693304,694377,804606,668804,665833,695257,53.96,0.164,0.149,0.0,1.0,0.0,0.0,2.0,61,4,4-Seam Fastball,0,2,0,2,2,0,0,2,Standard,Standard,134.0,-0.041,-0.242,70.3,6.3,,0.203,0.242,88.0,-2,-2,0.16,0.16,31,24,31,24,1,3,3.0,2.0,1.0,1,1.37,1.08,1.08,34.1,-0.2320202374513949,15.570631454572297,34.78777262185735,35.488058246973864,22.234838203511067,0,0,0,0,0,1,home
FS,2026-04-10,85.1,-1.21,5.43,"Crow-Armstrong, Pete",691718,669387,grounded_into_double_play,hit_into_play,,,,,8.0,"Pete Crow-Armstrong grounds into a double play, first baseman Ryan O'Hearn to shortstop Konnor Griffin to first baseman Ryan O'Hearn. Seiya Suzuki out at 2nd. Pete Crow-Armstrong out at 1st.",R,L,R,CHC,PIT,X,3.0,ground_ball,0,0,2026,-1.04,0.26,-0.2670234135494402,1.5476100249368892,,,673548.0,1,2,Bot,146.18,178.45,,,,,4.328021274281656,-123.83441289973244,-3.0450667512800607,-11.55828813487191,27.03854348297376,-29.126798111585757,3.202452428,1.616190945,29.0,78.1,-1.0,85.0,1544.0,6.5,824695,663698,656811,693304,694377,804606,668804,665833,695257,54.05,0.164,0.15,0.0,1.0,0.0,0.0,2.0,13,1,Split-Finger,0,0,0,0,0,0,0,0,Standard,Standard,246.0,-0.054,-0.321,78.3,7.8,,0.186,0.321,88.0,0,0,0.554,0.554,27,24,27,24,1,0,6.0,2.0,5.0,1,2.92,1.04,-1.04,33.7,17.947345915604195,-8.60082202180567,36.691100408617686,40.53407378994749,44.5843798022097,0,0,0,0,0,1,home
SL,2026-04-10,90.7,1.39,5.83,"Crow-Armstrong, Pete",691718,682254,strikeout,swinging_strike,,,,,9.0,Pete Crow-Armstrong strikes out swinging.,R,L,L,CHC,PIT,S,2.0,,3,2,2026,0.15,0.32,0.4850486853065359,1.5594828263928222,,608324.0,664023.0,1,6,Bot,,,,,,,-2.594180603601429,-132.0441223178962,-5.313584785779682,2.338401480084682,26.617957545736125,-27.489185871942528,3.202452428,1.616190945,,,,92.1,2629.0,7.0,824695,663698,656811,693304,694377,804606,668804,665833,695257,53.51,,0.0,0.0,1.0,0.0,0.0,,43,6,Slider,0,0,0,0,0,0,0,0,Standard,Standard,214.0,-0.076,-0.318,71.7,8.1,6.87846768,,0.318,,0,0,0.642,0.642,26,24,26,24,1,2,5.0,2.0,1.0,1,2.43,0.15,0.15,62.8,26.881871890519093,-43.826803864740874,23.615499570285156,31.432243977987895,58.5250214167971,0,0,0,1,0,1,home
CU,2026-04-11,85.5,-0.82,6.26,"Crow-Armstrong, Pete",691718,677952,strikeout,swinging_strike,,,,,14.0,Pete Crow-Armstrong strikes out swinging.,R,L,R,CHC,PIT,S,2.0,,1,2,2026,0.71,-1.03,0.6384726690745048,1.324648998730337,,,694208.0,1,2,Bot,,,,,,,1.928419559016435,-124.44996740245556,-2.8923908470993314,6.821320365022551,28.18250498966764,-42.34156977442468,3.202452428,1.616190945,,,,84.8,2914.0,6.1,824697,680779,687462,664040,694377,804606,668804,665833,656811,54.37,,0.0,0.0,1.0,0.0,0.0,,15,6,Curveball,0,1,0,1,1,0,0,1,Standard,Standard,46.0,-0.023,-0.178,75.1,7.6,0.1,,0.178,,-1,-1,0.436,0.436,26,24,27,24,1,0,6.0,1.0,5.0,1,4.18,-0.71,0.71,39.2,11.22901478529344,-7.189168462935102,36.27542146698522,29.816556868277143,33.46959906373287,0,0,0,1,0,1,home
CU,2026-04-11,85.4,-0.66,6.32,"Crow-Armstrong, Pete",691718,677952,strikeout,swinging_strike_blocked,,,,,14.0,Pete Crow-Armstrong strikes out swinging.,R,L,R,CHC,PIT,S,2.0,,1,2,2026,0.6,-1.21,0.6172709423532463,1.0310666902655652,,,694208.0,2,4,Bot,,,,,,,1.7234440377855167,-124.21053671769928,-3.2939495855935172,5.759285249795332,28.562795738310605,-44.0541405282784,3.202452428,1.616190945,,,,84.6,3013.0,6.2,824697,680779,687462,664040,694377,804606,668804,665833,656811,54.34,,0.0,0.0,1.0,0.0,0.0,,36,5,Curveball,0,3,0,3,3,0,0,3,Standard,Standard,42.0,-0.016,-0.195,75.7,8.2,0.719880312,,0.195,,-3,-3,0.18,0.18,26,24,27,24,2,1,6.0,1.0,5.0,1,4.38,-0.6,0.6,40.6,20.89164646273608,-30.84306360564144,29.73328956291852,31.501051179513425,51.07048248891404,0,0,0,1,0,1,home
CH,2026-04-11,86.1,-1.25,5.88,"Crow-Armstrong, Pete",691718,676755,single,hit_into_play,,,,,14.0,Pete Crow-Armstrong singles on a sharp ground ball to right fielder Billy Cook. Alex Bregman to 2nd.,R,L,R,CHC,PIT,X,9.0,ground_ball,0,1,2026,-1.1,0.71,0.2380858411287942,0.9857285537003158,,,608324.0,2,8,Bot,186.51,111.97,,,,,5.8232084258191,-125.14669168783608,-6.609983005412514,-12.775672388606356,25.87952787185859,-23.510907107185776,3.202452428,1.616190945,23.0,105.2,-2.0,86.7,1615.0,6.8,824697,680779,656811,664040,694377,804606,668804,665833,695257,53.72,0.437,0.403,0.9,1.0,1.0,0.0,4.0,69,2,Changeup,2,3,2,3,3,2,2,3,Infield shade,Standard,236.0,0.067,0.383,75.8,7.8,,0.47,-0.383,105.2,-1,-1,0.223,0.223,30,24,31,24,1,3,1.0,1.0,3.0,1,2.37,1.1,-1.1,45.4,14.44645519521648,-8.015038637863947,43.897159130141056,33.48508950437778,41.55602781942784,1,0,0,0,0,1,home
,2026-04-11,,,,"Crow-Armstrong, Pete",691718,670990,intent_walk,automatic_ball,,,,,,Yohan Ramírez intentionally walks Pete Crow-Armstrong.,R,L,R,CHC,PIT,B,,,3,0,2026,,,,,,664023.0,,1,10,Bot,,,,,,,,,,,,,,,,,,,,,824697,680779,656811,664040,693304,804606,663968,665833,694377,,,,0.4,,0.0,0.0,,85,4,,3,3,3,3,3,3,3,3,,,,0.003,,,,,,,,0,0,0.707,0.707,31,24,31,24,1,4,4.0,1.0,3.0,1,,,,,,,,,,0,0,0,0,0,1,home
FF,2026-04-11,99.6,1.33,5.96,"Crow-Armstrong, Pete",691718,682254,strikeout,called_strike,,,,,1.0,Pete Crow-Armstrong called out on strikes.,R,L,L,CHC,PIT,S,2.0,,0,2,2026,0.3,1.6,-0.5677096917415587,2.7698627421188484,,,673548.0,2,6,Bot,,,,,,,-5.915412069337009,-144.67273251169468,-6.958960979578784,5.707444106108484,37.61516581418787,-8.2830355907393,3.202452428,1.616190945,,,,100.0,2382.0,6.9,824697,680779,687462,664040,694377,804606,668804,665833,656811,53.62,,0.0,0.0,1.0,0.0,0.0,,53,3,4-Seam Fastball,1,3,1,3,3,1,1,3,Standard,Standard,159.0,-0.021,-0.175,,,,,0.175,,-2,-2,0.206,0.206,26,24,26,24,1,2,1.0,1.0,3.0,1,0.73,0.3,0.3,56.4,,,,,,0,0,0,1,0,1,home
CH,2026-04-12,90.9,-1.63,5.67,"Crow-Armstrong, Pete",691718,696149,field_out,hit_into_play,,,,,4.0,"Pete Crow-Armstrong grounds out, first baseman Spencer Horwitz to pitcher Bubba Chandler. Carson Kelly to 3rd.",R,L,R,CHC,PIT,X,3.0,ground_ball,0,0,2026,-1.55,0.52,-0.6404676121127073,2.1547683640967046,,608348.0,,1,4,Bot,152.03,162.17,,,,,5.862144485939982,-132.1669709298328,-3.8125551811863048,-19.41053489415657,28.58694289560304,-25.46756243757541,3.202452428,1.616190945,7.0,74.5,-19.0,91.5,1955.0,6.7,824696,663698,687462,664040,694377,804606,668804,665833,656811,53.78,0.064,0.06,0.0,1.0,0.0,0.0,2.0,34,1,Changeup,2,5,2,5,5,2,2,5,Standard,Standard,238.0,-0.034,-0.246,75.5,7.4,,0.072,0.246,88.0,-3,-3,0.234,0.234,23,24,24,24,2,1,6.0,1.0,5.0,1,2.25,1.55,-1.55,43.7,19.85343889406611,-3.929031353137578,28.16491302216425,45.48438232145812,41.518128427837226,0,0,0,0,0,1,home
FF,2026-04-12,100.1,-0.9,5.9,"Crow-Armstrong, Pete",691718,696149,field_out,hit_into_play,,,,,2.0,Pete Crow-Armstrong pops out to second baseman Brandon Lowe.,R,L,R,CHC,PIT,X,4.0,popup,1,2,2026,-0.86,1.6,0.1693410869041297,3.172056470956234,664023.0,,,2,2,Bot,180.42,145.43,,,,,4.987013401478498,-145.56531376438906,-5.764018932246073,-13.380117635949093,38.96501374736353,-8.39745410575071,3.202452428,1.616190945,195.0,100.9,67.0,100.0,2417.0,6.6,824696,663698,687462,664040,694377,804606,668804,665833,656811,53.89,0.017,0.018,0.0,1.0,0.0,0.0,3.0,19,4,4-Seam Fastball,0,5,0,5,5,0,0,5,Standard,Standard,211.0,-0.015,-0.229,77.4,7.3,,0.022,0.229,100.9,-5,-5,0.109,0.109,23,24,24,24,1,0,6.0,1.0,5.0,1,0.71,0.86,-0.86,47.7,23.582302917766476,-16.989217814706922,25.60925890590845,35.85448693722085,42.4981938566395,0,0,0,0,0,1,home
ST,2026-04-12,84.1,-2.81,4.63,"Crow-Armstrong, Pete",691718,664875,strikeout,swinging_strike,,,,,14.0,Pete Crow-Armstrong strikes out swinging.,R,L,R,CHC,PIT,S,2.0,,0,2,2026,1.33,0.24,1.2052002382461562,1.11159758166824,,,673548.0,1,8,Bot,,,,,,,6.4926151793983395,-122.36390069003286,-2.0128125047426155,11.997599741477512,25.523101503956255,-29.54184036968626,3.202452428,1.616190945,,,,83.8,3054.0,6.2,824696,663698,656811,664040,694377,804606,668804,665833,695257,54.27,,0.0,0.0,1.0,0.0,0.0,,68,4,Sweeper,4,6,4,6,6,4,4,6,Infield shade,Standard,69.0,-0.035,-0.159,68.4,8.4,0.370250388,,0.159,,-2,-2,0.154,0.154,31,24,32,24,1,3,1.0,1.0,4.0,1,3.0,-1.33,1.33,6.0,27.94980244769743,-40.59635762786963,38.63960522332133,25.45989633337008,53.76359807340968,0,0,0,1,0,1,home
ST,2026-04-12,84.5,3.48,5.04,"Crow-Armstrong, Pete",691718,682995,strikeout,swinging_strike,,,,,2.0,Pete Crow-Armstrong strikes out swinging.,R,L,L,CHC,PIT,S,2.0,,0,2,2026,-1.05,-0.09,0.1641808120370211,2.857978748021797,,,,2,6,Bot,,,,,,,-5.473164401116446,-123.03446397511004,1.580342341764152,-9.716093729460123,23.12348856745253,-33.60167691433053,3.202452428,1.616190945,,,,84.4,2370.0,6.1,824696,663698,687462,664040,694377,804606,668804,665833,656811,54.44,,0.0,0.0,1.0,0.0,0.0,,51,4,Sweeper,3,6,3,6,6,3,3,6,Standard,Standard,301.0,-0.006,-0.154,70.1,5.4,1.035673788,,0.154,,-3,-3,0.113,0.113,25,24,26,24,1,2,8.0,1.0,16.0,1,3.26,-1.05,-1.05,18.6,-2.267844709457427,19.885050116449655,28.831328939776338,36.40964293313882,26.331876716666976,0,0,0,1,0,1,home
SI,2026-04-13,95.6,1.74,6.07,"Crow-Armstrong, Pete",691718,650911,field_out,hit_into_play,,,,,5.0,"Pete Crow-Armstrong grounds out, shortstop Trea Turner to first baseman Bryce Harper.",R,L,L,PHI,CHC,X,6.0,ground_ball,0,0,2026,1.5,0.1,-0.0141824363266249,2.415064349312847,,,665804.0,2,6,Top,139.61,142.39,,,,,-8.05701419741284,-138.91649877949646,-3.994424656154852,21.274607308309385,31.707472338889513,-30.20399756338922,3.202452428,1.616190945,10.0,88.8,-13.0,96.1,2089.0,6.7,823481,592663,547180,681082,664761,607208,669016,702222,666969,53.78,0.175,0.162,0.0,1.0,0.0,0.0,2.0,54,1,Sinker,9,2,2,9,2,9,2,9,Standard,Standard,120.0,0.003,-0.274,72.3,6.5,,0.204,0.274,88.8,7,-7,0.99,0.01,29,24,30,24,3,2,6.0,1.0,5.0,1,2.41,1.5,1.5,32.0,5.667249874975361,13.160743824914167,36.38678527567564,36.62136890041208,26.247955480802375,0,0,0,0,0,1,away
CH,2026-04-13,87.3,1.83,6.02,"Crow-Armstrong, Pete",691718,650911,strikeout,swinging_strike,,,,,6.0,Pete Crow-Armstrong strikes out swinging.,R,L,L,PHI,CHC,S,2.0,,0,2,2026,1.04,-0.22,0.3690252341874491,2.2675712506942327,,,,1,4,Top,,,,,,,-5.724450623806377,-127.07435203350784,-2.2297247668029168,12.376432591656684,24.9478469260102,-34.35486860912414,3.202452428,1.616190945,,,,88.6,1976.0,7.0,823481,592663,547180,681082,664761,607208,669016,702222,666969,53.5,,0.0,0.0,1.0,0.0,0.0,,33,3,Changeup,4,2,2,4,2,4,2,4,Standard,Standard,103.0,0.011,-0.163,76.9,8.3,10.287880356,,0.163,,2,-2,0.763,0.237,29,24,30,24,2,1,6.0,1.0,5.0,1,3.2,1.04,1.04,27.2,29.92037783651287,-57.97768345022922,29.07197089339471,30.552323942659857,62.5965193810958,0,0,0,1,0,1,away
SL,2026-04-13,89.6,-1.15,5.62,"Crow-Armstrong, Pete",691718,686751,single,hit_into_play,,,,,14.0,Pete Crow-Armstrong singles on a sharp line drive to right fielder Brandon Marsh. Moisés Ballesteros scores. Dansby Swanson scores. Miguel Amaya to 3rd. Pete Crow-Armstrong to 2nd. Throwing error by right fielder Brandon Marsh.,R,L,R,PHI,CHC,X,9.0,line_drive,2,2,2026,0.45,0.34,0.3031006827558297,0.8525341630647083,694208.0,621020.0,665804.0,0,8,Top,200.83,97.32,,,,,2.5751286573989427,-130.39628069141023,-6.270617174941812,4.599151675318434,28.28993189135202,-27.11937627418256,3.202452428,1.616190945,259.0,106.4,14.0,89.9,2496.0,6.5,823481,592663,664238,681082,664761,624641,805249,702222,669016,53.98,0.709,0.74,0.9,1.0,1.0,0.0,5.0,77,5,Slider,13,3,3,13,5,13,5,13,Standard,Standard,163.0,-0.006,0.486,79.1,8.2,,1.043,-0.486,106.4,10,-10,0.996,0.004,27,24,28,24,1,3,,1.0,6.0,1,2.5,-0.45,0.45,47.0,21.06572277249944,-11.165064459376628,44.88374706594129,34.560075227360294,39.42613950120947,1,0,0,0,0,1,away
ST,2026-04-13,87.5,-2.14,5.9,"Crow-Armstrong, Pete",691718,689147,field_out,hit_into_play,,,,,5.0,Pete Crow-Armstrong flies out to center fielder Justin Crawford.,R,L,R,PHI,CHC,X,8.0,fly_ball,0,0,2026,1.61,0.04,0.242619087622957,2.576241126462672,,694208.0,,2,9,Top,136.32,54.92,,,,,2.2834424721572097,-127.37124536235244,-1.7144356532198377,16.982674998408775,27.092699616408566,-31.620704532973384,3.202452428,1.616190945,357.0,90.1,35.0,86.9,2912.0,5.9,823481,592663,664238,681082,664761,624641,805249,702222,669016,54.56,0.017,0.017,0.0,1.0,0.0,0.0,3.0,89,1,Sweeper,13,7,7,13,7,13,7,13,Strategic,Standard,50.0,0.001,-0.282,74.4,7.3,,0.03,0.282,90.1,6,-6,0.999,0.001,25,24,25,24,1,4,2.0,1.0,4.0,1,2.95,-1.61,1.61,30.2,16.91572511641259,-2.5679180695754393,36.719354677221304,36.17758250867821,32.36432526317098,0,0,0,0,0,1,away
SI,2026-04-13,96.3,1.93,6.07,"Crow-Armstrong, Pete",691718,650911,strikeout,swinging_strike,,,,,9.0,Pete Crow-Armstrong strikes out swinging.,R,L,L,PHI,CHC,S,2.0,,0,2,2026,1.58,0.04,0.7635028251405034,1.7672734109701649,664023.0,608348.0,665804.0,1,2,Top,,,,,,,-6.7779162172982055,-139.90659362327537,-5.661971478479981,22.3114589813104,34.373848840457924,-30.483322694449605,3.202452428,1.616190945,,,,96.6,2053.0,6.8,823481,592663,547180,681082,664761,607208,669016,702222,666969,53.73,,0.0,0.0,1.0,0.0,0.0,,12,3,Sinker,1,0,0,1,0,1,0,1,Standard,Standard,117.0,0.05,-0.199,75.9,7.0,0.77131482,,0.199,,1,-1,0.525,0.475,29,24,30,24,1,0,6.0,1.0,5.0,1,2.45,1.58,1.58,30.8,9.655653439412154,-2.6328379898833147,40.74050375786308,27.163922051033527,27.14152612862862,0,0,0,1,0,1,away
CH,2026-04-14,86.4,-1.94,4.9,"Crow-Armstrong, Pete",691718,605400,field_out,hit_into_play,,,,,13.0,Pete Crow-Armstrong flies out to left fielder Brandon Marsh.,R,L,R,PHI,CHC,X,7.0,fly_ball,1,1,2026,-1.01,0.2,-1.1061548832439112,2.071377572585598,,,,2,4,Top,96.48,79.88,,,,,4.11368972616058,-125.85591407746664,-0.748371104571952,-11.542754601794506,25.771547927428035,-30.095829732779567,3.202452428,1.616190945,304.0,82.7,34.0,87.9,1455.0,7.2,823478,592663,547180,681082,624641,607208,669016,702222,666969,53.32,0.029,0.036,0.0,1.0,0.0,0.0,3.0,29,3,Changeup,3,2,2,3,2,3,2,3,Standard,Standard,250.0,0.012,-0.245,66.5,7.2,,0.057,0.245,88.0,1,-1,0.673,0.327,33,24,33,24,2,1,6.0,1.0,6.0,1,2.85,1.01,-1.01,17.9,8.884286324026496,3.3986786781710836,35.337650528356406,49.86116950044912,35.9277282881494,0,0,0,0,0,1,away
FF,2026-04-14,93.5,-1.82,5.01,"Crow-Armstrong, Pete",691718,605400,double,hit_into_play,,,,,2.0,Pete Crow-Armstrong doubles (2) on a line drive to right fielder Adolis García.,R,L,R,PHI,CHC,X,9.0,line_drive,0,1,2026,-0.92,1.2,0.1167957208071743,3.1717065285104917,,,,0,3,Top,217.1,105.37,,,,,7.076925347575285,-136.00444655824322,-1.536228729030124,-13.016565209502357,29.788322525860767,-17.16374259747161,3.202452428,1.616190945,210.0,107.4,12.0,94.7,2232.0,7.0,823478,592663,547180,681082,624641,607208,669016,702222,666969,53.52,0.929,0.94,1.25,1.0,1.0,1.0,5.0,17,2,4-Seam Fastball,3,0,0,3,0,3,0,3,Standard,Standard,225.0,-0.059,0.747,72.8,6.9,,1.258,-0.747,107.4,3,-3,0.797,0.203,33,24,33,24,1,0,6.0,1.0,6.0,1,1.41,0.92,-0.92,18.7,22.350137892609645,-7.506924665170428,25.397829157279265,34.00920261304721,40.41544875379625,1,0,0,0,0,1,away
ST,2026-04-14,82.9,2.63,6.32,"Crow-Armstrong, Pete",691718,621383,single,hit_into_play,,,,,13.0,Pete Crow-Armstrong singles on a line drive to center fielder Justin Crawford.,R,L,L,PHI,CHC,X,8.0,line_drive,1,2,2026,-1.46,0.08,-1.1574935085155578,1.6712732863411777,,,,0,9,Top,133.84,92.71,,,,,-5.567242672865906,-120.48804399010228,-3.903826868858617,-12.79445373506034,27.067010835057776,-30.719734922053338,3.202452428,1.616190945,193.0,82.4,12.0,81.5,2344.0,5.8,823478,592663,547180,681082,624641,607208,805249,702222,666969,54.73,0.551,0.518,0.9,1.0,1.0,0.0,4.0,76,4,Sweeper,4,10,10,4,10,4,10,4,Infield shade,Standard,277.0,-0.001,0.518,69.5,7.3,,0.609,-0.518,88.0,-6,6,0.003,0.997,34,24,35,24,1,4,4.0,1.0,3.0,1,3.28,-1.46,-1.46,45.0,10.10774653883784,-0.2250071991752741,33.33133663962352,48.01683924170606,35.80240344073862,1,0,0,0,0,1,away
FF,2026-04-14,96.1,-2.57,5.6,"Crow-Armstrong, Pete",691718,663767,strikeout,called_strike,,,,,12.0,Pete Crow-Armstrong called out on strikes.,R,L,R,PHI,CHC,S,2.0,,2,2,2026,-0.56,1.22,0.4918093660092042,3.382736721771005,,,608348.0,1,7,Top,,,,,,,9.325516981148024,-139.62068682420676,-2.9187659894764875,-9.459254617327677,30.815350563411094,-15.7612367591062,3.202452428,1.616190945,,,,96.5,2040.0,6.5,823478,592663,547180,681082,624641,607208,669016,702222,666969,53.97,,0.0,0.0,1.0,0.0,0.0,,57,7,4-Seam Fastball,3,7,7,3,7,3,7,3,Standard,Standard,218.0,0.006,-0.232,,,,,0.232,,-4,4,0.06,0.94,29,24,30,24,1,3,,1.0,3.0,1,1.25,0.56,-0.56,41.9,,,,,,0,0,0,1,0,1,away
SI,2026-04-14,94.2,1.5,6.3,"Crow-Armstrong, Pete",691718,641835,hit_by_pitch,hit_by_pitch,,,,,12.0,Pete Crow-Armstrong hit by pitch. Carson Kelly to 2nd.,R,L,L,PHI,CHC,B,,,1,1,2026,1.26,0.69,1.4550810572748007,3.4351460464713135,,,608348.0,1,6,Top,,,,,,,-3.0145415187682763,-137.2511079814911,-3.148576445446481,16.54482199111268,30.443960532546804,-23.00157161535262,3.202452428,1.616190945,,,,95.7,1972.0,7.1,823478,592663,547180,681082,624641,607208,669016,702222,666969,53.41,,0.729295,0.7,1.0,0.0,0.0,,45,3,Sinker,3,3,3,3,3,3,3,3,Standard,Standard,143.0,-0.056,0.33,,,,,-0.33,,0,0,0.499,0.501,34,24,34,24,1,2,2.0,1.0,3.0,1,1.88,1.26,1.26,41.7,,,,,,0,0,0,0,0,0,away
SI,2026-04-15,96.2,2.6,5.76,"Crow-Armstrong, Pete",691718,666200,single,hit_into_play,,,,,8.0,Pete Crow-Armstrong singles on a ground ball to right fielder Adolis García. Dansby Swanson to 3rd. Miguel Amaya to 2nd.,R,L,L,PHI,CHC,X,9.0,ground_ball,0,0,2026,1.52,0.42,-0.0724105646195556,1.7840248653173536,,621020.0,665804.0,1,6,Top,171.6,138.33,,,,,-10.389334449868802,-139.63605779167634,-5.588871926681398,22.31621199304454,32.93664784838485,-25.577074510707803,3.202452428,1.616190945,4.0,102.0,-26.0,94.9,2212.0,5.8,823477,592663,547180,624641,664761,607208,805249,669016,666969,54.71,0.168,0.151,0.9,1.0,1.0,0.0,2.0,44,1,Sinker,1,5,5,1,5,1,5,1,Standard,Standard,122.0,-0.017,0.473,72.2,7.2,,0.185,-0.473,102.0,-4,4,0.071,0.929,28,24,29,24,3,2,5.0,1.0,6.0,2,2.07,1.52,1.52,35.8,6.892893816955676,9.182162143886265,35.795608892194856,35.96418872299047,28.752517020040443,1,0,0,0,0,1,away
ST,2026-04-15,87.6,2.38,5.67,"Crow-Armstrong, Pete",691718,666200,single,hit_into_play,,,,,7.0,Pete Crow-Armstrong singles on a line drive to right fielder Adolis García.,R,L,L,PHI,CHC,X,9.0,line_drive,1,2,2026,-0.74,0.1,-0.6274776156766138,1.5907972309093994,,,,0,5,Top,160.87,98.21,,,,,-5.538295166256569,-127.4456819510533,-3.5895568216534777,-6.747748498436461,29.012764360559824,-30.50334198403104,3.202452428,1.616190945,197.0,81.7,14.0,86.3,2289.0,5.7,823477,592663,547180,624641,664761,607208,805249,669016,666969,54.81,0.869,0.831,0.9,1.0,1.0,0.0,4.0,32,4,Sweeper,1,3,3,1,3,1,3,1,Standard,Standard,329.0,-0.032,0.518,69.5,7.3,,1.013,-0.518,88.0,-2,2,0.254,0.746,28,24,29,24,2,1,5.0,1.0,6.0,2,2.9,-0.74,-0.74,28.1,11.541754703292456,-6.688641997132873,31.70612576038674,41.672825996784105,40.013152434296146,1,0,0,0,0,1,away
SI,2026-04-15,90.6,2.89,4.29,"Crow-Armstrong, Pete",691718,679775,field_out,hit_into_play,,,,,5.0,"Pete Crow-Armstrong grounds out, second baseman Edmundo Sosa to first baseman Bryce Harper.",R,L,L,PHI,CHC,X,4.0,ground_ball,0,1,2026,1.52,-0.1,0.2523935765040423,2.1359944372126582,,,,2,7,Top,150.81,155.07,,,,,-9.977589194934463,-131.54877463307523,1.0004358055476104,19.798325439168227,28.29574427680013,-33.750567968746026,3.202452428,1.616190945,7.0,94.3,-18.0,92.0,2308.0,7.3,823477,592663,547180,624641,664761,607208,805249,669016,666969,53.23,0.211,0.192,0.0,1.0,0.0,0.0,2.0,57,2,Sinker,1,10,10,1,10,1,10,1,Standard,Standard,96.0,0.0,-0.216,74.0,6.4,,0.225,0.216,94.3,-9,9,0.003,0.997,28,24,28,24,1,3,10.0,1.0,4.0,2,2.89,1.52,1.52,4.8,3.563007996222137,8.761749780930849,34.22513533779193,33.2149990274555,31.87701869311363,0,0,0,0,0,1,away
ST,2026-04-15,88.9,2.26,5.75,"Crow-Armstrong, Pete",691718,666200,strikeout,swinging_strike,,,,,13.0,Pete Crow-Armstrong strikes out swinging.,R,L,L,PHI,CHC,S,2.0,,2,2,2026,-0.68,0.02,-1.1817552872174204,1.3579469146683758,,,,0,3,Top,,,,,,,-6.794590642393127,-129.31692420013923,-4.443641915259162,-6.144760673154259,27.63088373698863,-31.237433454485323,3.202452428,1.616190945,,,,87.8,2464.0,5.7,823477,592663,547180,624641,664761,607208,805249,669016,666969,54.8,,0.0,0.0,1.0,0.0,0.0,,16,5,Sweeper,1,0,0,1,0,1,0,1,Standard,Standard,326.0,0.022,-0.232,67.8,8.8,10.032451668,,0.232,,1,-1,0.616,0.384,28,24,29,24,1,0,5.0,1.0,6.0,2,2.88,-0.68,-0.68,32.0,33.270987369557105,-37.89309251697869,35.64813511046195,46.28180416953592,56.07670445284567,0,0,0,1,0,1,away
FO,2026-04-17,80.7,-2.01,6.02,"Crow-Armstrong, Pete",691718,673540,field_out,hit_into_play,,,,,5.0,Pete Crow-Armstrong flies out to center fielder Luis Robert Jr.,R,L,R,CHC,NYM,X,8.0,fly_ball,1,0,2026,-0.61,0.52,0.0869882468968084,2.661172926010414,,,,0,4,Bot,144.43,68.29,,,,,5.7762419808203385,-117.51725823789428,-1.630146040088896,-6.738051851048099,21.647516794100508,-27.282386551510264,3.202452428,1.616190945,327.0,97.9,45.0,80.6,1228.0,6.1,824693,682626,683146,543760,666182,596019,621438,673357,701807,54.36,0.02,0.026,0.0,1.0,0.0,0.0,3.0,33,2,Forkball,6,3,6,3,3,6,6,3,Standard,Standard,253.0,-0.012,-0.303,77.8,7.1,,0.049,0.303,97.9,3,3,0.862,0.862,33,24,33,24,2,1,6.0,2.0,9.0,1,2.97,0.61,-0.61,44.8,18.96423364935932,-0.7042676748850173,30.587460009873716,38.45359723666236,39.91557299249453,0,0,0,0,0,1,home
FF,2026-04-17,89.5,3.74,4.94,"Crow-Armstrong, Pete",691718,640455,walk,ball,,,,,11.0,Pete Crow-Armstrong walks. Carson Kelly to 2nd.,R,L,L,CHC,NYM,B,,,3,2,2026,0.92,1.04,-0.7605940985059907,3.602323684020601,807713.0,,608348.0,1,7,Bot,,,,,,,-13.00861707752842,-129.76269427673253,0.6370156774067418,12.95758919004766,25.31733322076486,-20.708826977429364,3.202452428,1.616190945,,,,90.3,2085.0,6.8,824693,682626,668901,543760,666182,596019,621438,673357,701807,53.68,,0.698334,0.7,1.0,0.0,0.0,,64,6,4-Seam Fastball,8,3,8,3,3,8,8,3,Strategic,Standard,122.0,0.001,0.241,,,,,-0.241,,5,5,0.99,0.99,34,24,34,24,2,3,5.0,2.0,7.0,1,1.81,0.92,0.92,15.9,,,,,,0,0,1,0,0,0,home
FO,2026-04-17,81.0,-1.81,6.05,"Crow-Armstrong, Pete",691718,673540,field_out,hit_into_play,,,,,7.0,"Pete Crow-Armstrong grounds out, first baseman Brett Baty to pitcher Kodai Senga.",R,L,R,CHC,NYM,X,3.0,ground_ball,0,0,2026,-0.75,0.11,-0.6112521611537086,1.9203070875059136,,,,0,2,Bot,148.31,168.76,,,,,4.081080804032474,-117.83239936061575,-2.499251845180395,-7.806871302617885,24.534549269633533,-30.833588331212223,3.202452428,1.616190945,43.0,94.1,0.0,80.4,1151.0,6.1,824693,682626,683146,543760,666182,596019,621438,673357,701807,54.38,0.401,0.361,0.0,1.0,0.0,0.0,2.0,18,1,Forkball,4,3,4,3,3,4,4,3,Standard,Standard,256.0,-0.02,-0.259,71.8,7.5,,0.443,0.259,94.1,1,1,0.656,0.656,33,24,33,24,1,0,6.0,2.0,9.0,1,3.39,0.75,-0.75,48.5,18.8464603376444,-2.894388421184567,29.804095602247152,44.310067218146855,43.693452805511434,0,0,0,0,0,1,home
ST,2026-04-17,73.4,4.02,4.96,"Crow-Armstrong, Pete",691718,640455,strikeout,foul_tip,,,,,7.0,Pete Crow-Armstrong strikes out on a foul tip.,R,L,L,CHC,NYM,S,2.0,,2,2,2026,-0.66,-0.29,-0.7540599959168166,1.6079700130298304,,,,2,5,Bot,,,,,,,-8.426223121325075,-106.570702721224,1.4011270709997972,-3.3714129901600596,20.059741785264,-34.909964246872,3.202452428,1.616190945,,,,73.5,2113.0,6.7,824693,682626,683146,543760,666182,596019,621438,673357,701807,53.77,,0.0,0.0,1.0,0.0,0.0,,46,5,Sweeper,7,3,7,3,3,7,7,3,Standard,Standard,294.0,-0.003,-0.221,65.8,8.3,,,0.221,,4,4,0.921,0.921,34,24,34,24,1,2,5.0,2.0,7.0,1,4.57,-0.66,-0.66,15.7,24.61886236120879,-31.79855510650088,29.201125133989123,44.19843375626786,58.13506176452511,0,0,0,1,0,1,home
CH,2026-04-18,86.0,-3.44,4.91,"Crow-Armstrong, Pete",691718,642547,field_out,hit_into_play,,,,,5.0,Pete Crow-Armstrong flies out to shortstop Francisco Lindor.,R,L,R,CHC,NYM,X,6.0,fly_ball,1,0,2026,-1.32,0.2,0.1764305421889687,2.303133333881294,,,,0,5,Bot,110.12,123.93,,,,,11.16580232645354,-124.65835792011096,-0.039013410754537,-16.07058163964501,26.867533886958615,-30.35509086588286,3.202452428,1.616190945,195.0,79.1,59.0,85.7,1693.0,6.5,824694,682626,668901,543760,666182,596019,701807,673357,683146,54.05,0.034,0.036,0.0,1.0,0.0,0.0,3.0,37,2,Changeup,1,1,1,1,1,1,1,1,Standard,Standard,256.0,-0.035,-0.303,75.8,7.3,,0.046,0.303,88.0,0,0,0.572,0.572,30,24,30,24,2,1,6.0,1.0,6.0,1,2.93,1.32,-1.32,22.6,13.867979982363671,-3.085654511312985,36.9238669129693,36.245345767286366,34.669038296928065,0,0,0,0,0,1,home
FF,2026-04-18,95.6,-3.27,5.21,"Crow-Armstrong, Pete",691718,642547,field_out,hit_into_play,,,,,4.0,Pete Crow-Armstrong flies out sharply to left fielder Carson Benge.,R,L,R,CHC,NYM,X,7.0,fly_ball,3,2,2026,-0.89,1.29,-0.4637066228171916,2.318490994165028,,673548.0,665804.0,1,2,Bot,69.88,97.23,,,,,9.389782347929906,-138.88004738766878,-4.743505488247241,-13.674448230969992,31.971479210885953,-14.641141659234703,3.202452428,1.616190945,288.0,100.1,49.0,96.0,2440.0,6.7,824694,682626,668901,543760,666182,596019,701807,673357,683146,53.81,0.014,0.019,0.0,1.0,0.0,0.0,3.0,19,8,4-Seam Fastball,1,1,1,1,1,1,1,1,Infield shade,Standard,212.0,-0.056,-0.315,72.8,7.3,,0.032,0.315,100.1,0,0,0.602,0.602,30,24,30,24,1,0,6.0,1.0,6.0,1,1.22,0.89,-0.89,34.5,9.568410769823478,3.6441870273578063,33.334570584065325,44.23665636998387,30.678650331726335,0,0,0,0,0,1,home
SI,2026-04-18,90.1,2.95,5.79,"Crow-Armstrong, Pete",691718,548384,field_out,hit_into_play,,,,,5.0,Pete Crow-Armstrong lines out to left fielder Carson Benge.,R,L,L,CHC,NYM,X,7.0,line_drive,1,1,2026,1.08,0.17,-0.2370585431970244,2.351498558068594,,,,0,7,Bot,62.6,84.28,,,,,-10.046668325260155,-130.77896702409865,-2.6433411881654205,14.660390017112109,30.19084116903588,-29.79158804366074,3.202452428,1.616190945,325.0,99.9,22.0,88.8,2255.0,5.8,824694,682626,668901,543760,666182,596019,701807,673357,683146,54.67,0.411,0.555,0.0,1.0,0.0,0.0,5.0,54,3,Sinker,4,1,4,1,1,4,4,1,Standard,Standard,130.0,-0.005,-0.247,68.8,6.6,,0.929,0.247,99.9,3,3,0.941,0.941,38,24,38,24,1,2,4.0,1.0,1.0,1,2.67,1.08,1.08,31.5,1.1537580902840656,8.620119738657504,37.92861627065958,41.6924159059524,26.2212698363286,0,0,0,0,0,1,home
CH,2026-04-19,87.1,-2.4,5.17,"Crow-Armstrong, Pete",691718,642207,strikeout,swinging_strike_blocked,,,,,13.0,"Pete Crow-Armstrong strikes out swinging, catcher Luis Torrens to first baseman Mark Vientos.",R,L,R,CHC,NYM,S,2.0,,3,2,2026,-1.96,0.17,-0.6166085724349695,0.6379579783561833,,624424.0,,2,9,Bot,,,,,,,8.451724889982554,-126.400753399791,-4.769723234506976,-22.74852143346233,28.867886262691595,-29.454304927745746,3.202452428,1.616190945,,,,87.9,2594.0,7.2,824691,620443,668901,543760,666182,596019,502054,673357,621438,53.27,,0.0,0.0,1.0,0.0,0.0,,68,8,Changeup,1,1,1,1,1,1,1,1,Infield shade,Standard,271.0,-0.111,-0.274,72.0,8.4,0.628517172,,0.274,,0,0,0.611,0.611,31,24,32,24,1,3,4.0,1.0,2.0,1,2.88,1.96,-1.96,16.2,25.70004088568345,-14.28032142685969,40.74382359304215,45.61455181735259,45.27251127912261,0,0,0,1,0,1,home
SI,2026-04-19,93.9,2.11,6.29,"Crow-Armstrong, Pete",691718,656849,hit_by_pitch,hit_by_pitch,,,,,12.0,Pete Crow-Armstrong hit by pitch.,R,L,L,CHC,NYM,B,,,0,0,2026,1.2,0.82,2.622580858914469,4.090358712509454,,,,2,5,Bot,,,,,,,-1.4295362918932288,-136.71160326685356,-1.5899095480900725,15.280203721856594,34.28479320591021,-21.871667709252037,3.202452428,1.616190945,,,,94.7,2226.0,7.1,824691,620443,668901,543760,666182,596019,701807,673357,683146,53.45,,0.729295,0.7,1.0,0.0,0.0,,34,1,Sinker,0,1,0,1,1,0,0,1,Standard,Standard,150.0,0.018,0.336,,,,,-0.336,,-1,-1,0.357,0.357,30,24,31,24,2,1,6.0,1.0,4.0,1,1.79,1.2,1.2,42.1,,,,,,0,0,0,0,0,0,home
ST,2026-04-19,79.6,3.39,5.43,"Crow-Armstrong, Pete",691718,548384,field_out,hit_into_play,,,,,14.0,Pete Crow-Armstrong flies out to right fielder Brett Baty.,R,L,L,CHC,NYM,X,9.0,fly_ball,2,1,2026,-1.26,0.15,0.3863950934532105,1.446278563527613,,807713.0,,1,7,Bot,180.27,103.44,,,,,-4.058236171448495,-115.74821908087088,-1.9106376517491144,-10.326551307638436,25.157555604447452,-30.657372661857348,3.202452428,1.616190945,272.0,80.3,40.0,78.3,2875.0,5.8,824691,620443,668901,543760,666182,596019,701807,673357,683146,54.74,0.023,0.021,0.0,1.0,0.0,0.0,3.0,51,4,Sweeper,0,1,0,1,1,0,0,1,Infield shade,Standard,283.0,-0.082,-0.294,77.3,8.1,,0.034,0.294,88.0,-1,-1,0.413,0.413,38,24,38,24,1,2,1.0,1.0,3.0,1,3.5,-1.26,-1.26,25.5,28.32208075163109,-28.01520062091039,38.59783882122679,32.53310290246163,51.96412233056672,0,0,0,0,0,1,home
SI,2026-04-19,92.4,1.95,6.21,"Crow-Armstrong, Pete",691718,656849,triple,hit_into_play,,,,,6.0,Pete Crow-Armstrong triples (1) on a sharp line drive to right fielder Brett Baty.,R,L,L,CHC,NYM,X,9.0,line_drive,1,2,2026,1.25,0.73,0.3165073568753134,2.6612968897954343,,,,0,3,Bot,157.23,66.94,,,,,-6.9975682803754875,-134.2579026310959,-4.561522232081681,16.76000406421248,34.49733415358856,-22.506171583844736,3.202452428,1.616190945,294.0,109.5,15.0,92.8,2292.0,7.0,824691,620443,668901,543760,666182,596019,701807,673357,683146,53.47,0.671,0.737,1.6,1.0,1.0,2.0,6.0,18,4,Sinker,0,0,0,0,0,0,0,0,Strategic,Standard,153.0,0.104,1.055,76.2,6.5,,1.095,-1.055,109.5,0,0,0.547,0.547,30,24,31,24,1,0,6.0,1.0,4.0,1,1.99,1.25,1.25,38.8,8.511224815725729,-2.1867016408806426,30.757209981097553,34.91827015067376,30.678322244863057,1,0,0,0,0,1,home
FF,2026-04-20,93.1,-1.82,5.08,"Crow-Armstrong, Pete",691718,605400,walk,ball,,,,,11.0,Pete Crow-Armstrong walks.,R,L,R,CHC,PHI,B,,,3,1,2026,-0.75,1.48,-1.014047567055707,3.1670121466056935,694208.0,,,2,2,Bot,,,,,,,3.7729241155651048,-135.48026836293482,-2.279793124411885,-10.041569372616776,32.08538571370143,-13.686700779121352,3.202452428,1.616190945,,,,94.0,2426.0,7.0,824692,665561,547180,681082,664761,607208,669016,702222,666969,53.49,,0.698334,0.7,1.0,0.0,0.0,,17,5,4-Seam Fastball,1,0,1,0,0,1,1,0,Standard,Standard,225.0,0.006,0.046,,,,,-0.046,,1,1,0.65,0.65,33,24,33,24,1,0,6.0,1.0,6.0,1,1.16,0.75,-0.75,20.6,,,,,,0,0,1,0,0,0,home
FF,2026-04-20,90.1,-1.79,5.08,"Crow-Armstrong, Pete",691718,605400,field_out,hit_into_play,,,,,5.0,Pete Crow-Armstrong flies out sharply to left fielder Brandon Marsh.,R,L,R,CHC,PHI,X,7.0,fly_ball,1,0,2026,-1.01,1.32,-0.0026337693824631,2.2074470458211204,,,,0,4,Bot,101.86,114.82,,,,,6.613685144030232,-130.95650104079803,-3.775926800805967,-13.034345295011002,31.379851160674427,-16.401152005793787,3.202452428,1.616190945,220.0,100.0,59.0,90.3,2493.0,6.8,824692,665561,547180,681082,664761,607208,669016,702222,666969,53.69,0.02,0.023,0.0,1.0,0.0,0.0,3.0,35,2,4-Seam Fastball,5,1,5,1,1,5,5,1,Standard,Standard,230.0,-0.008,-0.303,,,,0.032,0.303,100.0,4,4,0.913,0.913,33,24,33,24,2,1,6.0,1.0,6.0,1,1.52,1.01,-1.01,18.5,,,,,,0,0,0,0,0,1,home
FF,2026-04-20,99.6,-0.99,5.61,"Crow-Armstrong, Pete",691718,686751,field_out,hit_into_play,,,,,14.0,Pete Crow-Armstrong pops out to catcher Rafael Marchán in foul territory.,R,L,R,CHC,PHI,X,2.0,popup,2,2,2026,-0.61,1.56,1.016179049075987,2.3827278267552527,,673548.0,807713.0,1,8,Bot,142.38,199.23,,,,,6.912809677503445,-144.6573671585148,-6.944088065625511,-10.256170114017028,35.92537652631833,-8.852869547424923,3.202452428,1.616190945,40.0,65.3,77.0,99.6,2545.0,6.6,824692,665561,547180,681082,664761,607208,669016,702222,666969,53.94,0.009,0.008,0.0,1.0,0.0,0.0,3.0,69,8,4-Seam Fastball,5,1,5,1,1,5,5,1,Standard,Standard,210.0,-0.002,-0.22,77.6,7.3,,0.009,0.22,88.0,4,4,0.99,0.99,27,24,28,24,1,3,1.0,1.0,59.0,1,0.76,0.61,-0.61,42.0,13.487080637110196,-18.37239054228229,37.428079774141445,26.47279953335063,36.60149081959006,0,0,0,0,0,1,home
FF,2026-04-20,96.4,-2.73,5.6,"Crow-Armstrong, Pete",691718,663767,field_out,hit_into_play,,,,,6.0,"Pete Crow-Armstrong grounds out softly, pitcher Chase Shugart to first baseman Bryce Harper.",R,L,R,CHC,PHI,X,1.0,ground_ball,3,2,2026,-0.67,1.33,0.7317264464067927,2.49143392111915,,,,1,6,Bot,128.11,173.95,,,,,10.58357774353525,-139.87747905659398,-5.489745785796437,-11.30534837383963,33.22914753631756,-13.568751986892403,3.202452428,1.616190945,34.0,58.2,1.0,95.9,2078.0,6.3,824692,665561,547180,681082,664761,607208,669016,702222,666969,54.24,0.134,0.124,0.0,1.0,0.0,0.0,1.0,51,6,4-Seam Fastball,5,1,5,1,1,5,5,1,Standard,Standard,223.0,-0.005,-0.346,68.2,6.0,,0.156,0.346,88.0,4,4,0.948,0.948,29,24,30,24,1,2,1.0,1.0,3.0,1,1.14,0.67,-0.67,44.9,-2.956057939583647,15.160619391139257,41.64044996892116,29.464135789627576,23.13246927302086,0,0,0,0,0,1,home
SI,2026-04-21,96.5,2.35,5.78,"Crow-Armstrong, Pete",691718,666200,single,hit_into_play,,,,,6.0,Pete Crow-Armstrong singles on a ground ball to center fielder Brandon Marsh. Dansby Swanson to 3rd.,R,L,L,CHC,PHI,X,8.0,ground_ball,2,1,2026,1.32,0.79,0.374927980518593,2.3038546117375325,,,621020.0,1,4,Bot,152.81,95.82,,,,,-8.137092854181155,-140.17869032008147,-5.228798506477568,19.27352624363825,32.69427180592619,-20.68786813796657,3.202452428,1.616190945,61.0,104.3,2.0,95.3,2351.0,5.8,824690,592663,547180,624641,664761,607208,694025,669016,666969,54.72,0.54,0.5,0.9,1.0,1.0,0.0,4.0,32,4,Sinker,0,0,0,0,0,0,0,0,Standard,Standard,128.0,0.074,0.355,69.8,6.5,,0.596,-0.355,104.3,0,0,0.567,0.567,28,24,29,24,2,1,6.0,1.0,7.0,1,1.67,1.32,1.32,33.5,8.595527140092269,9.434459454864507,37.826925805582675,35.13042046152195,27.171953350264623,1,0,0,0,0,1,home
ST,2026-04-21,89.3,2.51,5.52,"Crow-Armstrong, Pete",691718,666200,strikeout,swinging_strike,,,,,13.0,Pete Crow-Armstrong strikes out swinging.,R,L,L,CHC,PHI,S,2.0,,1,2,2026,-0.74,-0.43,-1.5646057546125998,1.5163768728633764,,621020.0,807713.0,2,2,Bot,,,,,,,-8.199014013545264,-129.7035463859428,-2.5573712422416195,-6.344268471874201,30.68790882868393,-36.63722015322347,3.202452428,1.616190945,,,,87.6,2604.0,5.6,824690,592663,547180,624641,664761,607208,694025,669016,666969,54.86,,0.0,0.0,1.0,0.0,0.0,,16,4,Sweeper,0,0,0,0,0,0,0,0,Strategic,Standard,314.0,-0.032,-0.207,50.8,7.0,3.42250098,,0.207,,0,0,0.532,0.532,28,24,29,24,1,0,6.0,1.0,7.0,1,3.33,-0.74,-0.74,25.9,11.22534555781464,12.658722574250612,31.687990404236228,56.545557493665235,25.66848726613975,0,0,0,1,0,1,home
SI,2026-04-21,98.3,1.58,6.31,"Crow-Armstrong, Pete",691718,621237,single,hit_into_play,,,,,8.0,Pete Crow-Armstrong singles on a soft bunt ground ball to pitcher José Alvarado. Michael Busch to 3rd. Scott Kingery to 2nd.,R,L,L,CHC,PHI,X,1.0,ground_ball,0,0,2026,1.2,1.02,0.018941750452472,2.032108714088849,,683737.0,664068.0,1,8,Bot,137.92,190.54,,,,,-7.117971622363259,-142.75320839900988,-8.37985855723851,18.108305679397024,33.38205535920625,-16.41773177017588,3.202452428,1.616190945,1.0,54.2,-62.0,99.5,1942.0,7.1,824690,592663,547180,624641,664761,607208,694025,669016,666969,53.4,0.269,0.242,0.9,1.0,1.0,0.0,1.0,76,1,Sinker,6,3,6,3,3,6,6,3,Standard,Standard,149.0,0.007,0.138,,,,0.274,-0.138,88.0,3,3,0.977,0.977,31,24,31,24,1,4,3.0,1.0,2.0,1,1.35,1.2,1.2,53.7,,,,,,1,0,0,0,0,1,home
FF,2026-04-21,97.2,-1.53,5.85,"Crow-Armstrong, Pete",691718,689147,field_out,hit_into_play,,,,,1.0,Pete Crow-Armstrong grounds out to first baseman Bryce Harper.,R,L,R,CHC,PHI,X,3.0,ground_ball,1,1,2026,-1.03,1.34,-0.7835116074770453,2.925460555748116,673548.0,621020.0,664068.0,2,5,Bot,160.67,166.28,,,,,4.367581274255816,-141.31628822761036,-5.1555108251895225,-14.747585005551006,35.946094866136306,-13.297496473315904,3.202452428,1.616190945,21.0,72.3,-6.0,96.5,2362.0,6.2,824690,592663,547180,624641,664761,607208,694025,669016,666969,54.3,0.079,0.071,0.0,1.0,0.0,0.0,2.0,45,3,4-Seam Fastball,1,0,1,0,0,1,1,0,Standard,Standard,228.0,-0.066,-0.236,82.4,7.7,,0.09,0.236,88.0,1,1,0.726,0.726,25,24,25,24,1,2,2.0,1.0,2.0,1,1.1,1.03,-1.03,35.9,26.464280847262756,-22.00405896553909,30.308722317122847,48.415776611563615,43.01495848895226,0,0,0,0,0,1,home
SI,2026-04-21,96.0,1.47,6.24,"Crow-Armstrong, Pete",691718,641835,field_out,hit_into_play,,,,,8.0,"Pete Crow-Armstrong grounds out softly, catcher J.T. Realmuto to first baseman Bryce Harper.",R,L,L,CHC,PHI,X,2.0,ground_ball,1,2,2026,1.32,0.74,-0.0408180699639055,1.9805306734202432,,,,0,7,Bot,125.46,202.74,,,,,-7.098568412810525,-139.50095744035042,-7.177185156348298,18.872139736069833,32.539566592334054,-21.052771294246902,3.202452428,1.616190945,1.0,38.5,-70.0,97.1,2144.0,7.1,824690,592663,547180,624641,664761,607208,694025,669016,666969,53.43,0.295,0.266,0.0,1.0,0.0,0.0,1.0,62,5,Sinker,3,1,3,1,1,3,3,1,Standard,Standard,147.0,-0.008,-0.186,60.0,5.4,,0.3,0.186,88.0,2,2,0.884,0.884,34,24,34,24,1,3,2.0,1.0,3.0,1,1.75,1.32,1.32,39.3,-11.11529005466292,41.673409326591205,35.56333101496169,39.79600018177499,6.684572273454863,0,0,0,0,0,1,home
FS,2026-04-22,87.2,-1.77,6.37,"Crow-Armstrong, Pete",691718,592836,single,hit_into_play,,,,,4.0,Pete Crow-Armstrong singles on a line drive to left fielder Kyle Schwarber.,R,L,R,CHC,PHI,X,7.0,line_drive,2,1,2026,-0.85,0.3,-0.4072451495192321,2.4062890558000163,,,,2,4,Bot,74.97,91.73,,,,,4.998269667489064,-126.8366987933329,-3.73878721306818,-10.220121370290148,26.834426672666496,-28.323529931923797,3.202452428,1.616190945,203.0,98.1,11.0,86.9,1407.0,6.2,824688,665561,694025,624641,664761,607208,656941,702222,666969,54.31,0.834,0.821,0.9,1.0,1.0,0.0,4.0,35,4,Split-Finger,4,2,4,2,2,4,4,2,Standard,Standard,223.0,0.007,0.29,71.7,6.5,,1.03,-0.29,98.1,2,2,0.76,0.76,33,24,34,24,2,1,5.0,1.0,,1,2.7,0.85,-0.85,47.4,1.4650620043813658,19.624306904099104,34.845138996469935,43.333372004684655,24.76972608185296,1,0,0,0,0,1,home
SL,2026-04-22,84.3,0.31,6.15,"Crow-Armstrong, Pete",691718,660604,single,hit_into_play,,,,,14.0,Pete Crow-Armstrong singles on a fly ball to center fielder Justin Crawford. Moisés Ballesteros scores.,R,L,R,CHC,PHI,X,8.0,fly_ball,0,0,2026,0.39,0.82,1.046640853943262,2.1657701420089843,694208.0,,,1,8,Bot,125.73,106.79,,,,,0.8881077376415316,-122.68993764609772,-4.278238085963155,3.758444230148043,26.30877607203488,-23.231629904497375,3.202452428,1.616190945,204.0,64.7,31.0,84.1,2225.0,6.3,824688,665561,694025,681082,664761,607208,656941,702222,666969,54.17,0.891,0.809,0.9,1.0,1.0,0.0,4.0,68,1,Slider,6,2,6,2,2,7,7,2,Strategic,Standard,175.0,0.003,0.45,73.8,6.7,,0.94,-0.45,88.0,4,4,0.992,0.992,28,24,29,24,2,3,,1.0,61.0,1,2.41,-0.39,0.39,69.6,2.759938583047109,-2.360614296449173,39.074104277074,26.30200803780744,32.50656796035752,1,0,0,0,0,1,home
FS,2026-04-22,87.3,-1.76,6.48,"Crow-Armstrong, Pete",691718,592836,double,hit_into_play,,,,,5.0,Pete Crow-Armstrong doubles (3) on a sharp line drive to center fielder Justin Crawford. Miguel Amaya scores.,R,L,R,CHC,PHI,X,8.0,line_drive,0,1,2026,-0.97,0.2,-0.1650874988455932,2.3749597513684795,,665804.0,,2,2,Bot,152.86,40.71,,,,,5.79269877477255,-127.09523766034874,-3.952014092399322,-11.707102213146523,24.235028480690215,-29.384108350122588,3.202452428,1.616190945,395.0,108.8,20.0,87.2,1569.0,6.1,824688,665561,694025,624641,664761,607208,656941,702222,666969,54.44,0.86,1.347,1.25,1.0,1.0,1.0,6.0,18,2,Split-Finger,1,2,1,2,2,2,2,2,Standard,Standard,226.0,0.116,0.942,77.2,7.0,,2.366,-0.942,108.8,-1,-1,0.419,0.419,33,24,34,24,1,0,5.0,1.0,,1,2.77,0.97,-0.97,46.3,16.267554582893847,3.816665918817984,29.851920924247356,39.599087721062965,35.693181905308926,1,0,0,0,0,1,home
CH,2026-04-22,79.2,0.63,6.2,"Crow-Armstrong, Pete",691718,660604,strikeout,swinging_strike,,,,,4.0,Pete Crow-Armstrong strikes out swinging.,R,L,R,CHC,PHI,S,2.0,,2,2,2026,-0.87,0.72,-0.6866730239240285,2.60380577873015,,,,0,6,Bot,,,,,,,-1.1938786765865648,-115.35018963460094,-2.163333387241729,-7.47002287098758,23.492434079906477,-25.59074571257536,3.202452428,1.616190945,,,,79.4,1752.0,6.6,824688,665561,694025,681082,664761,607208,656941,702222,666969,53.87,,0.0,0.0,1.0,0.0,0.0,,52,5,Changeup,6,2,6,2,2,6,6,2,Standard,Standard,227.0,-0.003,-0.232,69.5,6.6,0.578450784,,0.232,,4,4,0.95,0.95,28,24,29,24,1,2,,1.0,61.0,1,2.94,0.87,-0.87,75.0,9.628391291222451,19.99718384356629,27.87590231481541,47.365924304298375,29.788219732522897,0,0,0,1,0,1,home
FC,2026-04-23,91.5,1.43,6.46,"Crow-Armstrong, Pete",691718,621237,strikeout,swinging_strike,,,,,13.0,Pete Crow-Armstrong strikes out swinging.,R,L,L,CHC,PHI,S,2.0,,2,2,2026,-0.35,0.47,-1.251230063015159,1.6016634271242105,,,,0,9,Bot,,,,,,,-5.953124741060737,-133.06471089030083,-7.2389112052062785,-2.991001811722453,26.49918851266036,-25.30257034537555,3.202452428,1.616190945,,,,92.4,2183.0,6.7,824689,665561,547180,624641,664761,607208,669016,702222,666969,53.82,,0.0,0.0,1.0,0.0,0.0,,85,5,Cutter,7,7,7,7,7,7,7,7,Standard,Standard,179.0,-0.048,-0.232,68.1,8.3,8.492531592,,0.232,,0,0,0.63,0.63,31,24,31,24,1,1,2.0,1.0,2.0,1,2.24,-0.35,-0.35,64.2,24.523026162779676,-28.38726527583746,28.420860880940022,51.9983059476689,54.20306206072339,0,0,0,1,0,1,home
ST,2026-04-23,87.6,-1.81,5.79,"Crow-Armstrong, Pete",691718,689147,strikeout,swinging_strike_blocked,,,,,14.0,Pete Crow-Armstrong strikes out swinging.,R,L,R,CHC,PHI,S,2.0,,1,2,2026,1.39,-0.09,0.9095230644148308,0.7670000372950097,,,,0,7,Bot,,,,,,,3.519275641552072,-127.34257319129354,-5.403308857144172,14.147208934503038,29.887435089637645,-32.114936468045734,3.202452428,1.616190945,,,,86.2,3051.0,5.8,824689,596117,547180,681082,664761,607208,694025,702222,669016,54.73,,0.0,0.0,1.0,0.0,0.0,,63,5,Sweeper,6,5,6,5,5,6,6,5,Standard,Standard,51.0,-0.013,-0.186,75.1,8.4,1.988605092,,0.186,,1,1,0.783,0.783,25,24,25,24,1,0,2.0,1.0,2.0,1,3.1,-1.39,1.39,29.7,20.16367617056112,-24.9942725523416,42.14807468985776,27.073226505455313,44.256220220073445,0,0,0,1,0,1,home
CH,2026-04-24,84.6,-1.29,5.62,"Crow-Armstrong, Pete",691718,686218,field_out,hit_into_play,,,,,13.0,Pete Crow-Armstrong grounds out to first baseman Freddie Freeman.,R,L,R,LAD,CHC,X,3.0,ground_ball,0,1,2026,-1.51,0.11,-0.1243596849866395,1.01612356505593,,,608348.0,2,5,Top,147.1,175.96,,,,,5.77151450052485,-122.99658907746516,-4.321489005130725,-16.43478919254913,25.45171580497519,-30.41035706611608,3.202452428,1.616190945,8.0,97.8,-9.0,84.9,1365.0,6.6,823962,669257,518692,690976,571970,808975,606192,681624,663656,53.85,0.298,0.301,0.0,1.0,0.0,0.0,2.0,35,2,Changeup,4,0,0,4,0,4,0,4,Standard,Standard,260.0,0.013,-0.234,78.0,7.7,,0.364,0.234,97.8,4,-4,0.918,0.082,26,24,27,24,2,1,6.0,1.0,7.0,1,3.1,1.51,-1.51,34.6,13.970425162753322,-7.070056351158941,39.21707557346186,35.703325511970746,40.23279738885821,0,0,0,0,0,1,away
CH,2026-04-24,85.4,-1.01,5.49,"Crow-Armstrong, Pete",691718,686218,strikeout,swinging_strike_blocked,,,,,13.0,Pete Crow-Armstrong strikes out swinging.,R,L,R,LAD,CHC,S,2.0,,1,2,2026,-1.51,0.33,-0.84719114140992,0.5508721112880188,,,,1,3,Top,,,,,,,3.4908085474170765,-124.25455700728716,-5.765152094447888,-16.34529094818414,24.455555293494708,-27.857647212336666,3.202452428,1.616190945,,,,85.8,1439.0,6.5,823962,669257,518692,690976,571970,808975,606192,681624,663656,53.96,,0.0,0.0,1.0,0.0,0.0,,15,4,Changeup,0,0,0,0,0,0,0,0,Standard,Standard,258.0,0.013,-0.183,61.0,8.5,5.801765544,,0.183,,0,0,0.53,0.47,26,24,27,24,1,0,6.0,1.0,7.0,1,2.8,1.51,-1.51,31.3,27.709613139531523,-33.7074849118963,35.6936774142327,43.0279283975531,59.74662820847173,0,0,0,1,0,1,away
FF,2026-04-24,91.5,0.16,6.04,"Crow-Armstrong, Pete",691718,681911,walk,ball,,,,,14.0,Pete Crow-Armstrong walks. Moisés Ballesteros to 2nd.,R,L,L,LAD,CHC,B,,,3,0,2026,0.45,1.71,0.8608778921727154,2.24867737532374,,,694208.0,2,7,Top,,,,,,,0.756722052105635,-133.1611308278197,-7.282413117597004,5.172381259251228,27.802709336329382,-10.460465651891989,3.202452428,1.616190945,,,,92.1,2421.0,6.6,823962,669257,518692,690976,571970,808975,606192,681624,663656,53.89,,0.698334,0.7,1.0,0.0,0.0,,51,4,4-Seam Fastball,4,0,0,4,0,4,0,4,Standard,Standard,170.0,-0.006,0.069,,,,,-0.069,,4,-4,0.95,0.05,30,24,30,24,1,2,5.0,1.0,3.0,1,1.0,0.45,0.45,69.7,,,,,,0,0,1,0,0,0,away
SL,2026-04-24,89.6,2.78,5.12,"Crow-Armstrong, Pete",691718,656945,single,hit_into_play,,,,,13.0,Pete Crow-Armstrong singles on a sharp line drive to left fielder Teoscar Hernández.,R,L,L,LAD,CHC,X,7.0,line_drive,1,2,2026,-0.41,0.46,-0.8754046184238197,2.2813245366003,,,,0,9,Top,78.89,94.85,,,,,-7.982918196487722,-130.39089686826816,-1.8355210444878405,-3.191801615746644,25.48280684426845,-26.740500810363585,3.202452428,1.616190945,189.0,103.5,8.0,89.3,2435.0,6.0,823962,669257,518692,690976,571970,808975,606192,681624,663656,54.53,0.709,0.672,0.9,1.0,1.0,0.0,4.0,67,4,Slider,4,4,4,4,4,4,4,4,Strategic,Standard,195.0,-0.098,0.518,68.8,6.6,,0.837,-0.518,103.5,0,0,0.517,0.483,31,24,32,24,1,3,1.0,1.0,3.0,1,2.36,-0.41,-0.41,30.6,0.4278251682247637,12.585894381052224,28.78145487373943,44.581891105471534,27.55124237605477,1,0,0,0,0,1,away
FS,2026-04-25,91.3,-1.8,6.36,"Crow-Armstrong, Pete",691718,808963,strikeout,swinging_strike,,,,,13.0,Pete Crow-Armstrong strikes out swinging.,R,L,R,LAD,CHC,S,2.0,,0,2,2026,-0.75,-0.04,-1.391567366104455,2.0632067897821376,,,,0,5,Top,,,,,,,2.7194332742794347,-133.04625483138972,-4.732186831112269,-9.516573957945624,26.144108430087417,-31.90281287744697,3.202452428,1.616190945,,,,93.2,875.0,7.2,823960,687221,518692,690976,669289,808975,606192,681624,663656,53.34,,0.0,0.0,1.0,0.0,0.0,,43,3,Split-Finger,8,3,3,8,3,8,3,8,Infield shade,Standard,247.0,0.008,-0.164,40.9,5.8,4.488901752,,0.164,,5,-5,0.941,0.059,24,24,25,24,2,1,6.0,1.0,7.0,1,2.75,0.75,-0.75,53.2,-10.837965367815483,42.20988757824315,36.057007709842175,50.820296672644695,2.4757246442774132,0,0,0,1,0,1,away
FS,2026-04-25,89.2,-1.69,6.31,"Crow-Armstrong, Pete",691718,808963,strikeout,swinging_strike,,,,,8.0,Pete Crow-Armstrong strikes out swinging.,R,L,R,LAD,CHC,S,2.0,,0,2,2026,-0.23,0.08,0.1020938767854227,1.9677725875666927,,,,0,3,Top,,,,,,,4.9220918184634925,-129.87755726290104,-4.694756769524727,-3.574191305137176,25.549343973166025,-30.542300715045545,3.202452428,1.616190945,,,,91.1,946.0,7.3,823960,687221,518692,690976,571970,808975,606192,681624,663656,53.23,,0.0,0.0,1.0,0.0,0.0,,17,3,Split-Finger,0,1,1,0,1,0,1,0,Standard,Standard,245.0,0.013,-0.164,78.8,7.4,0.707484648,,0.164,,-1,1,0.397,0.603,24,24,25,24,1,0,6.0,1.0,7.0,1,2.77,0.23,-0.23,51.8,20.370415050089186,-9.73575158789184,33.63579609832171,32.39218274417166,40.23363573040172,0,0,0,1,0,1,away
SL,2026-04-25,90.0,2.42,6.03,"Crow-Armstrong, Pete",691718,676263,strikeout,swinging_strike,,,,,13.0,Pete Crow-Armstrong strikes out swinging.,R,L,L,LAD,CHC,S,2.0,,1,2,2026,-0.13,0.35,-0.2649814611963662,1.297743337350306,664023.0,673548.0,694208.0,1,6,Top,,,,,,,-6.308083395831475,-130.97967046728354,-6.370035311553288,-0.3617509695303427,24.791735558195462,-27.049048833772684,3.202452428,1.616190945,,,,90.7,2509.0,6.5,823960,687221,518692,690976,669289,808975,606192,681624,663656,54.0,,0.0,0.0,1.0,0.0,0.0,,56,4,Slider,8,4,4,8,4,8,4,8,Standard,Standard,166.0,0.047,-0.225,73.5,8.0,3.784975416,,0.225,,4,-4,0.845,0.155,27,24,27,24,1,2,3.0,1.0,1.0,1,2.44,-0.13,-0.13,61.8,25.91692978825288,-26.582577484153735,32.93065446810393,36.97030177138498,50.985862256636835,0,0,0,1,0,1,away
FF,2026-04-25,97.9,-1.38,5.64,"Crow-Armstrong, Pete",691718,669165,strikeout,swinging_strike,,,,,1.0,Pete Crow-Armstrong strikes out swinging.,R,L,R,LAD,CHC,S,2.0,,0,2,2026,-0.88,1.44,-0.7031827071372864,3.078885234420022,673548.0,,,2,8,Top,,,,,,,3.8804448853772353,-142.50551644124866,-4.595197739931633,-12.889990207635272,35.466933844702424,-11.748545994093355,3.202452428,1.616190945,,,,98.1,2279.0,6.5,823960,687221,518692,690976,669289,808975,669743,681624,663656,53.95,,0.0,0.0,1.0,0.0,0.0,,76,3,4-Seam Fastball,12,4,4,12,4,12,4,12,Infield shade,Standard,215.0,0.0,-0.209,71.6,6.0,1.358036664,,0.209,,8,-8,0.999,0.001,28,24,28,24,1,3,3.0,1.0,1.0,1,0.95,0.88,-0.88,40.6,2.375686622702791,21.96747634769753,30.163372523465437,43.14635935992699,20.4763343301632,0,0,0,1,0,1,away
SI,2026-04-26,92.9,1.95,5.59,"Crow-Armstrong, Pete",691718,680736,single,hit_into_play,,,,,6.0,Pete Crow-Armstrong singles on a line drive to right fielder Kyle Tucker.,R,L,L,LAD,CHC,X,9.0,line_drive,0,0,2026,0.66,0.64,0.676856932592295,2.6520229562564213,,,,2,4,Top,155.82,94.55,,,,,-4.596804742849888,-135.44473899572736,-3.074874849554883,9.066866575575888,22.213921699726328,-23.844354213985813,3.202452428,1.616190945,198.0,76.9,16.0,92.4,2174.0,5.3,823959,687221,518692,500743,669289,808975,606192,681624,663656,55.19,0.823,0.765,0.9,1.0,1.0,0.0,4.0,32,1,Sinker,3,0,0,3,0,3,0,3,Standard,Standard,157.0,-0.011,0.331,75.3,6.2,,0.905,-0.331,88.0,3,-3,0.851,0.149,25,24,26,24,2,1,6.0,1.0,7.0,1,1.94,0.66,0.66,36.8,10.00295048219599,7.1952971866010165,32.720467334837224,25.914992416134588,31.88516554551961,1,0,0,0,0,1,away
FF,2026-04-26,92.5,2.14,5.43,"Crow-Armstrong, Pete",691718,680736,field_out,hit_into_play,,,,,1.0,Pete Crow-Armstrong pops out to first baseman Freddie Freeman in foul territory.,R,L,L,LAD,CHC,X,3.0,popup,3,2,2026,0.31,1.25,-0.43925455080323,2.923960776646229,,,683737.0,2,6,Top,170.9,181.71,,,,,-7.038112693823124,-134.5772600310513,-3.1688655216539474,5.203923350215258,27.46624197009718,-16.39855842547981,3.202452428,1.616190945,95.0,97.3,77.0,91.2,2320.0,5.4,823959,687221,518692,500743,669289,808975,606192,681624,663656,55.15,0.014,0.016,0.0,1.0,0.0,0.0,3.0,48,6,4-Seam Fastball,3,0,0,3,0,3,0,3,Infield shade,Standard,146.0,0.025,-0.327,76.2,7.4,,0.018,0.327,97.3,3,-3,0.886,0.114,25,24,26,24,3,2,6.0,1.0,7.0,1,1.4,0.31,0.31,37.6,21.932105046425065,-13.196701512272131,27.127208544450916,38.73116933140969,43.884561901004574,0,0,0,0,0,1,away
SI,2026-04-26,92.5,2.12,5.47,"Crow-Armstrong, Pete",691718,680736,walk,ball,,,,,13.0,Pete Crow-Armstrong walks.,R,L,L,LAD,CHC,B,,,3,1,2026,0.77,0.71,-1.045953197292449,1.7881953286795886,683737.0,807713.0,,1,2,Top,,,,,,,-9.517242808323749,-134.43932453857084,-4.8915743256457755,11.249357383849548,27.081127010669785,-22.68467540404555,3.202452428,1.616190945,,,,91.4,2136.0,5.5,823959,687221,518692,500743,669289,808975,606192,681624,663656,54.97,,0.698334,0.7,1.0,0.0,0.0,,16,5,Sinker,3,0,0,3,0,3,0,3,Standard,Standard,142.0,-0.012,0.095,,,,,-0.095,,3,-3,0.69,0.31,25,24,26,24,1,0,6.0,1.0,7.0,1,1.95,0.77,0.77,34.7,,,,,,0,0,1,0,0,0,away
FF,2026-04-26,93.3,1.98,5.95,"Crow-Armstrong, Pete",691718,676263,field_out,hit_into_play,,,,,7.0,Pete Crow-Armstrong flies out sharply to center fielder Andy Pages.,R,L,L,LAD,CHC,X,8.0,fly_ball,3,2,2026,0.24,1.73,-0.5498000375075573,2.02773997340757,,,683737.0,2,8,Top,95.32,64.34,,,,,-6.96730889211714,-135.51577417125927,-7.954114504495744,4.537558686229902,31.31755748906778,-9.320485628004093,3.202452428,1.616190945,342.0,102.3,41.0,93.4,2494.0,6.6,823959,687221,518692,500743,669289,808975,606192,681624,663656,53.92,0.166,0.316,0.0,1.0,0.0,0.0,5.0,67,6,4-Seam Fastball,6,0,0,6,0,6,0,6,Infield shade,Standard,165.0,0.002,-0.327,77.6,7.5,,0.61,0.327,102.3,6,-6,0.996,0.004,27,24,27,24,1,3,1.0,1.0,2.0,1,0.91,0.24,0.24,64.9,8.49956830137014,-3.0587138108920655,37.02828229361545,40.700884372871215,33.126441975608856,0,0,0,0,0,1,away
FF,2026-04-27,95.1,-1.64,6.01,"Crow-Armstrong, Pete",691718,681190,strikeout,called_strike,,,,,2.0,Pete Crow-Armstrong called out on strikes.,R,L,R,SD,CHC,S,2.0,,1,2,2026,-0.97,1.42,0.2626375599338113,2.8671274346651936,,,621020.0,2,2,Top,,,,,,,7.093219033534126,-138.1481421684182,-5.48693613551526,-14.054592145040838,35.99674541097174,-13.026852332385044,3.202452428,1.616190945,,,,93.9,2520.0,6.1,823311,666023,664034,665487,592518,593428,657656,701538,592206,54.44,,0.0,0.0,1.0,0.0,0.0,,17,4,4-Seam Fastball,3,1,1,3,1,3,1,3,Infield shade,Standard,222.0,0.015,-0.195,,,,,0.195,,2,-2,0.732,0.268,27,24,28,24,1,0,6.0,1.0,7.0,1,1.15,0.97,-0.97,33.9,,,,,,0,0,0,1,0,1,away
FF,2026-04-27,95.6,-1.61,5.83,"Crow-Armstrong, Pete",691718,681190,force_out,hit_into_play,,,,,7.0,"Pete Crow-Armstrong grounds into a force out, first baseman Ty France to shortstop Xander Bogaerts. Dansby Swanson out at 2nd. Pete Crow-Armstrong to 1st.",R,L,R,SD,CHC,X,3.0,ground_ball,1,2,2026,-0.89,1.23,-0.2820982862899472,2.024677481206147,,,621020.0,0,4,Top,150.29,168.91,,,,,5.492200226884665,-138.95011037198338,-6.952803863709505,-12.726602801357394,33.074482866575394,-14.836645616727822,3.202452428,1.616190945,36.0,104.5,-2.0,95.3,2411.0,6.3,823311,666023,664034,665487,592518,593428,657656,701538,592206,54.19,0.437,0.403,0.0,1.0,0.0,0.0,4.0,34,9,4-Seam Fastball,4,5,5,4,5,4,5,4,Infield shade,Standard,215.0,0.024,-0.275,67.3,7.7,,0.47,0.275,104.5,-1,1,0.351,0.649,27,24,28,24,2,1,6.0,1.0,7.0,1,1.28,0.89,-0.89,34.1,18.336596163334463,-2.381795831231324,32.33670829002115,38.67979075485746,37.48474389306578,0,0,0,0,0,1,away
CH,2026-04-27,92.0,2.48,5.86,"Crow-Armstrong, Pete",691718,670970,walk,ball,,,,,12.0,Pete Crow-Armstrong walks.,R,L,L,SD,CHC,B,,,3,2,2026,1.16,0.41,1.148718112365619,2.6905299818881145,,,,0,7,Top,,,,,,,-5.911710134346725,-133.77732620893957,-2.816904311386488,15.197548877848446,32.097723881843685,-26.848092624139326,3.202452428,1.616190945,,,,91.8,994.0,6.5,823311,666023,657757,665487,664034,593428,657656,701538,592206,54.01,,0.698334,0.7,1.0,0.0,0.0,,58,7,Changeup,6,5,5,6,5,6,5,6,Infield shade,Standard,112.0,-0.06,0.361,,,,,-0.361,,1,-1,0.681,0.319,27,24,27,24,1,2,2.0,1.0,2.0,1,2.31,1.16,1.16,46.7,,,,,,0,0,1,0,0,0,away
SL,2026-04-27,88.7,-1.77,6.16,"Crow-Armstrong, Pete",691718,695243,single,hit_into_play,,,,,13.0,Pete Crow-Armstrong singles on a ground ball to right fielder Fernando Tatis Jr. Matt Shaw to 3rd. Dansby Swanson to 2nd.,R,L,R,SD,CHC,X,9.0,ground_ball,0,2,2026,0.71,-0.3,-0.100877114464966,1.2583522172270385,,807713.0,621020.0,0,9,Top,174.11,121.28,,,,,2.5339473330101385,-129.12772038466952,-5.040212707287265,7.388411084428197,28.093958250657188,-34.68860722985689,3.202452428,1.616190945,24.0,94.1,-2.0,89.5,2349.0,6.8,823311,666023,657757,630105,664034,593428,657656,701538,665487,53.67,0.376,0.353,0.9,1.0,1.0,0.0,2.0,77,3,Slider,9,5,5,9,5,9,5,9,Infield shade,Standard,33.0,-0.097,0.595,66.3,7.7,,0.435,-0.595,94.1,4,-4,0.94,0.06,27,24,28,24,1,3,2.0,1.0,2.0,1,3.21,-0.71,0.71,38.4,7.837822411592399,-1.449792797430666,37.91226780120716,37.34180454424504,35.44401054346633,1,0,0,0,0,1,away
KC,2026-04-28,78.6,-0.73,5.66,"Crow-Armstrong, Pete",691718,621111,strikeout,swinging_strike,,,,,14.0,"Pete Crow-Armstrong strikes out swinging, catcher Luis Campusano to first baseman Ty France.",R,L,R,SD,CHC,S,2.0,,3,2,2026,0.81,-1.18,0.3282998564174909,0.7551722896467039,621020.0,,,1,2,Top,,,,,,,0.7222914217672664,-114.30764688824576,-1.1170113137040754,6.843859094937991,26.25145509870939,-42.31933165633591,3.202452428,1.616190945,,,,78.3,2387.0,6.7,823310,669134,664034,665487,630105,593428,657656,701538,669369,53.84,,0.0,0.0,1.0,0.0,0.0,,11,6,Knuckle Curve,0,2,2,0,2,0,2,0,Strategic,Standard,36.0,0.05,-0.401,68.0,8.3,2.263185792,,0.401,,-2,2,0.261,0.739,31,24,32,24,1,0,6.0,1.0,7.0,1,4.95,-0.81,0.81,48.3,23.842231400594137,-37.3417094709971,39.40742729558379,29.890884182774084,56.76892840183221,0,0,0,1,0,1,away
KC,2026-04-28,78.1,-0.77,5.61,"Crow-Armstrong, Pete",691718,621111,strikeout,swinging_strike_blocked,,,,,14.0,Pete Crow-Armstrong strikes out swinging.,R,L,R,SD,CHC,S,2.0,,1,2,2026,1.19,-1.14,0.3525944116527724,0.3655467421458276,,,,1,4,Top,,,,,,,0.144012123988409,-113.50092966414373,-1.72468325068102,9.955097765003575,28.184537065192536,-41.63913705013621,3.202452428,1.616190945,,,,77.4,2458.0,6.7,823310,669134,664034,665487,630105,593428,657656,701538,669369,53.81,,0.0,0.0,1.0,0.0,0.0,,28,4,Knuckle Curve,1,2,2,1,2,1,2,1,Infield shade,Standard,32.0,0.012,-0.183,69.1,8.4,1.301350164,,0.183,,-1,1,0.405,0.595,31,24,32,24,2,1,6.0,1.0,7.0,1,5.0,-1.19,1.19,51.0,24.428661762571274,-28.490734697849582,40.44324430067497,32.54953262409187,54.36975475603482,0,0,0,1,0,1,away
CH,2026-04-28,82.5,-3.32,5.01,"Crow-Armstrong, Pete",691718,676760,field_out,hit_into_play,,,,,13.0,"Pete Crow-Armstrong grounds out, second baseman Fernando Tatis Jr. to first baseman Ty France.",R,L,R,SD,CHC,X,4.0,ground_ball,0,0,2026,-1.39,0.47,-0.9758031644984668,2.236568370994445,,,608324.0,2,9,Top,152.82,151.68,,,,,8.080000157423408,-119.76854751273233,-0.4065216686936465,-15.052807485954553,26.351816774448334,-27.813726547961373,3.202452428,1.616190945,21.0,88.5,-5.0,82.6,2236.0,6.8,823310,669134,664034,665487,630105,593428,657656,701538,669369,53.73,0.2,0.192,0.0,1.0,0.0,0.0,2.0,76,1,Changeup,3,8,8,3,8,3,8,3,Infield shade,Standard,262.0,0.001,-0.274,73.5,7.3,,0.22,0.274,88.5,-5,5,0.007,0.993,30,24,31,24,1,4,2.0,1.0,3.0,1,2.93,1.39,-1.39,27.3,14.407608383741644,4.28815196336689,30.328649471445843,46.833711440552136,35.919028595276814,0,0,0,0,0,1,away
CH,2026-04-28,89.9,0.51,5.84,"Crow-Armstrong, Pete",691718,593974,home_run,hit_into_play,,,,,5.0,Pete Crow-Armstrong homers (2) on a fly ball to center field. Carson Kelly scores. Alex Bregman scores.,R,L,L,SD,CHC,X,,fly_ball,1,1,2026,1.23,0.38,0.0460998389299589,2.1615335971938348,,608348.0,608324.0,2,7,Top,141.52,34.15,,,,,-3.7580776031536782,-130.7541166337169,-3.6362983643182183,14.91352707673532,30.745369321579165,-27.186618544715007,3.202452428,1.616190945,410.0,106.3,26.0,88.5,2181.0,5.7,823310,669134,664034,665487,630105,593428,657656,701538,669369,54.79,0.943,1.86,2.0,1.0,0.0,3.0,6.0,61,3,Changeup,3,5,5,3,8,3,8,3,Infield shade,Standard,122.0,-0.155,1.675,72.9,7.0,,3.593,-1.675,106.3,-2,2,0.192,0.808,34,24,35,24,1,3,2.0,1.0,3.0,1,2.47,1.23,1.23,39.9,12.34847449870245,3.092615850088482,37.80361426391641,33.2979354103483,32.61587052366301,1,1,0,0,0,1,away
ST,2026-04-28,83.0,2.95,5.53,"Crow-Armstrong, Pete",691718,606996,walk,ball,,,,,11.0,Pete Crow-Armstrong walks. Nicky Lopez to 2nd.,R,L,L,SD,CHC,B,,,3,1,2026,-1.17,0.09,-0.9806111704712904,2.5601770094459098,,,670032.0,1,6,Top,,,,,,,-6.54237193327326,-120.62382851379556,-0.1772876507522899,-9.752220514851844,27.664759158346737,-31.502360442130833,3.202452428,1.616190945,,,,82.4,2740.0,6.4,823310,669134,664034,665487,630105,593428,657656,701538,669369,54.13,,0.698334,0.7,1.0,0.0,0.0,,46,5,Sweeper,2,2,2,2,2,2,2,2,Standard,Strategic,297.0,-0.032,0.161,,,,,-0.161,,0,0,0.475,0.525,33,24,34,24,1,2,6.0,1.0,4.0,1,3.27,-1.17,-1.17,37.8,,,,,,0,0,1,0,0,0,away
ST,2026-04-29,79.6,-1.55,5.21,"Crow-Armstrong, Pete",691718,663362,home_run,hit_into_play,,,,,5.0,Pete Crow-Armstrong homers (3) on a fly ball to right field. Matt Shaw scores.,R,L,R,SD,CHC,X,,fly_ball,0,1,2026,0.95,0.33,-0.195595592374849,2.150403268803574,,,807713.0,2,4,Top,224.41,92.19,,,,,1.121894619936712,-115.89108710107548,-0.3910404301245793,8.341238920585292,21.973926221101166,-29.30359527294028,3.202452428,1.616190945,357.0,105.4,24.0,80.4,2235.0,6.9,823312,669134,664034,630105,609280,593428,592206,701538,665487,53.64,0.849,1.54,2.0,1.0,0.0,3.0,6.0,26,2,Sweeper,0,1,1,0,3,0,3,0,Infield shade,Standard,76.0,-0.199,2.26,77.6,7.9,,2.891,-2.26,105.4,-1,1,0.408,0.592,29,24,30,24,2,1,6.0,1.0,7.0,2,3.26,-0.95,0.95,23.7,23.04005313858376,-14.84009254857235,32.847562047065594,38.14449604203962,46.72391141803397,1,1,0,0,0,1,away
FC,2026-04-29,88.3,-1.19,5.42,"Crow-Armstrong, Pete",691718,663362,field_out,hit_into_play,,,,,12.0,Pete Crow-Armstrong grounds out to first baseman Ty France.,R,L,R,SD,CHC,X,3.0,ground_ball,0,1,2026,-0.14,1.02,0.4207585550673862,3.483256621034567,624424.0,,,1,2,Top,151.25,173.38,,,,,4.220880632330454,-128.55172532677707,-0.5940308327975411,-2.497989942448672,27.62500893912001,-21.0236778096725,3.202452428,1.616190945,39.0,86.3,-2.0,89.0,2206.0,6.8,823312,669134,664034,630105,609280,593428,592206,701538,665487,53.74,0.235,0.212,0.0,1.0,0.0,0.0,2.0,11,2,Cutter,0,0,0,0,0,0,0,0,Strategic,Standard,204.0,0.053,-0.226,72.5,6.6,,0.257,0.226,88.0,0,0,0.459,0.541,29,24,30,24,1,0,6.0,1.0,7.0,2,1.91,0.14,-0.14,25.4,23.71807110483485,-4.3431463804904915,22.778825879145018,29.994873331733995,38.750752232446345,0,0,0,0,0,1,away
CH,2026-04-29,87.6,-0.9,6.38,"Crow-Armstrong, Pete",691718,592094,strikeout,called_strike,,,,,2.0,Pete Crow-Armstrong called out on strikes.,R,L,R,SD,CHC,S,2.0,,2,2,2026,-1.7,0.38,-0.067455717780835,3.1604903240095212,,,,1,8,Top,,,,,,,5.527664489506894,-127.30357689989256,-2.09871102550103,-19.576635135987175,31.323376250878336,-27.797242700323793,3.202452428,1.616190945,,,,86.5,2221.0,6.1,823312,669134,664034,630105,609280,593428,592206,701538,665487,54.38,,0.0,0.0,1.0,0.0,0.0,,60,5,Changeup,3,5,5,3,5,3,5,3,Infield shade,Standard,227.0,0.009,-0.235,,,,,0.235,,-2,2,0.151,0.849,34,24,35,24,1,3,2.0,1.0,4.0,2,2.64,1.7,-1.7,37.5,,,,,,0,0,0,1,0,1,away
FF,2026-04-29,98.3,2.55,5.89,"Crow-Armstrong, Pete",691718,670970,field_out,hit_into_play,,,,,5.0,Pete Crow-Armstrong grounds out to first baseman Ty France. Michael Conforto scores. Matt Shaw to 3rd.,R,L,L,SD,CHC,X,3.0,ground_ball,1,2,2026,0.34,1.0,-0.2370759886546314,2.574615772505857,624424.0,807713.0,,1,6,Top,151.75,173.89,,,,,-8.289474186457387,-142.8110817209203,-5.612420783917612,6.792935018427293,36.57004849173673,-17.307587548050005,3.202452428,1.616190945,6.0,90.6,-24.0,98.0,2288.0,6.5,823312,669134,664034,630105,609280,593428,592206,701538,665487,54.02,0.083,0.075,0.0,1.0,0.0,0.0,2.0,44,5,4-Seam Fastball,3,3,3,3,4,3,4,3,Strategic,Standard,151.0,-0.055,-0.125,75.4,7.0,,0.094,0.125,90.6,0,0,0.406,0.594,27,24,27,24,1,2,2.0,1.0,4.0,2,1.38,0.34,0.34,48.3,15.722505648180585,-4.8525196829269355,27.981847369722978,36.22153774251752,39.400046475030294,0,0,0,0,0,1,away
SL,2026-05-01,88.3,-2.77,5.95,"Crow-Armstrong, Pete",691718,668678,single,hit_into_play,,,,,13.0,Pete Crow-Armstrong singles on a ground ball to center fielder Alek Thomas. Carson Kelly to 3rd. Pete Crow-Armstrong to 2nd.,R,L,R,CHC,AZ,X,8.0,ground_ball,2,2,2026,0.38,0.62,-0.1607817454597681,1.347382683691267,,,608348.0,0,4,Bot,139.01,92.7,,,,,5.499599873511494,-128.4571566930365,-6.233522191584166,3.109493892716403,26.08071783958649,-24.273362666857963,3.202452428,1.616190945,107.0,103.6,5.0,89.1,2169.0,6.7,824686,672515,699912,545121,571448,672695,678489,677950,682998,53.78,0.583,0.543,0.9,1.0,1.0,0.0,4.0,35,5,Slider,3,1,3,1,1,3,3,1,Standard,Standard,180.0,0.07,0.496,76.4,7.6,,0.664,-0.496,103.6,2,2,0.806,0.806,30,24,31,24,2,1,6.0,2.0,6.0,1,2.3,-0.38,0.38,41.9,7.719086878262485,6.970600104189248,40.87490118553765,39.1574478360835,29.269309188164012,1,0,0,0,0,1,home
CH,2026-05-01,82.7,-2.67,5.9,"Crow-Armstrong, Pete",691718,668678,field_out,hit_into_play,,,,,13.0,"Pete Crow-Armstrong grounds out, pitcher Zac Gallen to first baseman Jose Fernandez.",R,L,R,CHC,AZ,X,1.0,ground_ball,0,1,2026,-0.95,0.09,-0.7878924086154048,1.1453294717236409,683737.0,,608348.0,2,1,Bot,125.83,193.1,,,,,6.112110463124095,-120.33881396775816,-4.244090017254755,-10.428327987694882,23.65737502215531,-30.677918338565668,3.202452428,1.616190945,0.0,65.8,-79.0,82.5,1513.0,6.2,824686,672515,699912,545121,571448,672695,678489,677950,682998,54.32,0.282,0.254,0.0,1.0,0.0,0.0,2.0,13,2,Changeup,3,0,3,0,0,3,3,0,Standard,Standard,230.0,-0.023,-0.269,66.9,7.2,,0.287,0.269,88.0,3,3,0.801,0.801,30,24,31,24,1,0,6.0,2.0,6.0,1,3.25,0.95,-0.95,33.5,11.012686078903355,14.46153178752996,36.851270544747365,45.547214397700515,26.061462770161043,0,0,0,0,0,1,home
SI,2026-05-01,88.8,-3.95,3.33,"Crow-Armstrong, Pete",691718,657044,field_out,hit_into_play,,,,,8.0,Pete Crow-Armstrong lines out to center fielder Alek Thomas.,R,L,R,CHC,AZ,X,8.0,line_drive,0,0,2026,-1.08,-0.68,0.2053624720542581,1.830259615876357,,,608348.0,1,5,Bot,128.52,79.04,,,,,12.367408747242775,-128.61478515911793,4.134912920092534,-14.632314414716388,28.51782557541523,-40.95787391138913,3.202452428,1.616190945,299.0,92.9,19.0,88.8,1869.0,6.7,824686,672515,699912,545121,571448,672695,678489,677950,682998,53.8,0.457,0.45,0.0,1.0,0.0,0.0,4.0,49,1,Sinker,6,1,6,1,1,6,6,1,Standard,Standard,283.0,-0.005,-0.261,75.5,7.0,,0.636,0.261,92.9,5,5,0.961,0.961,34,24,34,24,1,2,3.0,2.0,2.0,1,3.62,1.08,-1.08,-15.2,1.634847265893761,3.8115792330679046,36.13981114224595,35.40250578257519,32.289674149594674,0,0,0,0,0,1,home
SL,2026-05-01,85.4,-2.3,6.5,"Crow-Armstrong, Pete",691718,656464,field_out,hit_into_play,,,,,8.0,"Pete Crow-Armstrong grounds out, second baseman Ildemaro Vargas to first baseman Jose Fernandez.",R,L,R,CHC,AZ,X,4.0,ground_ball,2,1,2026,0.43,-0.05,-0.1722571180183422,1.513459214110973,,,,1,8,Bot,151.18,157.6,,,,,4.079824346076545,-124.28153376454624,-5.133391853970597,3.675835547122177,24.669517631444123,-31.8526616521485,3.202452428,1.616190945,18.0,104.7,-5.0,86.1,2431.0,6.7,824686,672515,699912,545121,571448,672695,694374,678489,682998,53.81,0.479,0.433,0.0,1.0,0.0,0.0,2.0,72,4,Slider,6,5,6,5,5,6,6,5,Infield shade,Standard,64.0,-0.011,-0.311,75.9,7.6,,0.508,0.311,104.7,1,1,0.854,0.854,32,24,32,24,1,3,2.0,2.0,1.0,1,3.17,-0.43,0.43,40.5,14.423436543336194,3.0075731299664112,36.78434910973928,39.9848831444399,34.39526592450187,0,0,0,0,0,1,home
FF,2026-05-02,95.8,-1.01,6.24,"Crow-Armstrong, Pete",691718,669194,field_out,hit_into_play,,,,,4.0,Pete Crow-Armstrong flies out sharply to center fielder Jorge Barrosa.,R,L,R,CHC,AZ,X,8.0,fly_ball,2,1,2026,-0.4,1.63,-0.3112294918123134,2.5684995174054013,,,,0,4,Bot,97.83,52.9,,,,,2.770058139913521,-139.25045479288266,-7.6340076114715165,-5.886860103679843,33.08438721011002,-9.440711295227358,3.202452428,1.616190945,367.0,104.1,32.0,96.4,2281.0,6.8,824685,543510,545121,606466,699912,672695,666971,678489,682998,53.69,0.726,1.451,0.0,1.0,0.0,0.0,6.0,29,4,4-Seam Fastball,1,0,1,0,0,1,1,0,Infield shade,Standard,192.0,-0.024,-0.31,74.2,7.0,,2.831,0.31,104.1,1,1,0.688,0.688,28,24,28,24,2,1,6.0,1.0,6.0,1,0.87,0.4,-0.4,56.4,11.912552561202316,3.806058236208772,28.937769053249465,42.91128273300657,34.89719473010402,0,0,0,0,0,1,home
FF,2026-05-02,97.2,-0.78,6.29,"Crow-Armstrong, Pete",691718,669194,strikeout,foul_tip,,,,,12.0,Pete Crow-Armstrong strikes out on a foul tip.,R,L,R,CHC,AZ,S,2.0,,1,2,2026,-0.22,1.78,0.2224529084824248,3.3845602849389933,,,,1,2,Bot,,,,,,,3.189385393628545,-141.39658176369716,-6.243693271975802,-3.6808555813145105,33.20310313909976,-7.086337866820991,3.202452428,1.616190945,,,,97.9,2329.0,6.8,824685,543510,545121,606466,699912,672695,666971,678489,682998,53.71,,0.0,0.0,1.0,0.0,0.0,,13,4,4-Seam Fastball,1,0,1,0,0,1,1,0,Standard,Standard,184.0,-0.01,-0.183,72.5,5.8,,,0.183,,1,1,0.631,0.631,28,24,28,24,1,0,6.0,1.0,6.0,1,0.64,0.22,-0.22,58.1,5.861105042255698,16.012584032428062,25.47517126911979,36.82967432766782,25.431093520798555,0,0,0,1,0,1,home
FF,2026-05-02,95.6,-2.26,5.5,"Crow-Armstrong, Pete",691718,642528,field_out,hit_into_play,,,,,7.0,Pete Crow-Armstrong flies out to left fielder Lourdes Gurriel Jr.,R,L,R,CHC,AZ,X,7.0,fly_ball,2,0,2026,-1.0,1.17,-0.2850144463315788,1.5259380390085149,,,,2,8,Bot,50.42,92.64,,,,,7.403110231240682,-138.96968298308403,-7.3175204616738,-14.518751741638342,28.055833077205875,-15.60946426688826,3.202452428,1.616190945,322.0,91.2,29.0,95.7,2331.0,6.2,824685,543510,545121,606466,699912,672695,666971,678489,682998,54.3,0.046,0.062,0.0,1.0,0.0,0.0,3.0,62,3,4-Seam Fastball,2,0,2,0,0,2,2,0,Standard,Standard,228.0,-0.004,-0.368,71.1,7.3,,0.109,0.368,91.2,2,2,0.928,0.928,31,24,32,24,1,3,2.0,1.0,3.0,1,1.31,1.0,-1.0,38.4,11.085640271402273,4.810796035295244,40.62896789701918,41.83859468520916,27.903945740692656,0,0,0,0,0,1,home
SL,2026-05-02,84.4,-2.1,6.56,"Crow-Armstrong, Pete",691718,656464,walk,ball,,,,,13.0,Pete Crow-Armstrong walks.,R,L,R,CHC,AZ,B,,,3,2,2026,0.49,-0.1,-1.1649817066689163,1.3925460877463969,,664023.0,,2,6,Bot,,,,,,,1.155106602467588,-122.92030815126508,-5.222552508568343,4.753474920570055,24.565781772020912,-32.36275759508395,3.202452428,1.616190945,,,,85.1,2190.0,6.7,824685,543510,545121,606466,699912,672695,666971,678489,682998,53.78,,0.698334,0.7,1.0,0.0,0.0,,45,6,Slider,1,0,1,0,0,1,1,0,Standard,Standard,63.0,0.006,0.142,,,,,-0.142,,1,1,0.728,0.728,32,24,32,24,1,2,1.0,1.0,4.0,1,3.3,-0.49,0.49,43.3,,,,,,0,0,1,0,0,0,home
CH,2026-05-03,88.2,-1.75,5.48,"Crow-Armstrong, Pete",691718,518876,field_out,hit_into_play,,,,,8.0,Pete Crow-Armstrong lines out to right fielder Corbin Carroll.,R,L,R,CHC,AZ,X,9.0,line_drive,1,1,2026,-1.41,0.16,-0.0948921963021072,1.8430306994221992,,,,0,4,Bot,199.63,102.82,,,,,6.923093867813452,-128.20237039161657,-2.859054943499263,-17.030204698240674,26.652153401970473,-29.9778444937933,3.202452428,1.616190945,299.0,93.1,20.0,87.8,2247.0,6.1,824687,672515,545121,606466,571448,672695,666971,678489,682998,54.41,0.291,0.287,0.0,1.0,0.0,0.0,4.0,33,3,Changeup,3,2,3,2,2,3,3,2,Infield shade,Standard,238.0,-0.02,-0.247,77.1,7.6,,0.428,0.247,93.1,1,1,0.684,0.684,37,24,38,24,2,1,5.0,1.0,6.0,1,2.77,1.41,-1.41,25.0,15.63506523120589,-8.263928821951918,31.88367051106484,39.376003102194645,44.15168414593322,0,0,0,0,0,1,home
FF,2026-05-03,94.2,-2.31,5.86,"Crow-Armstrong, Pete",691718,694297,field_out,hit_into_play,,,,,9.0,Pete Crow-Armstrong lines out to shortstop Geraldo Perdomo.,R,L,R,CHC,AZ,X,6.0,line_drive,0,0,2026,-0.55,1.24,0.770142619538147,1.8973551868081175,,,608348.0,1,7,Bot,117.35,132.01,,,,,9.180076049696728,-136.7950932584568,-7.203048938222947,-8.87561420449849,28.8271676298746,-15.145032267271004,3.202452428,1.616190945,174.0,93.0,8.0,94.8,2469.0,6.7,824687,672515,545121,606466,571448,672695,666971,678489,682998,53.83,0.557,0.512,0.0,1.0,0.0,0.0,4.0,63,1,4-Seam Fastball,8,2,8,2,2,8,8,2,Standard,Standard,216.0,-0.001,-0.261,70.9,6.1,,0.625,0.261,93.0,6,6,0.993,0.993,27,24,28,24,1,3,3.0,1.0,9.0,1,1.33,0.55,-0.55,37.8,-3.575933986446706,17.253837818857587,45.558500398868944,29.096383366597856,23.963705417007667,0,0,0,0,0,1,home
CH,2026-05-03,89.5,-1.94,5.49,"Crow-Armstrong, Pete",691718,518876,double,hit_into_play,,,,,7.0,Pete Crow-Armstrong doubles (4) on a ground ball to right fielder Corbin Carroll. Carson Kelly to 3rd.,R,L,R,CHC,AZ,X,9.0,ground_ball,1,0,2026,-1.08,0.03,-0.3667663253727986,1.987481137795939,,,608348.0,2,2,Bot,181.71,75.17,,,,,6.111430027781793,-130.15528197700846,-2.439641198906138,-13.530779508710824,28.404807619083357,-31.505752916367513,3.202452428,1.616190945,104.0,110.9,5.0,89.0,2101.0,6.1,824687,672515,545121,606466,571448,672695,666971,678489,682998,54.38,0.714,0.7,1.25,1.0,1.0,1.0,4.0,16,2,Changeup,1,2,1,2,2,1,1,2,Infield shade,Standard,248.0,0.038,0.784,75.7,7.1,,0.859,-0.784,110.9,-1,-1,0.415,0.415,37,24,38,24,1,0,5.0,1.0,6.0,1,2.83,1.08,-1.08,25.5,7.204296151732895,8.930546075637977,35.65883313483097,41.43363840046359,32.882695023806,1,0,0,0,0,1,home
SI,2026-05-03,90.5,-3.94,3.48,"Crow-Armstrong, Pete",691718,657044,field_out,hit_into_play,,,,,8.0,"Pete Crow-Armstrong grounds out, second baseman Ketel Marte to first baseman Ildemaro Vargas.",R,L,R,CHC,AZ,X,4.0,ground_ball,0,0,2026,-1.07,-0.66,0.0572452557959803,1.9969236591906616,683737.0,,,2,5,Bot,155.86,154.22,,,,,12.243524931975164,-131.11551278836887,3.951100560595468,-14.947748379401997,28.668638217530585,-40.916296963627765,3.202452428,1.616190945,5.0,88.0,-23.0,91.1,2036.0,6.9,824687,672515,545121,606466,571448,672695,666971,678489,682998,53.56,0.089,0.089,0.0,1.0,0.0,0.0,2.0,45,1,Sinker,6,2,6,2,2,6,6,2,Standard,Standard,280.0,-0.011,-0.303,75.5,6.7,,0.109,0.303,88.0,4,4,0.929,0.929,34,24,34,24,1,2,2.0,1.0,4.0,1,3.47,1.07,-1.07,-13.4,4.435542416941745,12.18427808962284,35.02365054581237,37.56637577270355,31.066415987674965,0,0,0,0,0,1,home
CH,2026-05-04,88.7,-1.8,5.18,"Crow-Armstrong, Pete",691718,695534,field_out,hit_into_play,,,,,4.0,Pete Crow-Armstrong grounds out to first baseman Spencer Steer.,R,L,R,CHC,CIN,X,3.0,ground_ball,0,2,2026,-1.38,0.25,-0.4726627160415029,2.106232219304252,,,,2,4,Bot,148.77,168.4,,,,,6.134275487260228,-129.01077469518097,-1.765607556015834,-16.716601221836463,27.264808210526493,-29.18615296640915,3.202452428,1.616190945,4.0,65.7,-27.0,88.5,1945.0,6.3,824684,663886,668715,701398,663647,682829,668709,670770,666181,54.25,0.067,0.06,0.0,1.0,0.0,0.0,2.0,36,3,Changeup,3,3,3,3,3,3,3,3,Infield shade,Standard,253.0,-0.008,-0.154,79.0,7.8,,0.075,0.154,88.0,0,0,0.508,0.508,23,24,23,24,2,1,,1.0,19.0,1,2.65,1.38,-1.38,29.6,19.6675889782338,-6.812909424171839,34.96562341990825,44.09161915981787,43.05306290417895,0,0,0,0,0,1,home
FF,2026-05-04,98.1,-1.95,5.32,"Crow-Armstrong, Pete",691718,695534,field_out,hit_into_play,,,,,4.0,Pete Crow-Armstrong flies out to center fielder TJ Friedl.,R,L,R,CHC,CIN,X,8.0,fly_ball,2,1,2026,-1.29,1.13,-0.367846606403065,2.114747202915571,,,,0,3,Bot,132.26,58.65,,,,,7.266697454011466,-142.5282454808298,-5.584143036103539,-19.346449501036947,35.69763810595083,-15.624291307697648,3.202452428,1.616190945,347.0,94.9,39.0,97.6,2368.0,6.3,824684,663886,668715,701398,663647,682829,668709,670770,666181,54.18,0.06,0.109,0.0,1.0,0.0,0.0,3.0,22,4,4-Seam Fastball,0,1,0,1,1,0,0,1,Infield shade,Standard,232.0,-0.032,-0.31,81.7,7.7,,0.211,0.31,94.9,-1,-1,0.441,0.441,23,24,23,24,1,0,,1.0,19.0,1,1.26,1.29,-1.29,28.9,15.331705524339226,-16.477934306235316,38.19772767463527,42.94177300940862,36.950816687855415,0,0,0,0,0,1,home
FS,2026-05-04,82.3,-1.26,5.5,"Crow-Armstrong, Pete",691718,641941,triple,hit_into_play,,,,,5.0,Pete Crow-Armstrong triples (2) on a sharp fly ball to center fielder Dane Myers.,R,L,R,CHC,CIN,X,8.0,fly_ball,1,2,2026,-0.81,-0.03,0.166399959195254,2.2815369187226877,,,,0,9,Bot,158.36,40.39,,,,,4.88672456080142,-119.8349530098344,-0.4823673190451164,-8.775056049734497,23.80166438330007,-32.589035867485684,3.202452428,1.616190945,398.0,103.6,35.0,83.7,839.0,7.2,824684,663886,701398,680574,663647,682829,668709,667472,668715,53.25,0.66,1.323,1.6,1.0,1.0,2.0,6.0,74,5,Split-Finger,3,4,3,4,4,3,3,4,Infield shade,Standard,253.0,0.384,1.055,76.5,7.2,,2.583,-1.055,103.6,-1,-1,0.177,0.177,35,24,35,24,1,3,4.0,1.0,1.0,1,3.4,0.81,-0.81,48.3,18.852193280812116,-9.968890014417696,31.18606405855703,35.95988084276317,40.87327415818675,1,0,0,0,0,1,home
SL,2026-05-04,85.8,1.63,6.57,"Crow-Armstrong, Pete",691718,656271,strikeout,swinging_strike,,,,,5.0,Pete Crow-Armstrong strikes out swinging.,R,L,L,CHC,CIN,S,2.0,,1,2,2026,0.02,0.34,0.054403904688584,2.1116052120719164,,,608348.0,0,7,Bot,,,,,,,-3.717222346501382,-124.79495676173715,-4.7242292973941495,0.9539479268284852,26.16120709986084,-27.8464298581483,3.202452428,1.616190945,,,,85.8,2180.0,6.4,824684,663886,668715,701398,663647,682829,668709,667472,666181,54.07,,0.0,0.0,1.0,0.0,0.0,,57,4,Slider,3,3,3,3,3,3,3,3,Strategic,Standard,148.0,-0.038,-0.173,76.1,8.0,0.905953032,,0.173,,0,0,0.628,0.628,29,24,30,24,1,2,2.0,1.0,2.0,1,2.77,0.02,0.02,49.7,24.583752713124472,-27.570441467330923,29.301079490483964,37.200021513016814,50.86565921832059,0,0,0,1,0,1,home
ST,2026-05-05,85.8,2.26,6.06,"Crow-Armstrong, Pete",691718,671096,strikeout,swinging_strike_blocked,,,,,13.0,Pete Crow-Armstrong strikes out swinging.,R,L,L,CHC,CIN,S,2.0,,1,2,2026,-1.11,-0.05,-1.2225759336458355,0.3935962087442566,,683737.0,665804.0,1,5,Bot,,,,,,,-5.85516350183301,-124.6834781471142,-6.732945236959073,-10.350180690040238,25.80295579548667,-31.54381507019536,3.202452428,1.616190945,,,,86.0,2940.0,6.6,824682,663886,701398,680574,663647,682829,668709,670770,668715,53.92,,0.0,0.0,1.0,0.0,0.0,,38,4,Sweeper,0,1,0,1,1,0,0,1,Standard,Standard,317.0,-0.048,-0.169,53.3,7.8,3.588267456,,0.169,,-1,-1,0.455,0.455,27,24,27,24,2,1,5.0,1.0,5.0,1,3.17,-1.11,-1.11,52.4,7.046155381157866,4.114900886125742,39.82606660725029,49.107794970314785,28.168862927983987,0,0,0,1,0,1,home
ST,2026-05-05,82.9,2.5,6.12,"Crow-Armstrong, Pete",691718,671096,field_out,hit_into_play,,,,,8.0,Pete Crow-Armstrong flies out to left fielder JJ Bleday.,R,L,L,CHC,CIN,X,7.0,fly_ball,1,1,2026,-1.07,0.02,0.0002130048948616,2.005679389013645,,,,2,3,Bot,68.75,102.05,,,,,-3.522623913160051,-120.73718352146454,-2.7105146588503928,-9.686212233974793,24.363375980335327,-31.64824771797736,3.202452428,1.616190945,279.0,90.1,40.0,83.1,2822.0,6.4,824682,663886,701398,680574,663647,682829,668709,670770,668715,54.05,0.011,0.014,0.0,1.0,0.0,0.0,3.0,20,3,Sweeper,0,1,0,1,1,0,0,1,Standard,Standard,300.0,-0.012,-0.245,75.4,7.0,,0.023,0.245,90.1,-1,-1,0.389,0.389,27,24,27,24,1,0,5.0,1.0,5.0,1,3.3,-1.07,-1.07,51.7,4.525294273439475,2.036884366206745,37.93299123844665,33.50940891968121,34.667555807836536,0,0,0,0,0,1,home
SV,2026-05-05,83.3,-2.34,5.36,"Crow-Armstrong, Pete",691718,663574,field_out,hit_into_play,,,,,8.0,Pete Crow-Armstrong grounds out to first baseman Sal Stewart.,R,L,R,CHC,CIN,X,3.0,ground_ball,0,0,2026,0.92,-0.44,0.2238731794862537,1.5510262346706534,,,665804.0,2,8,Bot,150.0,176.37,,,,,3.9436123061677617,-121.3161646274986,-1.2079786463706812,8.28576112003703,23.81919468196782,-36.4759656384866,3.202452428,1.616190945,8.0,98.4,-13.0,82.6,2118.0,5.8,824682,663886,701398,680574,663647,682829,670770,667472,668715,54.7,0.231,0.208,0.0,1.0,0.0,0.0,2.0,67,1,Slurve,2,2,2,2,2,2,2,2,Standard,Standard,38.0,-0.05,-0.274,,,,0.245,0.274,98.4,0,0,0.55,0.55,29,24,29,24,1,3,2.0,1.0,3.0,1,3.72,-0.92,0.92,21.5,,,,,,0,0,0,0,0,1,home
FF,2026-05-05,98.7,-1.61,5.8,"Crow-Armstrong, Pete",691718,683175,single,hit_into_play,,,,,1.0,Pete Crow-Armstrong singles on a sharp line drive to center fielder TJ Friedl.,R,L,R,CHC,CIN,X,8.0,line_drive,1,1,2026,-0.6,1.43,-0.5994973148914611,3.223965289141492,,,,1,7,Bot,130.95,75.46,,,,,4.091999136534626,-143.60145678812242,-4.661174374154384,-9.25339546660493,37.03676975248256,-11.618560205827588,3.202452428,1.616190945,223.0,108.5,11.0,97.6,2403.0,5.9,824682,663886,701398,680574,663647,682829,668709,670770,668715,54.55,0.946,0.961,0.9,1.0,1.0,0.0,5.0,54,3,4-Seam Fastball,0,2,0,2,2,0,0,2,Infield shade,Standard,227.0,0.048,0.427,73.8,6.9,,1.284,-0.427,108.5,-2,-2,0.18,0.18,25,24,25,24,1,2,3.0,1.0,2.0,1,0.94,0.6,-0.6,37.6,13.162545907004771,7.47084862478086,22.98756457344467,44.73227648647996,26.55311950971667,1,0,0,0,0,1,home
SL,2026-05-06,81.8,-1.35,5.21,"Crow-Armstrong, Pete",691718,663903,field_out,hit_into_play,,,,,14.0,Pete Crow-Armstrong flies out to right fielder Will Benson.,R,L,R,CHC,CIN,X,9.0,fly_ball,0,2,2026,0.37,-0.07,0.6278777044942466,1.4126661181697031,,,683737.0,1,2,Bot,162.18,97.34,,,,,3.699999311806637,-119.1943443963472,-1.7251505679701626,2.9350277870585035,20.578437146898484,-32.71636768741921,3.202452428,1.616190945,268.0,93.3,49.0,83.0,2368.0,6.8,824683,624431,668715,680574,701398,682829,668709,670770,666181,53.73,0.003,0.003,0.0,1.0,0.0,0.0,3.0,16,4,Slider,2,1,2,1,1,2,2,1,Infield shade,Standard,90.0,-0.016,-0.162,79.9,8.5,,0.005,0.162,93.3,1,1,0.648,0.648,29,24,30,24,1,0,5.0,1.0,6.0,1,3.44,-0.37,0.37,23.3,22.90396713675644,-23.95853222243925,45.2757371853568,29.810619990996436,42.988962384942674,0,0,0,0,0,1,home
SL,2026-05-06,89.9,-0.12,6.23,"Crow-Armstrong, Pete",691718,668933,home_run,hit_into_play,,,,,14.0,Pete Crow-Armstrong homers (4) on a fly ball to left center field. Carson Kelly scores.,R,L,R,CHC,CIN,X,,fly_ball,3,2,2026,0.67,0.0,0.1047374192881829,1.346462132602273,,,608348.0,1,9,Bot,77.77,55.27,,,,,-0.8841998003253784,-130.98021307305652,-5.825414708859557,7.967557852097546,26.931720148742563,-31.213815828844112,3.202452428,1.616190945,375.0,104.5,23.0,88.8,2907.0,5.5,824683,663886,668715,680574,663647,682829,668709,667472,666181,54.99,0.843,1.474,2.0,1.0,0.0,3.0,6.0,75,6,Slider,4,6,4,6,6,6,6,6,Infield shade,Standard,44.0,0.455,1.401,77.9,7.7,,2.734,-1.401,104.5,-2,-2,0.127,0.127,28,24,28,24,1,3,2.0,1.0,3.0,1,2.81,-0.67,0.67,52.5,7.357503090608903,-1.797591594295225,43.68132083757622,36.255244326817845,31.629544140441983,1,1,0,0,0,1,home
SL,2026-05-06,83.4,-1.23,5.14,"Crow-Armstrong, Pete",691718,663903,hit_by_pitch,hit_by_pitch,,,,,14.0,Pete Crow-Armstrong hit by pitch.,R,L,R,CHC,CIN,B,,,1,0,2026,0.36,-0.04,2.1915086298281774,0.6144253729106048,,,,2,4,Bot,,,,,,,7.094955707987456,-121.2733861330562,-3.640593940874546,2.1441409124959865,24.44516502472683,-31.99534465920608,3.202452428,1.616190945,,,,84.0,2440.0,6.8,824683,624431,668715,680574,701398,682829,668709,670770,666181,53.7,,0.729295,0.7,1.0,0.0,0.0,,34,2,Slider,4,1,4,1,1,4,4,1,Infield shade,Standard,107.0,0.004,0.295,,,,,-0.295,,3,3,0.843,0.843,29,24,30,24,2,1,5.0,1.0,6.0,1,3.33,-0.36,0.36,26.5,,,,,,0,0,0,0,0,0,home
SI,2026-05-06,90.0,1.69,5.0,"Crow-Armstrong, Pete",691718,594580,single,hit_into_play,,,,,5.0,Pete Crow-Armstrong singles on a ground ball to right fielder Will Benson.,R,L,L,CHC,CIN,X,9.0,ground_ball,2,1,2026,1.34,-0.14,0.134245002886171,2.2434380855376257,,,,0,7,Bot,155.36,111.65,,,,,-6.448680390727755,-130.8166250282554,-0.3579364826104652,16.72556455624015,29.713024742076072,-33.875799499897454,3.202452428,1.616190945,63.0,102.1,2.0,86.8,2484.0,4.5,824683,624431,668715,680574,701398,682829,668709,670770,666181,55.98,0.54,0.515,0.9,1.0,1.0,0.0,4.0,55,4,Sinker,4,2,4,2,2,4,4,2,Infield shade,Standard,110.0,0.013,0.394,78.0,7.1,,0.64,-0.394,102.1,2,2,0.889,0.889,34,24,34,24,1,2,1.0,1.0,4.0,1,2.97,1.34,1.34,19.1,11.880197325546954,-1.9249994203220833,31.465680373183147,36.49012958135083,33.05444843782701,1,0,0,0,0,1,home
CH,2026-05-07,86.0,-2.18,5.46,"Crow-Armstrong, Pete",691718,695076,walk,ball,,,,,14.0,Pete Crow-Armstrong walks.,R,L,R,CHC,CIN,B,,,3,2,2026,-1.71,-0.29,1.2191617660751948,1.1626316457338732,,,,0,3,Bot,,,,,,,11.40178283422932,-124.68618718893624,-3.050528285369719,-20.101752128047806,25.30867936293379,-34.74306294098889,3.202452428,1.616190945,,,,85.5,1935.0,6.2,824681,663886,668715,701398,663647,680574,668709,667472,694362,54.32,,0.698334,0.7,1.0,0.0,0.0,,20,6,Changeup,1,0,1,0,0,1,1,0,Infield shade,Standard,258.0,0.027,0.361,,,,,-0.361,,1,1,0.674,0.674,24,24,24,24,1,0,5.0,1.0,31.0,1,3.4,1.71,-1.71,21.2,,,,,,0,0,1,0,0,0,home
FF,2026-05-07,95.7,-1.0,5.92,"Crow-Armstrong, Pete",691718,683742,field_out,hit_into_play,,,,,3.0,Pete Crow-Armstrong flies out to left fielder JJ Bleday.,R,L,R,CHC,CIN,X,7.0,fly_ball,0,0,2026,-0.73,1.46,0.3400531674539869,2.956695059306007,,624424.0,621020.0,2,7,Bot,78.31,83.61,,,,,5.208433084180567,-139.27768889186785,-5.419902957920129,-10.66530221424614,29.69413161261051,-12.165124673894756,3.202452428,1.616190945,310.0,89.6,38.0,96.5,2337.0,6.6,824681,663886,668715,701398,663647,680574,668709,667472,694362,53.86,0.02,0.028,0.0,1.0,0.0,0.0,3.0,68,1,4-Seam Fastball,8,1,8,1,1,8,8,1,Standard,Standard,206.0,-0.001,-0.284,73.3,6.6,,0.043,0.284,89.6,7,7,0.997,0.997,25,24,26,24,1,3,2.0,1.0,16.0,1,1.02,0.73,-0.73,40.3,12.032236733606606,5.731487941887286,30.381728962779707,33.52697980312951,30.955389304066365,0,0,0,0,0,1,home
FF,2026-05-07,98.5,-1.84,5.75,"Crow-Armstrong, Pete",691718,683175,single,hit_into_play,,,,,9.0,Pete Crow-Armstrong singles on a ground ball to center fielder Dane Myers. Michael Conforto scores. Dansby Swanson to 3rd.,R,L,R,CHC,CIN,X,8.0,ground_ball,0,1,2026,-0.81,1.28,0.725083403095783,1.858322852510275,,624424.0,621020.0,1,4,Bot,141.28,103.92,,,,,8.724414147717711,-142.99258844484626,-7.840814148558485,-13.130825509978097,33.57774885414494,-12.878449859475396,3.202452428,1.616190945,6.0,97.7,-18.0,97.7,2418.0,6.0,824681,663886,668715,701398,663647,680574,668709,667472,694362,54.5,0.179,0.163,0.9,1.0,1.0,0.0,2.0,33,2,4-Seam Fastball,3,0,3,0,0,4,4,0,Standard,Standard,223.0,0.058,0.515,72.1,6.1,,0.19,-0.515,97.7,3,3,0.875,0.875,25,24,25,24,1,1,2.0,1.0,5.0,1,1.08,0.81,-0.81,35.8,-7.24560234521756,13.011553018987446,45.34543054267247,28.773653176564316,22.569572890380915,1,0,0,0,0,1,home
SI,2026-05-07,98.1,-2.05,5.7,"Crow-Armstrong, Pete",691718,682825,field_out,hit_into_play,,,,,14.0,"Pete Crow-Armstrong grounds out, second baseman Sal Stewart to first baseman Spencer Steer.",R,L,R,CHC,CIN,X,4.0,ground_ball,1,0,2026,-1.64,0.34,0.0898203240915012,0.8921134562100019,,,,0,6,Bot,140.35,167.3,,,,,9.58796484602408,-142.25406805772627,-7.99800678481441,-24.56752035002892,34.65084021375708,-25.752059791155137,3.202452428,1.616190945,1.0,84.1,-38.0,97.8,2252.0,6.5,824681,663886,668715,701398,663647,680574,668709,667472,694362,54.05,0.086,0.08,0.0,1.0,0.0,0.0,2.0,54,2,Sinker,8,1,8,1,1,8,8,1,Standard,Standard,216.0,-0.001,-0.303,79.4,8.1,,0.091,0.303,88.0,7,7,0.993,0.993,25,24,25,24,1,2,6.0,1.0,5.0,1,2.06,1.64,-1.64,31.0,15.074498606165832,-4.49712607834862,44.41551315886685,37.240542313307856,38.50478067335736,0,0,0,0,0,1,home
SL,2026-05-08,82.5,-2.21,6.01,"Crow-Armstrong, Pete",691718,677958,strikeout,swinging_strike,,,,,14.0,Pete Crow-Armstrong strikes out swinging.,R,L,R,TEX,CHC,S,2.0,,3,2,2026,0.22,-0.27,0.5095537272090745,0.8265103765148236,,608348.0,,1,4,Top,,,,,,,5.71455669158194,-120.00709792331592,-4.528708213049444,1.065848928442491,22.4190894620406,-34.12581905103541,3.202452428,1.616190945,,,,83.2,2130.0,6.7,822904,643376,669394,677649,673962,608369,696030,694497,607043,53.83,,0.0,0.0,1.0,0.0,0.0,,27,6,Slider,0,3,3,0,3,0,3,0,Infield shade,Standard,45.0,0.022,-0.312,76.4,8.8,3.475351872,,0.312,,-3,3,0.173,0.827,26,24,27,24,2,1,6.0,1.0,5.0,1,3.61,-0.22,0.22,41.0,32.43577708200735,-29.379556411137816,43.95132000971777,31.345424121014258,55.95825335203133,0,0,0,1,0,1,away
FS,2026-05-08,87.0,-1.36,6.23,"Crow-Armstrong, Pete",691718,615698,double,hit_into_play,,,,,13.0,Pete Crow-Armstrong hits a ground-rule double (5) on a fly ball to left field. Michael Busch scores.,R,L,R,TEX,CHC,X,,fly_ball,2,2,2026,-1.18,0.21,-0.8402892939892119,2.14449327044267,,683737.0,,2,6,Top,31.35,83.14,,,,,3.711389928427135,-126.58231077658456,-3.773170599386436,-13.460441593821836,28.40068380267544,-29.305315001071435,3.202452428,1.616190945,329.0,100.2,23.0,87.0,1105.0,6.5,822904,643376,669394,679822,673962,608369,677649,694497,607043,53.96,0.477,0.683,1.25,1.0,1.0,1.0,5.0,45,5,Split-Finger,1,3,3,1,4,1,4,1,Infield shade,Standard,245.0,-0.092,0.962,73.7,6.8,,1.166,-0.962,100.2,-2,2,0.236,0.764,31,24,31,24,1,2,6.0,1.0,5.0,1,2.83,1.18,-1.18,45.5,0.047352866731943,19.21220567854242,35.84006768516153,45.21264047511065,24.018882263015406,1,0,0,0,0,1,away
CH,2026-05-08,90.2,-2.39,5.82,"Crow-Armstrong, Pete",691718,677958,field_out,hit_into_play,,,,,7.0,Pete Crow-Armstrong lines out to shortstop Corey Seager.,R,L,R,TEX,CHC,X,6.0,line_drive,0,1,2026,-1.19,0.43,-0.312262930585129,1.72033472417088,,,,1,2,Top,123.62,138.91,,,,,7.737605696147963,-131.0946722035685,-4.9561232706670975,-15.403270740207567,27.73005938652134,-26.34764304039888,3.202452428,1.616190945,198.0,108.6,9.0,90.7,1560.0,6.7,822904,643376,669394,677649,673962,608369,696030,694497,607043,53.82,0.777,0.79,0.0,1.0,0.0,0.0,4.0,11,2,Changeup,0,1,1,0,1,0,1,0,Infield shade,Standard,231.0,0.013,-0.221,78.0,7.2,,1.013,0.221,108.6,-1,1,0.42,0.58,26,24,27,24,1,0,6.0,1.0,5.0,1,2.38,1.19,-1.19,36.4,5.411360288433981,12.764339689528908,45.35077278188414,38.42820684506496,27.50056922255268,0,0,0,0,0,1,away
SI,2026-05-08,90.1,2.59,5.34,"Crow-Armstrong, Pete",691718,641302,single,hit_into_play,,,,,12.0,Pete Crow-Armstrong singles on a soft ground ball to shortstop Corey Seager.,R,L,L,TEX,CHC,X,6.0,ground_ball,0,1,2026,1.57,0.66,0.8748320147467867,2.600271323855051,,,,0,8,Top,121.45,176.32,,,,,-7.6037437629404785,-131.06906654645437,-2.0486140096471073,19.678162492408532,28.196040587238556,-24.384554573360717,3.202452428,1.616190945,6.0,48.4,-22.0,90.1,2085.0,6.3,822904,643376,669394,679822,673962,608369,677649,694497,607043,54.16,0.179,0.161,0.9,1.0,1.0,0.0,1.0,60,2,Sinker,1,7,7,1,7,1,7,1,Infield shade,Standard,134.0,-0.001,0.487,67.7,5.6,,0.184,-0.487,88.0,-6,6,0.008,0.992,31,24,32,24,1,3,1.0,1.0,3.0,1,2.16,1.57,1.57,26.8,-8.70956312349555,21.774086065974792,40.12123239256629,24.208015107051885,22.003990011817365,1,0,0,0,0,1,away
FC,2026-05-09,93.3,-1.45,5.63,"Crow-Armstrong, Pete",691718,683004,field_out,hit_into_play,,,,,6.0,"Pete Crow-Armstrong grounds out, first baseman Justin Foscue to pitcher Jack Leiter.",R,L,R,TEX,CHC,X,3.0,ground_ball,1,1,2026,-0.05,1.15,0.5131174691087005,2.328895838877917,,,,0,4,Top,158.09,168.31,,,,,5.135195064012901,-135.92268695113586,-5.205381263141236,-1.6822399607084109,26.418406646296337,-16.912454037381078,3.202452428,1.616190945,11.0,91.5,-12.0,94.4,2477.0,6.6,822905,543309,679822,677649,673962,608369,696030,694497,607043,53.9,0.197,0.192,0.0,1.0,0.0,0.0,2.0,29,3,Cutter,2,0,0,2,0,2,0,2,Infield shade,Standard,197.0,0.026,-0.247,76.3,6.9,,0.236,0.247,91.5,2,-2,0.73,0.27,26,24,26,24,2,1,6.0,1.0,6.0,1,1.43,0.05,-0.05,49.4,9.026680615932417,2.1374776045846815,37.152711498691595,29.816693343340745,34.101924280208614,0,0,0,0,0,1,away
CH,2026-05-09,88.8,-1.46,5.59,"Crow-Armstrong, Pete",691718,683004,field_out,hit_into_play,,,,,6.0,Pete Crow-Armstrong flies out to left fielder Alejandro Osuna in foul territory.,R,L,R,TEX,CHC,X,7.0,fly_ball,0,0,2026,-1.19,0.97,0.3102070928611571,2.219420306288785,,683737.0,608348.0,0,2,Top,46.29,126.14,,,,,6.851946080123077,-129.1291812943179,-4.063481125226222,-14.798081489760955,27.07398672067032,-20.689856941858743,3.202452428,1.616190945,267.0,82.8,42.0,89.3,1513.0,6.6,822905,543309,679822,677649,673962,608369,696030,694497,607043,53.87,0.006,0.005,0.0,1.0,0.0,0.0,3.0,11,1,Changeup,0,0,0,0,0,0,0,0,Infield shade,Standard,224.0,0.053,-0.252,75.0,6.7,,0.007,0.252,88.0,0,0,0.405,0.595,26,24,26,24,1,0,6.0,1.0,6.0,1,1.93,1.19,-1.19,43.9,5.443311582358616,2.213712296284576,38.390870250997224,31.629362076176367,29.350517303521805,0,0,0,0,0,1,away
FC,2026-05-09,90.4,-3.98,5.02,"Crow-Armstrong, Pete",691718,686560,walk,ball,,,,,11.0,Pete Crow-Armstrong walks.,R,L,R,TEX,CHC,B,,,3,2,2026,-0.12,0.38,-2.516312160570674,3.728255036613923,,,,0,9,Top,,,,,,,3.8476731583720816,-131.60660878125535,1.994783562949488,-2.1867652369392387,26.628451230463416,-28.384871306041394,3.202452428,1.616190945,,,,90.0,2661.0,5.9,822905,543309,679822,677649,673962,608369,664059,694497,696030,54.57,,0.698334,0.7,1.0,0.0,0.0,,69,7,Cutter,6,0,0,6,0,6,0,6,Infield shade,Standard,153.0,-0.003,0.361,,,,,-0.361,,6,-6,0.997,0.003,25,24,25,24,1,3,2.0,1.0,3.0,1,2.4,0.12,-0.12,16.7,,,,,,0,0,1,0,0,0,away
CH,2026-05-09,89.1,1.11,5.96,"Crow-Armstrong, Pete",691718,656222,field_out,hit_into_play,,,,,14.0,"Pete Crow-Armstrong grounds out, second baseman Ezequiel Duran to first baseman Justin Foscue.",R,L,L,TEX,CHC,X,4.0,ground_ball,0,0,2026,1.55,0.29,0.2289718187521316,1.4059763878981597,,,,1,6,Top,152.01,148.54,,,,,-5.404763340417425,-129.56776954348103,-5.437215667272545,18.540510428099292,28.838968830558105,-27.935558025572167,3.202452428,1.616190945,5.0,96.8,-17.0,88.1,1941.0,5.9,822905,543309,679822,677649,673962,608369,696030,694497,607043,54.62,0.211,0.19,0.0,1.0,0.0,0.0,2.0,47,1,Changeup,5,0,0,5,0,5,0,5,Strategic,Standard,120.0,0.007,-0.262,77.1,7.3,,0.231,0.262,96.8,5,-5,0.963,0.037,32,24,33,24,1,2,2.0,1.0,2.0,1,2.6,1.55,1.55,41.6,-0.2141400479995243,4.671745721658538,42.81001709367789,33.6494016988723,28.011966385852897,0,0,0,0,0,1,away
SL,2026-05-10,90.5,-1.6,5.73,"Crow-Armstrong, Pete",691718,594798,field_out,hit_into_play,,,,,8.0,Pete Crow-Armstrong pops out to third baseman Josh Jung.,R,L,R,TEX,CHC,X,5.0,popup,1,2,2026,0.17,0.25,0.1511565356628458,1.7769423518027958,,,,2,5,Top,115.9,193.93,,,,,3.997323971939676,-131.89146274505347,-4.364876762897995,1.2086661772883625,25.728380663279477,-28.543750970182664,3.202452428,1.616190945,33.0,84.3,80.0,91.9,2610.0,6.9,822902,643376,679822,677649,673962,608369,696030,694497,607043,53.61,0.011,0.012,0.0,1.0,0.0,0.0,3.0,33,4,Slider,1,0,0,1,0,1,0,1,Infield shade,Standard,112.0,0.011,-0.18,87.9,8.1,,0.015,0.18,88.0,1,-1,0.697,0.303,38,24,38,24,2,1,5.0,1.0,6.0,2,2.5,-0.17,0.17,35.7,22.04716747892025,-5.885898235983554,30.731290557770517,34.674844161641346,46.13509727066946,0,0,0,0,0,1,away
FF,2026-05-10,94.3,1.66,6.05,"Crow-Armstrong, Pete",691718,656641,field_out,hit_into_play,,,,,7.0,"Pete Crow-Armstrong grounds out, second baseman Ezequiel Duran to first baseman Justin Foscue.",R,L,L,TEX,CHC,X,4.0,ground_ball,1,1,2026,0.72,1.39,-0.6652471570403155,2.0724939528735025,,,,0,8,Top,146.94,155.13,,,,,-7.625465708973845,-136.90659625877473,-7.541957925929576,10.799273491402868,31.395476509441263,-13.118286437421196,3.202452428,1.616190945,20.0,101.1,-5.0,94.5,2198.0,6.6,822902,643376,679822,677649,673962,608369,696030,694497,607043,53.89,0.392,0.356,0.0,1.0,0.0,0.0,2.0,53,3,4-Seam Fastball,1,0,0,1,0,1,0,1,Infield shade,Standard,153.0,0.051,-0.247,72.7,7.8,,0.447,0.247,101.1,1,-1,0.748,0.252,30,24,30,24,1,2,4.0,1.0,2.0,2,1.19,0.72,0.72,57.4,14.771822099075,-7.012054613397454,28.499982981798613,43.31817775896587,35.52195178364034,0,0,0,0,0,1,away
FF,2026-05-10,97.7,-1.55,5.65,"Crow-Armstrong, Pete",691718,594798,field_out,hit_into_play,,,,,6.0,Pete Crow-Armstrong pops out to shortstop Corey Seager.,R,L,R,TEX,CHC,X,6.0,popup,1,1,2026,-0.66,1.33,0.3955124559602923,2.1395697218218945,,,,0,3,Top,117.03,151.07,,,,,6.7702457215640734,-141.94237977458403,-6.84273671602721,-10.530886214453115,33.42069018746409,-12.846347098003662,3.202452428,1.616190945,137.0,97.5,69.0,98.1,2496.0,6.7,822902,643376,679822,677649,673962,608369,696030,694497,607043,53.85,0.014,0.017,0.0,1.0,0.0,0.0,3.0,16,3,4-Seam Fastball,0,0,0,0,0,0,0,0,Infield shade,Standard,221.0,0.024,-0.247,77.9,7.9,,0.021,0.247,97.5,0,0,0.501,0.499,38,24,38,24,1,0,5.0,1.0,6.0,2,1.07,0.66,-0.66,31.7,19.317833934753185,-13.89708110241633,35.230662498859665,31.58293754660648,41.25450166130554,0,0,0,0,0,1,away
CU,2026-05-12,83.7,-2.55,5.84,"Crow-Armstrong, Pete",691718,656550,strikeout,swinging_strike_blocked,,,,,14.0,"Pete Crow-Armstrong strikes out swinging, catcher Drake Baldwin to first baseman Matt Olson.",R,L,R,ATL,CHC,S,2.0,,1,2,2026,0.26,-0.85,0.4730647723580117,0.1460557927042258,,,,1,3,Top,,,,,,,6.335060217402274,-121.84068036028096,-4.7751390845547235,1.4495514008573336,22.45553436987644,-39.96439816420211,3.202452428,1.616190945,,,,83.5,2966.0,6.0,824927,686948,621566,645277,663586,673490,643289,671739,573262,54.49,,0.0,0.0,1.0,0.0,0.0,,15,5,Curveball,0,0,0,0,0,0,0,0,Strategic,Standard,36.0,0.013,-0.183,76.5,9.0,6.047386524,,0.183,,0,0,0.53,0.47,30,24,30,24,1,0,11.0,2.0,5.0,1,4.08,-0.26,0.26,42.1,29.4485717214848,-27.02891420188552,46.10586562197771,29.975750052768092,51.534198503227415,0,0,0,1,0,1,away
FF,2026-05-12,98.0,-2.88,4.88,"Crow-Armstrong, Pete",691718,800311,field_out,hit_into_play,,,,,14.0,Pete Crow-Armstrong pops out softly to third baseman Austin Riley.,R,L,R,ATL,CHC,X,5.0,popup,1,2,2026,-0.97,1.16,1.0114976019843358,2.0093116457871645,,,,2,7,Top,109.44,171.45,,,,,12.797813047769717,-142.19629015723547,-4.866563829741337,-16.053442992664205,31.079731188475808,-15.372119653237904,3.202452428,1.616190945,88.0,40.2,51.0,99.1,2217.0,7.0,824927,686948,621566,645277,663586,673490,643289,671739,640492,53.53,0.126,0.116,0.0,1.0,0.0,0.0,1.0,55,4,4-Seam Fastball,5,2,2,5,2,5,2,5,Strategic,Standard,229.0,0.006,-0.18,69.8,6.8,,0.131,0.18,88.0,3,-3,0.935,0.065,21,24,21,24,2,2,6.0,2.0,3.0,1,1.21,0.97,-0.97,21.7,-3.198868505596896,-5.490675090210777,47.41347843003631,21.140014397677785,29.76857177514798,0,0,0,0,0,1,away
FF,2026-05-12,97.5,-2.9,4.95,"Crow-Armstrong, Pete",691718,800311,strikeout,swinging_strike,,,,,1.0,Pete Crow-Armstrong strikes out swinging.,R,L,R,ATL,CHC,S,2.0,,3,2,2026,-1.14,1.26,-0.7585689915975942,3.0511553309612895,,,,0,5,Top,,,,,,,8.432226695543847,-141.70029319453317,-2.385946948938087,-17.258887765374684,33.84467191929635,-14.83642654610322,3.202452428,1.616190945,,,,98.5,2212.0,7.0,824927,686948,621566,645277,663586,673490,643289,671739,573262,53.51,,0.0,0.0,1.0,0.0,0.0,,32,6,4-Seam Fastball,1,2,2,1,2,1,2,1,Strategic,Standard,226.0,0.03,-0.346,67.0,5.8,0.946764576,,0.346,,-1,1,0.356,0.644,21,24,21,24,1,1,6.0,2.0,3.0,1,1.15,1.14,-1.14,21.9,-6.531957509480655,34.779941583724714,35.144564786179274,43.78898590295958,7.566491756931128,0,0,0,1,0,1,away
SL,2026-05-13,83.7,-1.95,5.29,"Crow-Armstrong, Pete",691718,702275,field_out,hit_into_play,,,,,7.0,"Pete Crow-Armstrong grounds out softly, pitcher JR Ritchie to first baseman Matt Olson. Carson Kelly to 2nd.",R,L,R,ATL,CHC,X,1.0,ground_ball,1,0,2026,0.33,0.19,-0.2945317910950883,1.8704310778621256,,,608348.0,0,5,Top,126.0,204.5,,,,,3.144838613862047,-121.9892775212658,-1.6576501927715164,2.646896751895695,23.74707168192033,-30.195597137641737,3.202452428,1.616190945,1.0,50.2,-76.0,84.3,2559.0,6.6,824928,506702,621566,645277,663586,673490,643289,671739,640492,53.9,0.186,0.167,0.0,1.0,0.0,0.0,1.0,31,2,Slider,1,0,0,1,0,1,0,1,Infield shade,Standard,76.0,0.034,-0.382,77.8,8.0,,0.191,0.382,88.0,1,-1,0.577,0.423,23,24,23,24,2,1,9.0,1.0,5.0,1,3.05,-0.33,0.33,25.5,25.32351334645688,-13.044619884040593,33.22923447702964,38.02798094710412,48.75405916607437,0,0,0,0,0,1,away
CH,2026-05-13,89.8,-1.86,5.38,"Crow-Armstrong, Pete",691718,702275,walk,ball,,,,,11.0,Pete Crow-Armstrong walks.,R,L,R,ATL,CHC,B,,,3,2,2026,-0.72,0.15,-1.5271157362952985,4.384467480915195,,,,1,3,Top,,,,,,,2.372012868269297,-130.7322088475251,3.342077492770105,-8.76153719103587,27.505211297077796,-31.364459783862955,3.202452428,1.616190945,,,,90.3,1842.0,6.6,824928,506702,621566,645277,663586,673490,643289,671739,640492,53.91,,0.698334,0.7,1.0,0.0,0.0,,14,10,Changeup,0,0,0,0,0,0,0,0,Strategic,Standard,245.0,-0.024,0.339,,,,,-0.339,,0,0,0.521,0.479,23,24,23,24,1,0,9.0,1.0,5.0,1,2.67,0.72,-0.72,22.6,,,,,,0,0,1,0,0,0,away
SL,2026-05-13,82.8,-1.63,5.61,"Crow-Armstrong, Pete",691718,628452,field_out,hit_into_play,,,,,2.0,Pete Crow-Armstrong pops out to shortstop Ha-Seong Kim.,R,L,R,ATL,CHC,X,6.0,popup,0,0,2026,1.15,0.35,-0.0646823022717909,2.853567698148833,,,,2,9,Top,108.91,145.59,,,,,1.2417106013535777,-120.66406969332948,-0.3656998299666856,11.05436307288914,21.950424266078095,-28.871796957890336,3.202452428,1.616190945,149.0,95.1,68.0,82.5,2675.0,5.9,824928,686948,621566,645277,663586,673490,643289,671739,573262,54.62,0.009,0.008,0.0,1.0,0.0,0.0,3.0,64,1,Slider,4,1,1,4,1,4,1,4,Standard,Standard,69.0,0.004,-0.26,76.9,7.3,,0.009,0.26,95.1,3,-3,0.996,0.004,36,24,36,24,1,3,1.0,1.0,2.0,1,2.95,-1.15,1.15,32.9,24.793780204952903,-9.645014866100562,29.146977677225745,36.06725019192425,40.25506193977805,0,0,0,0,0,1,away
FF,2026-05-13,93.1,1.47,6.6,"Crow-Armstrong, Pete",691718,669276,strikeout,called_strike,,,,,4.0,"Sandy León challenged (pitch result), call on the field was overturned: Pete Crow-Armstrong called out on strikes.",R,L,L,ATL,CHC,S,2.0,,2,2,2026,0.62,1.66,-0.809263113440956,2.44082003754638,,,,1,7,Top,,,,,,,-7.146809172278312,-135.26001907331172,-8.360192498695506,9.101235790598068,28.14254293559195,-10.168643217891878,3.202452428,1.616190945,,,,93.2,2360.0,6.4,824928,506702,621566,645277,663586,673490,643289,671739,640492,54.14,,0.0,0.0,1.0,0.0,0.0,,46,5,4-Seam Fastball,1,1,1,1,1,1,1,1,Infield shade,Standard,162.0,0.025,-0.235,,,,,0.235,,0,0,0.543,0.457,31,24,32,24,1,2,1.0,1.0,2.0,1,0.97,0.62,0.62,49.1,,,,,,0,0,0,1,0,1,away
SI,2026-05-14,95.7,3.1,4.78,"Crow-Armstrong, Pete",691718,519242,field_out,hit_into_play,,,,,8.0,"Pete Crow-Armstrong grounds out, second baseman Ozzie Albies to first baseman Matt Olson.",R,L,L,ATL,CHC,X,4.0,ground_ball,3,1,2026,1.61,0.12,0.2446648208161159,1.6468516119830183,,,,0,5,Top,142.79,148.01,,,,,-11.215294280185756,-138.91770762799553,-2.718741110215967,23.29088052655556,29.691933923464234,-30.247428215425167,3.202452428,1.616190945,15.0,92.6,-6.0,96.7,2162.0,6.9,824926,686948,621566,645277,663586,673490,643289,671739,573262,53.64,0.238,0.219,0.0,1.0,0.0,0.0,2.0,33,5,Sinker,0,0,0,0,0,0,0,0,Strategic,Standard,109.0,0.049,-0.449,69.5,6.7,,0.271,0.449,92.6,0,0,0.481,0.519,37,24,37,24,2,1,6.0,1.0,6.0,1,2.37,1.61,1.61,10.4,-0.1585717644226309,6.804555372390767,41.22670244731318,28.82456928551337,25.797791053214848,0,0,0,0,0,1,away
SI,2026-05-14,97.8,2.95,4.83,"Crow-Armstrong, Pete",691718,519242,single,hit_into_play,,,,,3.0,Pete Crow-Armstrong singles on a line drive to left fielder Mauricio Dubón. Miguel Amaya to 2nd.,R,L,L,ATL,CHC,X,7.0,line_drive,1,1,2026,1.39,0.18,0.4434827719505925,2.843371854740272,,,665804.0,2,2,Top,97.36,119.0,,,,,-10.01743835976976,-142.154365074549,-0.0996937217560068,21.206242990778374,32.696792162472825,-29.985029555797077,3.202452428,1.616190945,181.0,67.7,21.0,98.5,2141.0,6.7,824926,686948,621566,645277,663586,673490,643289,671739,573262,53.77,0.843,0.759,0.9,1.0,1.0,0.0,4.0,12,3,Sinker,0,0,0,0,0,0,0,0,Standard,Standard,111.0,-0.023,0.356,69.5,5.9,,0.871,-0.356,88.0,0,0,0.529,0.471,37,24,37,24,1,0,6.0,1.0,6.0,1,2.21,1.39,1.39,9.7,-1.2552026789770676,10.699467850173916,32.43480462867965,25.11460721877544,24.466470121151183,1,0,0,0,0,1,away
FF,2026-05-14,94.0,-1.68,5.61,"Crow-Armstrong, Pete",691718,625643,walk,ball,,,,,14.0,Pete Crow-Armstrong walks.,R,L,R,ATL,CHC,B,,,3,1,2026,-0.81,1.54,0.7254396393474147,1.4801296194783258,,,,1,7,Top,,,,,,,8.008820078208393,-136.45777704973324,-8.231425408337135,-11.855651827701903,29.624366822912123,-11.260618336968388,3.202452428,1.616190945,,,,94.5,2139.0,6.7,824926,686948,621566,645277,663586,673490,643289,671739,573262,53.84,,0.698334,0.7,1.0,0.0,0.0,,50,5,4-Seam Fastball,0,1,1,0,1,0,1,0,Infield shade,Standard,213.0,-0.016,0.244,,,,,-0.244,,-1,1,0.322,0.678,32,24,32,24,1,2,5.0,1.0,3.0,1,1.05,0.81,-0.81,41.8,,,,,,0,0,1,0,0,0,away
FC,2026-05-14,87.0,1.87,4.8,"Crow-Armstrong, Pete",691718,607481,field_out,hit_into_play,,,,,4.0,Pete Crow-Armstrong flies out to center fielder Michael Harris II.,R,L,L,ATL,CHC,X,8.0,fly_ball,1,2,2026,-0.2,0.52,-0.7307115401247363,2.2438092447633102,,,,2,9,Top,110.29,100.29,,,,,-5.755917036721118,-126.61737796294096,-0.8963133585399604,-1.0243490318468425,24.16128113755539,-26.56279466288047,3.202452428,1.616190945,251.0,81.5,46.0,87.4,2018.0,6.4,824926,686948,621566,645277,663586,673490,643289,671739,573262,54.14,0.014,0.013,0.0,1.0,0.0,0.0,3.0,67,4,Cutter,0,2,2,0,2,0,2,0,Strategic,Standard,136.0,0.004,-0.18,73.0,7.5,,0.014,0.18,88.0,-2,2,0.091,0.909,32,24,33,24,1,3,6.0,1.0,4.0,1,2.47,-0.2,-0.2,5.0,19.015445989638703,-2.280070711912631,34.612225509551656,40.80656784273314,37.2225408320037,0,0,0,0,0,1,away
FF,2026-05-15,91.9,3.1,5.24,"Crow-Armstrong, Pete",691718,663542,single,hit_into_play,,,,,7.0,"Pete Crow-Armstrong singles on a line drive to right fielder Jarred Kelenic. Seiya Suzuki scores. Matt Shaw out at home on the throw, right fielder Jarred Kelenic to catcher Drew Romo. Carson Kelly to 2nd.",R,L,L,CWS,CHC,X,9.0,line_drive,2,2,2026,0.77,1.09,-0.5747051250074756,1.881544256231308,673548.0,807713.0,608348.0,2,7,Top,159.22,97.16,,,,,-11.089897638680196,-133.36578930828472,-4.9351845565858286,11.47850888879452,27.14182002873346,-18.240504586011447,3.202452428,1.616190945,188.0,98.1,11.0,93.8,2085.0,7.4,824601,691011,808959,805367,678246,695657,803011,671976,672284,53.07,0.834,0.821,0.9,1.0,1.0,0.0,4.0,62,5,4-Seam Fastball,4,5,5,4,6,4,6,4,Standard,Standard,123.0,-0.076,0.586,,,,1.03,-0.586,98.1,-1,1,0.297,0.703,29,24,29,24,1,3,3.0,1.0,2.0,1,1.61,0.77,0.77,18.7,,,,,,1,0,0,0,0,1,away
KC,2026-05-15,82.0,-2.11,6.27,"Crow-Armstrong, Pete",691718,680732,fielders_choice_out,hit_into_play,,,,,14.0,"Pete Crow-Armstrong reaches on a fielder's choice out, pitcher Sean Burke to catcher Drew Romo. Moisés Ballesteros out at home. Carson Kelly to 2nd.",R,L,R,CWS,CHC,X,1.0,ground_ball,0,0,2026,0.15,-1.07,1.3653402761911515,2.1109194312390955,694208.0,,608348.0,1,4,Top,130.24,187.82,,,,,7.497758010720442,-119.20674912407311,-0.5009141744428067,0.0173977864055273,22.770395894254055,-42.50349856011291,3.202452428,1.616190945,25.0,28.8,6.0,82.6,2475.0,6.7,824601,691011,808959,805367,678246,695657,803011,671976,672284,53.77,0.343,0.309,0.0,1.0,0.0,0.0,1.0,27,1,Knuckle Curve,1,2,2,1,2,1,2,1,Standard,Standard,22.0,0.075,0.04,20.1,3.3,,0.348,-0.04,88.0,-1,1,0.308,0.692,26,24,27,24,2,1,7.0,1.0,5.0,1,4.46,-0.15,0.15,40.2,-71.97373522579349,-105.56396593211598,31.18921059988949,16.821104832236312,39.46643856416195,0,0,0,0,0,1,away
KC,2026-05-15,81.4,-2.18,6.17,"Crow-Armstrong, Pete",691718,680732,strikeout,swinging_strike,,,,,13.0,Pete Crow-Armstrong strikes out swinging. Pete Crow-Armstrong to 1st. Wild pitch by pitcher Sean Burke.,R,L,R,CWS,CHC,S,,,2,2,2026,0.45,-1.13,-0.6551148918844825,-0.0936970885336738,,,,2,2,Top,,,,,,,2.5296428603159575,-118.5657576696458,-5.021077696686224,3.8012883884392856,21.590514044171456,-42.18377915729626,3.202452428,1.616190945,,,,82.4,2458.0,6.8,824601,691011,808959,805367,678246,695657,803011,671976,672284,53.72,,0.0,0.7,1.0,0.0,0.0,,11,6,Knuckle Curve,0,1,1,0,1,0,1,0,Infield shade,Standard,27.0,-0.012,0.414,75.0,8.2,5.044064544,,-0.414,,-1,1,0.434,0.566,26,24,27,24,1,0,7.0,1.0,5.0,1,4.55,-0.45,0.45,41.2,21.371710825387535,-11.849863173138678,44.75500952008761,39.923042327843206,45.16671845186019,0,0,0,1,0,1,away
FF,2026-05-15,99.2,-0.52,6.02,"Crow-Armstrong, Pete",691718,691799,strikeout,swinging_strike,,,,,12.0,Pete Crow-Armstrong strikes out swinging.,R,L,R,CWS,CHC,S,2.0,,2,2,2026,-0.38,1.46,0.1223611244087911,3.558610545253587,,,,0,6,Top,,,,,,,2.685656519215515,-144.30946245795104,-4.636186586319347,-5.898722197922122,36.19001750585671,-10.917411612857553,3.202452428,1.616190945,,,,100.4,2382.0,7.2,824601,691011,808959,805367,678246,695657,803011,671976,672284,53.35,,0.0,0.0,1.0,0.0,0.0,,47,6,4-Seam Fastball,3,4,4,3,4,3,4,3,Infield shade,Standard,194.0,0.021,-0.232,39.8,4.0,3.277787796,,0.232,,-1,1,0.344,0.656,24,24,24,24,1,2,3.0,1.0,2.0,1,0.87,0.38,-0.38,58.4,-19.27659254198371,57.93613360610665,44.83129969928546,30.04880192162861,5.939416520679523,0,0,0,1,0,1,away
SL,2026-05-15,88.7,2.02,5.76,"Crow-Armstrong, Pete",691718,805326,field_out,hit_into_play,,,,,7.0,Pete Crow-Armstrong lines out sharply to center fielder Tristan Peters.,R,L,L,CWS,CHC,X,8.0,line_drive,2,1,2026,-0.4,0.36,-0.4214358637971045,1.771716077251186,807713.0,608348.0,,2,8,Top,134.06,46.11,,,,,-5.065036770647376,-129.2163760460263,-4.325280991302785,-3.5928228849767843,24.452728450034332,-27.431291066989147,3.202452428,1.616190945,378.0,105.0,21.0,89.6,2384.0,6.6,824601,691011,808959,805367,678246,695657,803011,671976,672284,53.94,0.72,1.077,0.0,1.0,0.0,0.0,6.0,74,4,Slider,4,10,10,4,10,4,10,4,Infield shade,Standard,167.0,0.002,-0.265,,,,1.864,0.265,105.0,-6,6,0.008,0.992,25,24,26,24,1,4,3.0,1.0,46.0,1,2.5,-0.4,-0.4,43.8,,,,,,0,0,0,0,0,1,away
FF,2026-05-16,96.3,-1.89,5.79,"Crow-Armstrong, Pete",691718,663436,strikeout,called_strike,,,,,1.0,Pete Crow-Armstrong called out on strikes.,R,L,R,CWS,CHC,S,2.0,,0,2,2026,-0.28,1.03,-0.7746391179853211,3.303465390953132,,,,2,5,Top,,,,,,,3.5725005275576613,-140.31708500432063,-3.2905809257140204,-4.450776328517417,28.91367623765876,-18.007003260516967,3.202452428,1.616190945,,,,96.9,2442.0,6.4,824600,691011,808959,805367,678246,695657,803011,671976,672284,54.13,,0.0,0.0,1.0,0.0,0.0,,35,3,4-Seam Fastball,5,0,0,5,0,5,0,5,Infield shade,Standard,216.0,0.002,-0.154,,,,,0.154,,5,-5,0.958,0.042,29,24,29,24,2,1,6.0,1.0,6.0,1,1.41,0.28,-0.28,34.7,,,,,,0,0,0,1,0,1,away
FF,2026-05-16,94.6,-1.98,5.9,"Crow-Armstrong, Pete",691718,663436,field_out,hit_into_play,,,,,8.0,Pete Crow-Armstrong flies out to center fielder Tristan Peters.,R,L,R,CWS,CHC,X,8.0,fly_ball,0,0,2026,-0.27,1.19,-0.0171766487716322,2.062669446999404,,,,1,3,Top,114.24,60.11,,,,,5.658395943736943,-137.7170773695499,-6.856722891682592,-4.570483950882271,27.865537521164217,-15.73087853325274,3.202452428,1.616190945,345.0,92.6,32.0,95.1,2438.0,6.3,824600,691011,808959,805367,678246,695657,803011,671976,672284,54.17,0.097,0.178,0.0,1.0,0.0,0.0,3.0,17,1,4-Seam Fastball,3,0,0,3,0,3,0,3,Infield shade,Standard,216.0,0.015,-0.262,76.7,7.2,,0.322,0.262,92.6,3,-3,0.816,0.184,29,24,29,24,1,0,6.0,1.0,6.0,1,1.34,0.27,-0.27,35.9,8.405272072787309,3.198003612534289,40.26027712502706,30.436133696714936,34.95441039396364,0,0,0,0,0,1,away
FF,2026-05-16,92.8,-2.14,6.39,"Crow-Armstrong, Pete",691718,670950,home_run,hit_into_play,,,,,3.0,Pete Crow-Armstrong homers (5) on a fly ball to right field. Michael Conforto scores.,R,L,R,CWS,CHC,X,,fly_ball,0,1,2026,-0.3,1.56,0.4638488028651007,2.8508742808224103,,624424.0,,1,9,Top,225.23,80.72,,,,,7.26923841673199,-134.93408843820987,-6.581308077209059,-5.114146124049155,26.48956763491307,-11.787330208424777,3.202452428,1.616190945,380.0,100.4,35.0,93.4,2227.0,6.5,824600,691011,808959,805367,678246,695657,803011,671976,672284,54.01,0.351,0.688,2.0,1.0,0.0,3.0,5.0,68,2,4-Seam Fastball,8,1,1,8,3,8,3,8,Infield shade,Standard,202.0,-0.001,1.335,76.1,6.9,,1.329,-1.335,100.4,7,-7,0.999,0.001,33,24,33,24,1,3,1.0,1.0,2.0,1,1.07,0.3,-0.3,55.1,17.481720495323202,-10.375181899264964,30.451739332408128,26.668431219415716,37.43950781180388,1,1,0,0,0,1,away
SI,2026-05-16,88.1,4.35,4.88,"Crow-Armstrong, Pete",691718,685126,walk,ball,,,,,12.0,Pete Crow-Armstrong walks. Matt Shaw to 2nd.,R,L,L,CWS,CHC,B,,,3,2,2026,1.29,0.77,1.4300798487329347,2.5473744629296986,,,807713.0,1,7,Top,,,,,,,-9.829034918783965,-128.01516771958322,-1.0118170725914677,16.132613949311907,25.282853245561064,-23.68667150993856,3.202452428,1.616190945,,,,89.2,2052.0,7.0,824600,691011,808959,805367,678246,695657,803011,671976,672284,53.54,,0.698334,0.7,1.0,0.0,0.0,,53,6,Sinker,8,1,1,8,1,8,1,8,,,142.0,-0.005,0.264,,,,,-0.264,,7,-7,0.99,0.01,28,24,28,24,1,2,32.0,1.0,2.0,1,2.17,1.29,1.29,28.5,,,,,,0,0,1,0,0,0,away
ST,2026-05-17,81.7,-1.64,5.81,"Crow-Armstrong, Pete",691718,607200,field_out,hit_into_play,,,,,14.0,Pete Crow-Armstrong lines out to right fielder Derek Hill.,R,L,R,CWS,CHC,X,9.0,line_drive,3,2,2026,2.23,-0.05,0.0629748307188233,1.389376996630077,624424.0,608348.0,,2,3,Top,179.91,84.74,,,,,-0.5940026584885136,-118.95932717860636,-3.0082586103899587,21.135041593564527,24.646928215823785,-32.25751722943864,3.202452428,1.616190945,313.0,94.3,20.0,81.8,2628.0,6.5,824599,700337,808959,805367,678246,695657,803011,671976,656537,54.01,0.303,0.342,0.0,1.0,0.0,0.0,4.0,25,7,Sweeper,1,3,3,1,3,1,3,1,Infield shade,Standard,107.0,0.048,-0.268,76.9,7.7,,0.516,0.268,94.3,-2,2,0.28,0.72,33,24,33,24,2,1,5.0,1.0,6.0,1,3.48,-2.23,2.23,33.1,15.00350834124352,4.23331715055532,42.353720481807606,31.73309675577834,34.98557875369623,0,0,0,0,0,1,away
FS,2026-05-17,86.6,-1.5,5.68,"Crow-Armstrong, Pete",691718,622554,field_out,hit_into_play,,,,,9.0,Pete Crow-Armstrong lines out to second baseman Chase Meidroth.,R,L,R,CWS,CHC,X,4.0,line_drive,1,2,2026,-0.54,-0.07,0.3218585976694392,1.8574139273992205,,,,2,9,Top,154.5,146.36,,,,,5.457449738899778,-126.16972122341642,-2.695048696893452,-6.755643469510568,20.67564066557336,-32.643188224146904,3.202452428,1.616190945,154.0,80.6,13.0,88.1,1022.0,6.7,824599,700337,808959,805367,678246,695657,671976,682668,656537,53.76,0.569,0.527,0.0,1.0,0.0,0.0,4.0,80,4,Split-Finger,7,7,7,7,7,7,7,7,Infield shade,Standard,260.0,0.024,-0.18,75.9,7.2,,0.642,0.18,88.0,0,0,0.615,0.385,31,24,32,24,1,4,4.0,1.0,7.0,1,3.05,0.54,-0.54,35.0,8.54297301732169,2.2039190379992815,40.61035476193892,30.016095892600532,35.26037906284441,0,0,0,0,0,1,away
SI,2026-05-17,93.6,2.55,5.76,"Crow-Armstrong, Pete",691718,656794,hit_by_pitch,hit_by_pitch,,,,,12.0,Pete Crow-Armstrong hit by pitch. Michael Conforto to 2nd.,R,L,L,CWS,CHC,B,,,0,0,2026,1.42,0.6,1.7617438047697316,2.8841576502964275,,,624424.0,2,5,Top,,,,,,,-5.16150736012723,-136.4069702147288,-2.9290816147863135,18.849398910670523,25.26516927693996,-24.21375412198021,3.202452428,1.616190945,,,,93.9,2350.0,6.0,824599,700337,808959,805367,678246,695657,803011,671976,656537,54.48,,0.729295,0.7,1.0,0.0,0.0,,42,1,Sinker,2,4,4,2,4,2,4,2,Standard,Standard,129.0,-0.016,0.266,,,,,-0.266,,-2,2,0.27,0.73,33,24,33,24,1,2,3.0,1.0,3.0,1,1.96,1.42,1.42,24.8,,,,,,0,0,0,0,0,0,away
FF,2026-05-17,90.6,3.18,5.15,"Crow-Armstrong, Pete",691718,663542,hit_by_pitch,hit_by_pitch,,,,,12.0,Pete Crow-Armstrong hit by pitch. Matt Shaw to 2nd.,R,L,L,CWS,CHC,B,,,0,0,2026,1.08,0.98,1.4845718848432383,3.0306590819535217,,,807713.0,0,8,Top,,,,,,,-6.640641377650006,-131.94717644748803,-1.4405108283998496,13.952835181381936,23.06890575562391,-20.443722978955687,3.202452428,1.616190945,,,,93.0,2218.0,7.2,824599,700337,808959,805367,678246,695657,671976,682668,656537,53.26,,0.729295,0.7,1.0,0.0,0.0,,65,1,4-Seam Fastball,4,4,4,4,4,4,4,4,Infield shade,Standard,124.0,-0.096,0.422,,,,,-0.422,,0,0,0.432,0.568,29,24,29,24,1,3,2.0,1.0,2.0,1,1.75,1.08,1.08,16.4,,,,,,0,0,0,0,0,0,away
ST,2026-05-17,82.0,-1.8,5.78,"Crow-Armstrong, Pete",691718,607200,field_out,hit_into_play,,,,,14.0,Pete Crow-Armstrong flies out to right fielder Derek Hill.,R,L,R,CWS,CHC,X,9.0,fly_ball,0,0,2026,0.99,0.28,0.2382593998099763,0.7886508800887797,,,,0,2,Top,162.15,118.54,,,,,2.597118460257959,-119.53931658401798,-5.122067436046386,9.175216411465229,20.22000147407744,-28.818741560374676,3.202452428,1.616190945,220.0,74.0,46.0,82.6,2624.0,6.3,824599,700337,808959,805367,678246,695657,803011,671976,656537,54.19,0.166,0.16,0.0,1.0,0.0,0.0,3.0,11,1,Sweeper,0,3,3,0,3,0,3,0,Infield shade,Standard,68.0,0.014,-0.259,79.6,8.4,,0.209,0.259,88.0,-3,3,0.222,0.778,33,24,33,24,1,0,5.0,1.0,6.0,1,3.07,-0.99,0.99,28.5,21.88225941226685,-27.31891698507592,44.17309848875555,29.10115097822413,54.74903480900511,0,0,0,0,0,1,away
FF,2026-05-18,96.2,-2.24,5.79,"Crow-Armstrong, Pete",691718,687075,strikeout,called_strike,,,,,3.0,Pete Crow-Armstrong called out on strikes.,R,L,R,CHC,MIL,S,2.0,,1,2,2026,-0.7,1.16,0.4816477241005023,2.8113738173652223,,,608348.0,0,5,Bot,,,,,,,8.745372762242805,-139.77742981527405,-4.789058692780035,-11.1780767892481,31.579788771025076,-15.991433476703431,3.202452428,1.616190945,,,,96.2,,6.4,824680,661388,683734,668930,650859,687401,641343,694192,686217,54.13,,0.0,0.0,1.0,0.0,0.0,,43,5,4-Seam Fastball,0,8,0,8,8,0,0,8,Infield shade,Standard,,-0.005,-0.173,,,,,0.173,,-8,-8,0.02,0.02,25,24,26,24,2,1,6.0,1.0,6.0,1,1.31,0.7,-0.7,44.1,,,,,,0,0,0,1,0,1,home
SL,2026-05-18,85.8,1.46,5.56,"Crow-Armstrong, Pete",691718,675660,strikeout,swinging_strike,,,,,13.0,Pete Crow-Armstrong strikes out swinging.,R,L,L,CHC,MIL,S,2.0,,0,2,2026,-0.46,-0.17,-0.3525712688323014,0.8247002255036211,,,,0,9,Bot,,,,,,,-3.271979843873747,-125.0457769515572,-4.393133836726725,-4.285478558601449,23.17003556549239,-33.39904268586371,3.202452428,1.616190945,,,,86.2,,6.3,824680,661388,641343,668930,650859,687401,694192,663368,686217,54.25,,0.0,0.0,1.0,0.0,0.0,,76,3,Slider,3,9,3,9,9,3,3,9,Standard,Standard,,-0.001,-0.164,74.6,7.5,2.005351272,,0.164,,-6,-6,0.002,0.002,27,24,27,24,2,3,6.0,1.0,4.0,1,3.24,-0.46,-0.46,32.5,11.296499862255494,3.0231781558187416,37.35979105514882,38.001681015872464,35.51891349683462,0,0,0,1,0,1,home
FF,2026-05-18,98.1,-2.51,5.64,"Crow-Armstrong, Pete",691718,687075,field_out,hit_into_play,,,,,8.0,"Pete Crow-Armstrong grounds out, shortstop Joey Ortiz to first baseman Andrew Vaughn.",R,L,R,CHC,MIL,X,6.0,ground_ball,0,0,2026,-0.35,0.91,-0.0992327121786323,2.0612681554415455,,,,2,2,Bot,117.18,137.59,,,,,7.253011463167627,-142.70809668764255,-6.144083158112881,-6.402798928499249,31.268148703142693,-18.48205335745617,3.202452428,1.616190945,15.0,106.5,-7.0,98.2,,6.2,824680,661388,683734,668930,650859,687401,641343,694192,686217,54.26,0.437,0.398,0.0,1.0,0.0,0.0,2.0,15,1,4-Seam Fastball,0,1,0,1,1,0,0,1,Standard,Standard,,-0.012,-0.26,74.5,6.4,,0.476,0.26,106.5,-1,-1,0.4,0.4,25,24,26,24,1,0,6.0,1.0,6.0,1,1.45,0.35,-0.35,36.8,-7.652162032484616,16.047003852213923,42.63084517612206,37.04581666841614,23.595459861720535,0,0,0,0,0,1,home
FF,2026-05-18,95.8,1.49,5.55,"Crow-Armstrong, Pete",691718,675660,field_out,hit_into_play,,,,,1.0,Pete Crow-Armstrong flies out to left fielder Jackson Chourio.,R,L,L,CHC,MIL,X,7.0,fly_ball,3,2,2026,1.0,1.21,-0.3209627153163216,2.931706225745093,,673548.0,608348.0,1,6,Bot,88.0,107.67,,,,,-7.0074201443359785,-139.276924600795,-3.867556231903257,14.618936407744645,32.243801848689465,-15.802377371124976,3.202452428,1.616190945,247.0,96.4,58.0,95.4,,6.2,824680,661388,641343,668930,650859,687401,694192,663368,686217,54.3,0.014,0.014,0.0,1.0,0.0,0.0,3.0,58,6,4-Seam Fastball,3,9,3,9,9,3,3,9,Standard,Standard,,-0.024,-0.315,84.9,7.0,,0.02,0.315,96.4,-6,-6,0.054,0.054,27,24,27,24,1,2,6.0,1.0,4.0,1,1.29,1.0,1.0,35.1,9.77013258213906,-5.63793279722307,30.459983664746883,38.211268092049266,34.719843979209756,0,0,0,0,0,1,home
FF,2026-05-19,98.5,-1.71,5.25,"Crow-Armstrong, Pete",691718,694819,strikeout,swinging_strike,,,,,4.0,Pete Crow-Armstrong strikes out swinging.,R,L,R,CHC,MIL,S,2.0,,2,2,2026,-0.98,1.25,-0.6720038407802933,2.5365509473833736,,,621020.0,0,5,Bot,,,,,,,5.220644660728572,-143.3606371374159,-4.7823082370529555,-14.70734542566195,33.110106176688966,-14.036809789950308,3.202452428,1.616190945,,,,100.6,2548.0,7.4,824677,661388,641343,668930,650859,666152,694192,669003,686217,53.08,,0.0,0.0,1.0,0.0,0.0,,42,5,4-Seam Fastball,0,3,0,3,3,0,0,3,Standard,Standard,217.0,-0.036,-0.215,68.4,6.0,1.533107724,,0.215,,-3,-3,0.231,0.231,24,24,24,24,2,1,6.0,1.0,6.0,1,1.1,0.98,-0.98,31.4,-14.285153972199192,32.69995076615549,43.53144696136853,42.60215726405269,5.797384958327455,0,0,0,1,0,1,home
CU,2026-05-19,87.8,-1.53,5.4,"Crow-Armstrong, Pete",691718,694819,strikeout,swinging_strike,,,,,14.0,Pete Crow-Armstrong strikes out swinging.,R,L,R,CHC,MIL,S,2.0,,0,2,2026,0.58,-0.85,0.8409939935619924,1.1672270559157516,,,,2,2,Bot,,,,,,,4.530719065373286,-127.84524427002611,-2.109188169173326,5.408590656400781,27.66121500709433,-41.212123475663965,3.202452428,1.616190945,,,,89.7,2162.0,7.5,824677,661388,641343,668930,650859,666152,694192,669003,686217,52.98,,0.0,0.0,1.0,0.0,0.0,,17,3,Curveball,0,1,0,1,1,0,0,1,Standard,Standard,39.0,-0.007,-0.154,77.5,7.8,0.458168136,,0.154,,-1,-1,0.395,0.395,24,24,24,24,1,0,6.0,1.0,6.0,1,3.81,-0.58,0.58,38.8,14.836324204621524,-14.149615762535523,44.554781766908874,26.049457768281428,31.0830038543041,0,0,0,1,0,1,home
SI,2026-05-19,98.3,-1.41,5.92,"Crow-Armstrong, Pete",691718,682842,field_out,hit_into_play,,,,,7.0,"Pete Crow-Armstrong grounds out, second baseman Brice Turang to first baseman Jake Bauers.",R,L,R,CHC,MIL,X,4.0,ground_ball,1,0,2026,-1.48,0.52,-0.5014820267683753,1.6402722517950006,,,,1,9,Bot,155.07,148.85,,,,,5.913730376761431,-143.02947728967126,-7.146904002063051,-21.64335884725204,31.734839776774574,-23.573968775333217,3.202452428,1.616190945,6.0,88.2,-15.0,98.7,2446.0,6.4,824677,661388,641343,668930,650859,687401,694192,669003,686217,54.06,0.126,0.114,0.0,1.0,0.0,0.0,2.0,77,2,Sinker,2,5,2,5,5,2,2,5,Standard,Standard,223.0,-0.016,-0.303,76.2,7.8,,0.146,0.303,88.2,-3,-3,0.021,0.021,26,24,26,24,1,3,4.0,1.0,7.0,1,1.83,1.48,-1.48,36.5,14.46089764541674,4.359975228844154,39.74608050506135,41.026366197377385,34.12495247096722,0,0,0,0,0,1,home
SI,2026-05-19,97.0,0.52,6.55,"Crow-Armstrong, Pete",691718,676879,single,hit_into_play,,,,,3.0,Pete Crow-Armstrong singles on a ground ball to left fielder Jackson Chourio.,R,L,L,CHC,MIL,X,7.0,ground_ball,0,0,2026,1.1,0.83,0.3941062484392741,2.7520358789564647,,,,0,8,Bot,87.59,128.22,,,,,-2.8298342309777684,-141.1862711425177,-6.279198948420291,15.410752572312608,30.030796522299493,-19.82708622495479,3.202452428,1.616190945,124.0,70.4,11.0,95.7,1989.0,5.4,824677,661388,641343,668930,650859,687401,694192,669003,686217,55.11,0.306,0.298,0.9,1.0,1.0,0.0,2.0,65,1,Sinker,0,5,0,5,5,0,0,5,Standard,Standard,140.0,0.017,0.445,71.6,5.9,,0.359,-0.445,88.0,-5,-5,0.022,0.022,28,24,28,24,1,2,4.0,1.0,3.0,1,1.57,1.1,1.1,50.2,-4.416073827700752,22.28162327661886,34.966282763232975,29.947984939045863,23.480448884906323,1,0,0,0,0,1,home
FF,2026-05-20,96.8,2.43,4.93,"Crow-Armstrong, Pete",691718,690986,strikeout,foul_tip,,,,,2.0,Pete Crow-Armstrong strikes out on a foul tip.,R,L,L,CHC,MIL,S,2.0,,1,2,2026,0.94,1.33,-0.2751718958915131,2.9657316704720693,,,,1,6,Bot,,,,,,,-9.332627231152427,-140.62851043244223,-2.5737109076561597,14.612779005845503,34.05521079004714,-14.226270099560535,3.202452428,1.616190945,,,,97.0,2459.0,6.6,824678,661388,641343,668930,666152,687401,694192,663368,686217,53.88,,0.0,0.0,1.0,0.0,0.0,,43,4,4-Seam Fastball,0,4,0,4,4,0,0,4,Standard,Standard,127.0,-0.008,-0.183,71.1,5.2,,,0.183,,-4,-4,0.074,0.074,24,24,25,24,2,1,6.0,1.0,6.0,2,1.13,0.94,0.94,30.5,-11.700707987156749,36.6422135098177,33.40489666680987,36.81317661678897,15.613340321413911,0,0,0,1,0,1,home
FF,2026-05-20,96.9,2.35,5.04,"Crow-Armstrong, Pete",691718,690986,strikeout,called_strike,,,,,1.0,Pete Crow-Armstrong called out on strikes.,R,L,L,CHC,MIL,S,2.0,,1,2,2026,1.05,1.28,-0.5257522885182364,2.9758704285217243,,,,1,3,Bot,,,,,,,-10.08648147990472,-140.73707977421537,-2.7626329592873136,16.256751920948613,31.62368245326417,-14.718967447783385,3.202452428,1.616190945,,,,97.5,2505.0,6.7,824678,661388,641343,668930,666152,687401,694192,669003,686217,53.82,,0.0,0.0,1.0,0.0,0.0,,25,4,4-Seam Fastball,0,4,0,4,4,0,0,4,Strategic,Standard,138.0,-0.009,-0.183,,,,,0.183,,-4,-4,0.14,0.14,24,24,25,24,1,0,6.0,1.0,6.0,2,1.16,1.05,1.05,31.7,,,,,,0,0,0,1,0,1,home
FF,2026-05-20,93.4,2.78,5.37,"Crow-Armstrong, Pete",691718,669084,field_out,hit_into_play,,,,,4.0,Pete Crow-Armstrong grounds out to first baseman Jake Bauers.,R,L,L,CHC,MIL,X,3.0,ground_ball,3,2,2026,0.5,1.2,-0.3131206867981118,2.7017680734383394,,,,0,9,Bot,153.04,164.2,,,,,-9.128253282386808,-135.71548378601008,-3.652175414155702,8.180483616884334,29.418874617535295,-16.714493745305543,3.202452428,1.616190945,67.0,84.3,4.0,94.8,2060.0,7.2,824678,661388,641343,668930,666152,687401,694192,663368,686217,53.31,0.33,0.3,0.0,1.0,0.0,0.0,2.0,67,6,4-Seam Fastball,0,5,0,5,5,0,0,5,Standard,Standard,143.0,-0.007,-0.346,77.4,7.3,,0.378,0.346,88.0,-5,-5,0.01,0.01,27,24,28,24,1,2,3.0,1.0,3.0,2,1.42,0.5,0.5,39.0,25.333990196805328,-7.856371993921359,27.11495840885781,37.58076983706957,41.6239147248118,0,0,0,0,0,1,home
FF,2026-05-22,91.4,-2.43,4.73,"Crow-Armstrong, Pete",691718,681293,field_out,hit_into_play,,,,,3.0,Pete Crow-Armstrong pops out to third baseman Isaac Paredes.,R,L,R,CHC,HOU,X,5.0,popup,1,0,2026,-0.71,1.06,0.3532714360587625,2.926149069829761,,,,1,4,Bot,129.24,195.13,,,,,8.663202555828592,-132.93992243534493,-0.8462845153613587,-10.231655165557742,26.916082534721394,-19.63400773541264,3.202452428,1.616190945,15.0,65.5,78.0,93.4,2341.0,7.4,824679,543877,572233,669699,670623,665161,805904,676694,701358,53.13,0.009,0.008,0.0,1.0,0.0,0.0,3.0,36,2,4-Seam Fastball,0,3,0,3,3,0,0,3,Strategic,Standard,224.0,-0.02,-0.303,77.2,7.3,,0.01,0.303,88.0,-3,-3,0.194,0.194,26,24,26,24,2,1,7.0,2.0,6.0,1,1.66,0.71,-0.71,18.3,18.337979994235074,-3.961735166337187,32.125639075415414,31.035684183135352,35.54927635943007,0,0,0,0,0,1,home
CU,2026-05-22,76.0,-2.47,4.9,"Crow-Armstrong, Pete",691718,681293,walk,ball,,,,,11.0,Pete Crow-Armstrong walks.,R,L,R,CHC,HOU,B,,,3,2,2026,1.42,-0.22,-1.3364433662183,2.982724316768326,,,,2,2,Bot,,,,,,,-0.2585729548258441,-110.53515058802157,3.7665814271796383,11.611165167061973,21.36513603074852,-34.924012292433794,3.202452428,1.616190945,,,,76.9,2700.0,7.2,824679,543877,572233,669699,670623,665161,805904,676694,701358,53.35,,0.698334,0.7,1.0,0.0,0.0,,16,6,Curveball,0,0,0,0,0,0,0,0,Infield shade,Standard,59.0,0.011,0.294,,,,,-0.294,,0,0,0.513,0.513,26,24,26,24,1,0,7.0,2.0,6.0,1,4.2,-1.42,1.42,24.4,,,,,,0,0,1,0,0,0,home
SL,2026-05-22,77.7,3.13,5.9,"Crow-Armstrong, Pete",691718,595345,home_run,hit_into_play,,,,,8.0,Pete Crow-Armstrong homers (6) on a fly ball to right field. Miguel Amaya scores.,R,L,L,CHC,HOU,X,,fly_ball,1,0,2026,-1.05,0.22,-0.159460782881073,2.026536158344153,,,665804.0,1,6,Bot,241.75,80.72,,,,,-4.997456874192793,-113.1416437003447,-1.5568904974944433,-8.103314550235151,21.06188371985597,-30.240685399143924,3.202452428,1.616190945,406.0,104.7,31.0,77.6,2294.0,6.2,824679,543877,572233,694728,670623,665161,805904,676694,701358,54.27,0.814,1.66,2.0,1.0,0.0,3.0,6.0,54,2,Slider,0,4,0,4,4,2,2,4,Strategic,Standard,279.0,0.121,1.418,79.0,7.7,,3.237,-1.418,104.7,-4,-4,0.104,0.104,34,24,35,24,1,2,3.0,2.0,1.0,1,3.56,-1.05,-1.05,33.2,20.37862864421081,-20.256500566018993,32.366591640419,31.40856516306999,50.1352968540855,1,1,0,0,0,1,home
SL,2026-05-22,86.0,-1.42,5.69,"Crow-Armstrong, Pete",691718,650556,walk,ball,,,,,3.0,Pete Crow-Armstrong walks. Carson Kelly to 2nd.,R,L,R,CHC,HOU,B,,,3,2,2026,0.59,-0.37,0.4559737124696688,3.233477177225494,,,608348.0,2,8,Bot,,,,,,,3.1983846393418407,-125.31449087978088,1.3251790936495011,5.609660754008707,23.77826318070785,-36.583943061430546,3.202452428,1.616190945,,,,86.5,2760.0,6.4,824679,543877,572233,669397,670623,665161,805904,676694,701358,54.13,,0.698334,0.7,1.0,0.0,0.0,,70,6,Slider,2,4,2,4,4,2,2,4,Infield shade,Standard,59.0,0.038,0.214,,,,,-0.214,,-2,-2,0.126,0.126,29,24,29,24,1,3,3.0,2.0,2.0,1,3.43,-0.59,0.59,50.1,,,,,,0,0,1,0,0,0,home
SI,2026-05-23,93.4,-2.42,5.32,"Crow-Armstrong, Pete",691718,678906,field_out,hit_into_play,,,,,13.0,Pete Crow-Armstrong flies out to center fielder Brice Matthews.,R,L,R,CHC,HOU,X,8.0,fly_ball,1,0,2026,-1.38,0.44,-0.3699771766821851,1.4015423062121204,,,,1,6,Bot,104.74,51.54,,,,,8.275467806444698,-135.71566256480227,-5.09750989849044,-18.84860805902537,28.231350490507737,-25.793040963189274,3.202452428,1.616190945,368.0,97.5,27.0,93.4,2412.0,6.3,824674,663967,572233,669699,670623,665161,805904,694728,701358,54.22,0.323,0.494,0.0,1.0,0.0,0.0,5.0,44,2,Sinker,0,3,0,3,3,0,0,3,Standard,Standard,232.0,-0.021,-0.303,79.1,8.0,,0.871,0.303,97.5,-3,-3,0.138,0.138,27,24,28,24,3,2,7.0,1.0,6.0,1,2.17,1.38,-1.38,24.9,15.16030879395372,-1.7777564307350544,43.85423389444704,39.75187449764982,36.81068567352699,0,0,0,0,0,1,home
CU,2026-05-23,84.0,-2.23,5.56,"Crow-Armstrong, Pete",691718,678906,single,hit_into_play,,,,,14.0,Pete Crow-Armstrong singles on a line drive to right fielder Cam Smith. Dansby Swanson to 3rd.,R,L,R,CHC,HOU,X,9.0,line_drive,0,2,2026,1.38,-0.87,0.2729941074296595,1.3694563660228254,,,621020.0,2,3,Bot,201.72,122.62,,,,,2.9332848276458288,-122.30940574267788,-1.2404783731063955,13.08489073700088,27.0492346799785,-40.76889492214369,3.202452428,1.616190945,171.0,100.5,12.0,83.5,2644.0,6.2,824674,663967,572233,669699,670623,665161,805904,694728,701358,54.27,0.943,0.916,0.9,1.0,1.0,0.0,4.0,22,3,Curveball,0,2,0,2,2,0,0,2,Infield shade,Standard,36.0,0.041,0.444,78.1,8.3,,1.168,-0.444,100.5,-2,-2,0.287,0.287,27,24,28,24,2,1,7.0,1.0,6.0,1,4.13,-1.38,1.38,23.1,22.986525920793984,-16.80457524156054,39.002896691822755,34.12207937512828,43.970445577549114,1,0,0,0,0,1,home
FF,2026-05-23,91.7,2.88,5.42,"Crow-Armstrong, Pete",691718,687911,strikeout,swinging_strike,,,,,11.0,Pete Crow-Armstrong strikes out swinging.,R,L,L,CHC,HOU,S,2.0,,3,2,2026,-0.2,1.01,-0.0633549800843914,3.51170628022881,,,,1,9,Bot,,,,,,,-6.946230642316386,-133.4205741150941,-1.0290475146435547,-0.954005917208712,28.262824895427507,-20.077631120025085,3.202452428,1.616190945,,,,92.3,2193.0,6.6,824674,663967,572233,669397,670623,665161,694728,676694,701358,53.86,,0.0,0.0,1.0,0.0,0.0,,65,8,4-Seam Fastball,0,3,0,3,3,0,0,3,Infield shade,Standard,157.0,-0.017,-0.346,56.3,5.3,0.1,,0.346,,-3,-3,0.022,0.022,29,24,30,24,1,3,1.0,1.0,4.0,1,1.7,-0.2,-0.2,36.0,2.656849074231842,27.401412352666245,27.789319590213395,34.24390066292411,21.251561534159887,0,0,0,1,0,1,home
ST,2026-05-23,84.7,-2.31,5.54,"Crow-Armstrong, Pete",691718,678906,strikeout,swinging_strike,,,,,1.0,Pete Crow-Armstrong strikes out swinging.,R,L,R,CHC,HOU,S,2.0,,2,2,2026,0.82,0.14,-0.2788208160892762,3.003856152622552,,,,0,1,Bot,,,,,,,3.000173833581324,-123.3690827273054,0.3367899906017524,7.696918667144434,25.724979800328253,-31.015035363873025,3.202452428,1.616190945,,,,84.3,2670.0,6.1,824674,663967,572233,669699,670623,665161,805904,694728,701358,54.39,,0.0,0.0,1.0,0.0,0.0,,6,7,Sweeper,0,2,0,2,2,0,0,2,Infield shade,Standard,63.0,-0.02,-0.232,73.2,6.0,1.236822144,,0.232,,-2,-2,0.349,0.349,27,24,28,24,1,0,7.0,1.0,6.0,1,3.04,-0.82,0.82,20.4,0.5364750012843582,25.672357819720137,33.92893897640989,38.55650907712679,17.5097821702517,0,0,0,1,0,1,home
CH,2026-05-24,87.1,-2.57,5.84,"Crow-Armstrong, Pete",691718,663567,sac_fly,hit_into_play,,,,,4.0,Pete Crow-Armstrong out on a sacrifice fly to center fielder Jake Meyers. Carson Kelly scores. Pedro Ramírez to 3rd.,R,L,R,CHC,HOU,X,8.0,fly_ball,1,0,2026,-0.89,0.51,-0.2895387842010173,2.210436716319749,608348.0,699393.0,,1,2,Bot,143.25,52.68,,,,,7.214808000614616,-126.69211835177155,-3.4390654906724785,-10.948602148876814,23.10092376405495,-26.14228043393155,3.202452428,1.616190945,364.0,97.0,31.0,87.2,1497.0,6.1,824676,543877,572233,694728,669397,665161,701305,676694,701358,54.37,,0.46,0.0,1.0,0.0,0.0,5.0,17,2,Changeup,1,1,1,1,1,2,2,1,Standard,Standard,237.0,0.004,-0.243,72.2,7.3,,,0.243,97.0,0,0,0.642,0.642,29,24,29,24,2,1,7.0,1.0,6.0,1,2.47,0.89,-0.89,42.9,12.650368619283084,3.2765223945134188,34.72250745474662,38.284398076747365,37.05058493945585,0,0,0,0,0,0,home
FF,2026-05-24,95.4,-2.33,6.04,"Crow-Armstrong, Pete",691718,805123,walk,ball,,,,,11.0,Pete Crow-Armstrong walks.,R,L,R,CHC,HOU,B,,,3,2,2026,-1.13,1.21,-1.119231445188794,3.529985689631701,,,,0,7,Bot,,,,,,,5.7209507835717694,-138.83268039132025,-3.533911479026452,-15.889238876722509,31.930853239512768,-15.90249450654144,3.202452428,1.616190945,,,,95.2,2213.0,6.2,824676,543877,572233,694728,669397,665161,701305,676694,701358,54.27,,0.698334,0.7,1.0,0.0,0.0,,58,6,4-Seam Fastball,3,7,3,7,7,3,3,7,Infield shade,Standard,217.0,0.029,0.361,,,,,-0.361,,-4,-4,0.076,0.076,25,24,26,24,1,3,4.0,1.0,2.0,1,1.3,1.13,-1.13,39.8,,,,,,0,0,1,0,0,0,home
CH,2026-05-24,89.0,-2.7,5.91,"Crow-Armstrong, Pete",691718,663567,walk,blocked_ball,,,,,13.0,Pete Crow-Armstrong walks. Pedro Ramírez to 2nd.,R,L,R,CHC,HOU,B,,,3,2,2026,-1.03,0.8,-0.5022485800582288,0.6741076442571292,,,699393.0,0,4,Bot,,,,,,,7.486746849616525,-129.23269412315312,-8.254957343394352,-12.975299546488912,24.103587340571437,-21.702101686467103,3.202452428,1.616190945,,,,89.0,1653.0,6.2,824676,543877,572233,694728,669397,665161,701305,676694,701358,54.3,,0.698334,0.7,1.0,0.0,0.0,,34,7,Changeup,3,2,3,2,2,3,3,2,Infield shade,Standard,227.0,0.041,0.346,,,,,-0.346,,1,1,0.725,0.725,29,24,29,24,3,2,7.0,1.0,6.0,1,2.06,1.03,-1.03,43.7,,,,,,0,0,1,0,0,0,home
FF,2026-05-24,96.1,-2.48,6.08,"Crow-Armstrong, Pete",691718,663567,field_out,hit_into_play,,,,,4.0,Pete Crow-Armstrong flies out sharply to center fielder Jake Meyers.,R,L,R,CHC,HOU,X,8.0,fly_ball,3,2,2026,-0.6,1.31,-0.2904748531441631,2.1918196549177065,,,,0,1,Bot,102.75,54.42,,,,,7.0563683697393795,-139.6753523420348,-7.483440748357817,-9.31927062316216,28.488589068911356,-13.574441162190004,3.202452428,1.616190945,362.0,100.2,32.0,96.0,2377.0,6.1,824676,543877,572233,694728,669397,665161,701305,676694,701358,54.42,0.434,0.832,0.0,1.0,0.0,0.0,6.0,4,9,4-Seam Fastball,0,0,0,0,0,0,0,0,Infield shade,Standard,209.0,-0.027,-0.346,76.6,7.3,,1.605,0.346,100.2,0,0,0.553,0.553,29,24,29,24,1,0,7.0,1.0,6.0,1,1.15,0.6,-0.6,49.8,9.590567867223182,2.8401380195688257,32.526508948058485,38.09023120341937,33.48990999636287,0,0,0,0,0,1,home
FF,2026-05-24,98.2,-1.3,5.6,"Crow-Armstrong, Pete",691718,663878,walk,ball,,,,,11.0,"Christian Vázquez challenged (pitch result), call on the field was confirmed: Pete Crow-Armstrong walks.",R,L,R,CHC,HOU,B,,,3,1,2026,-0.42,1.38,-0.2685569576026459,3.3819056640901706,,,,0,9,Bot,,,,,,,3.7993580236851514,-143.00377805719978,-3.677740891181276,-6.671846898654884,32.786756188133275,-12.587727031494524,3.202452428,1.616190945,,,,99.5,2297.0,7.0,824676,543877,572233,669397,669699,665161,694728,676694,701358,53.53,,0.698334,0.7,1.0,0.0,0.0,,75,5,4-Seam Fastball,5,8,5,8,8,5,5,8,Standard,Standard,207.0,0.029,0.258,,,,,-0.258,,-3,-3,0.063,0.063,29,24,30,24,1,4,4.0,1.0,4.0,1,0.98,0.42,-0.42,41.2,,,,,,0,0,1,0,0,0,home
FF,2026-05-25,94.8,-1.33,5.33,"Crow-Armstrong, Pete",691718,669387,field_out,hit_into_play,,,,,5.0,Pete Crow-Armstrong lines out sharply to first baseman Spencer Horwitz.,R,L,R,PIT,CHC,X,3.0,line_drive,2,2,2026,-0.69,0.88,0.1295458524241359,2.446789597782537,,,,0,5,Top,167.79,149.66,,,,,5.373653163695114,-137.95797840201308,-3.707581434244223,-10.031803917531628,29.30272918026867,-20.361614658183473,3.202452428,1.616190945,163.0,101.3,9.0,95.4,1989.0,6.5,823380,680779,687462,664040,693304,804606,691373,665833,668804,53.98,0.66,0.614,0.0,1.0,0.0,0.0,4.0,35,5,4-Seam Fastball,1,0,0,1,0,1,0,1,Infield shade,Standard,226.0,0.027,-0.232,76.1,6.7,,0.749,0.232,101.3,1,-1,0.643,0.357,27,24,27,24,3,2,5.0,1.0,10.0,1,1.65,0.69,-0.69,35.2,12.375790378228812,-0.6864225341512686,32.6863421702909,29.443278695667175,35.76205223403804,0,0,0,0,0,1,away
CU,2026-05-25,82.7,-1.35,5.44,"Crow-Armstrong, Pete",691718,669387,field_out,hit_into_play,,,,,8.0,Pete Crow-Armstrong lines out sharply to first baseman Spencer Horwitz.,R,L,R,PIT,CHC,X,3.0,line_drive,1,2,2026,0.81,-0.62,-0.2469512646951662,1.529707903665285,,,,0,3,Top,171.4,151.49,,,,,0.8861762140136693,-120.49171463735031,-0.925366460035188,7.62896102641456,24.968709607467403,-38.24251499646603,3.202452428,1.616190945,165.0,105.2,10.0,82.5,2608.0,6.2,823380,680779,687462,664040,693304,804606,691373,665833,668804,54.27,0.874,0.869,0.0,1.0,0.0,0.0,4.0,18,5,Curveball,0,0,0,0,0,0,0,0,Infield shade,Standard,37.0,0.018,-0.186,78.0,7.8,,1.124,0.186,105.2,0,0,0.507,0.493,27,24,27,24,2,1,5.0,1.0,10.0,1,3.96,-0.81,0.81,38.2,19.775650791206576,-8.198322471305687,35.054565790042744,34.60413320835046,43.53897452344941,0,0,0,0,0,1,away
CH,2026-05-25,88.7,-1.75,5.6,"Crow-Armstrong, Pete",691718,696062,field_out,hit_into_play,,,,,14.0,"Pete Crow-Armstrong grounds out, first baseman Spencer Horwitz to pitcher Wilber Dotel.",R,L,R,PIT,CHC,X,3.0,ground_ball,2,2,2026,-0.85,0.18,0.1082253441599944,1.206866360540022,,,,1,7,Top,159.92,163.84,,,,,6.346926530477131,-129.18876897829617,-4.987953034724145,-10.731185417977688,21.493215764150072,-29.445695718891383,3.202452428,1.616190945,112.0,100.9,6.0,90.1,1219.0,6.7,823380,680779,687462,664040,693304,804606,691373,665833,668804,53.84,0.609,0.562,0.0,1.0,0.0,0.0,4.0,53,9,Changeup,1,1,1,1,1,1,1,1,Infield shade,Standard,239.0,0.025,-0.235,77.3,7.8,,0.678,0.235,100.9,0,0,0.543,0.457,23,24,24,24,1,3,4.0,1.0,4.0,1,2.67,0.85,-0.85,38.0,8.616949103465956,-6.548719816133906,39.4119273939488,30.637844995275895,40.70554311631183,0,0,0,0,0,1,away
FF,2026-05-25,95.5,-1.38,5.41,"Crow-Armstrong, Pete",691718,669387,field_out,hit_into_play,,,,,7.0,Pete Crow-Armstrong pops out to shortstop Konnor Griffin.,R,L,R,PIT,CHC,X,6.0,popup,0,0,2026,-1.02,1.14,-0.3648913521782542,1.912482016139374,,,,0,1,Top,96.07,129.39,,,,,4.9780036894999755,-139.0526238106206,-6.005958297736327,-14.377369489459552,29.120850982673744,-16.284187061210776,3.202452428,1.616190945,191.0,96.1,66.0,95.9,2164.0,6.3,823380,680779,687462,664040,693304,804606,691373,665833,668804,54.18,0.017,0.02,0.0,1.0,0.0,0.0,3.0,1,1,4-Seam Fastball,0,0,0,0,0,0,0,0,Standard,Standard,231.0,0.022,-0.259,79.7,7.9,,0.026,0.259,96.1,0,0,0.5,0.5,27,24,27,24,1,0,5.0,1.0,10.0,1,1.35,1.02,-1.02,33.4,21.912922193858837,-8.155286417908968,38.82758780477264,34.48472369264499,39.08791731501002,0,0,0,0,0,1,away
FF,2026-05-26,97.4,-0.72,6.15,"Crow-Armstrong, Pete",691718,677952,single,hit_into_play,,,,,8.0,Pete Crow-Armstrong singles on a sharp line drive to right fielder Esmerlyn Valdez.,R,L,R,PIT,CHC,X,9.0,line_drive,0,1,2026,-0.75,1.28,-0.267854081119075,1.976584821180445,,,,1,7,Top,173.88,127.47,,,,,2.952048786759636,-141.63188646259263,-8.44302426703331,-10.83308091332797,30.40326787089861,-13.25988079187763,3.202452428,1.616190945,172.0,105.6,9.0,97.5,2477.0,6.2,823379,680779,687462,664040,693304,804606,668804,665833,699013,54.26,0.76,0.74,0.9,1.0,1.0,0.0,4.0,61,2,4-Seam Fastball,9,1,1,9,1,9,1,9,Standard,Standard,219.0,-0.001,0.46,76.2,7.8,,0.922,-0.46,105.6,8,-8,0.997,0.003,26,24,27,24,4,3,5.0,1.0,5.0,1,1.12,0.75,-0.75,42.5,17.66866867005995,2.378940008389421,37.09635453328538,35.563561525418564,35.940639779220795,1,0,0,0,0,1,away
FF,2026-05-26,98.3,-0.68,5.94,"Crow-Armstrong, Pete",691718,677952,hit_by_pitch,hit_by_pitch,,,,,12.0,Pete Crow-Armstrong hit by pitch.,R,L,R,PIT,CHC,B,,,2,2,2026,-0.44,1.4,0.938534291056212,3.3467037194902147,,608348.0,,2,5,Top,,,,,,,5.355842888818756,-143.03203116737072,-4.671109449124154,-7.209338258040941,32.824014161964314,-12.11288301142942,3.202452428,1.616190945,,,,98.3,2538.0,6.3,823379,680779,687462,664040,693304,804606,668804,665833,699013,54.21,,0.729295,0.7,1.0,0.0,0.0,,38,5,4-Seam Fastball,5,1,1,5,1,5,1,5,Infield shade,Standard,226.0,-0.014,0.188,,,,,-0.188,,4,-4,0.914,0.086,26,24,27,24,3,2,5.0,1.0,5.0,1,0.96,0.44,-0.44,35.2,,,,,,0,0,0,0,0,0,away
FS,2026-05-26,90.9,-1.02,6.07,"Crow-Armstrong, Pete",691718,677952,force_out,hit_into_play,,,,,8.0,"Pete Crow-Armstrong grounds into a force out, second baseman Brandon Lowe to shortstop Konnor Griffin. Dansby Swanson out at 2nd. Pete Crow-Armstrong to 1st.",R,L,R,PIT,CHC,X,4.0,ground_ball,0,0,2026,-1.25,0.48,0.161778192202959,1.973163471108048,,,621020.0,1,3,Top,144.71,150.16,,,,,5.628074218016717,-132.3880210979857,-5.217255764417416,-15.900491447759208,24.46989185247808,-25.726228191278533,3.202452428,1.616190945,94.0,95.4,5.0,91.1,1733.0,6.1,823379,680779,687462,664040,693304,804606,668804,665833,699013,54.43,0.48,0.449,0.0,1.0,0.0,0.0,4.0,21,1,Split-Finger,5,1,1,5,1,5,1,5,Standard,Standard,232.0,0.023,-0.321,75.7,7.0,,0.555,0.321,95.4,4,-4,0.856,0.144,26,24,27,24,2,1,5.0,1.0,5.0,1,2.25,1.25,-1.25,35.3,0.1970120273279281,3.022447352086302,43.08192840502135,30.123435974376708,30.45401018807918,0,0,0,0,0,1,away
FF,2026-05-26,98.5,-0.99,5.95,"Crow-Armstrong, Pete",691718,677952,field_out,hit_into_play,,,,,1.0,Pete Crow-Armstrong pops out to first baseman Spencer Horwitz.,R,L,R,PIT,CHC,X,3.0,popup,0,2,2026,-0.83,1.3,-0.6640395242760475,2.8615779641336614,,,,0,1,Top,162.42,152.85,,,,,2.835361880490839,-143.41037595109393,-5.8462626225416185,-12.125563620992317,29.47412964306552,-13.107159601647652,3.202452428,1.616190945,149.0,92.2,66.0,99.0,2507.0,6.3,823379,680779,687462,664040,693304,804606,668804,665833,699013,54.22,0.014,0.016,0.0,1.0,0.0,0.0,3.0,1,3,4-Seam Fastball,0,0,0,0,0,0,0,0,Strategic,Standard,222.0,0.013,-0.164,74.4,7.8,,0.02,0.164,92.2,0,0,0.509,0.491,26,24,27,24,1,0,5.0,1.0,5.0,1,1.03,0.83,-0.83,34.3,28.384612663879256,-15.360723351027977,27.695276946537035,38.78523229459215,43.83270787848249,0,0,0,0,0,1,away
ST,2026-05-27,84.1,-2.99,4.22,"Crow-Armstrong, Pete",691718,664875,strikeout,swinging_strike,,,,,14.0,Pete Crow-Armstrong strikes out swinging.,R,L,R,PIT,CHC,S,2.0,,0,2,2026,0.94,0.25,1.257248169396873,2.2290595645610916,,621020.0,,1,7,Top,,,,,,,7.835603219421816,-122.24940754902744,1.4561311471787055,7.888391062381459,24.006732363134457,-30.150855947887862,3.202452428,1.616190945,,,,84.3,2839.0,6.5,823376,682848,687462,664040,693304,804606,668804,665833,699013,54.01,,0.0,0.0,1.0,0.0,0.0,,61,3,Sweeper,4,9,9,4,9,4,9,4,Infield shade,Standard,73.0,0.003,-0.173,69.3,9.2,10.664747964,,0.173,,-5,5,0.031,0.969,31,24,32,24,1,4,5.0,1.0,7.0,1,2.97,-0.94,0.94,5.0,26.620108100871175,-80.13442387222963,30.23431521404375,21.642869623300772,71.6765694201731,0,0,0,1,0,1,away
FF,2026-05-27,91.8,3.4,5.3,"Crow-Armstrong, Pete",691718,681895,strikeout,foul_tip,,,,,11.0,Pete Crow-Armstrong strikes out on a foul tip.,R,L,L,PIT,CHC,S,2.0,,1,2,2026,0.41,1.04,-1.1955654683424943,2.5868216900699617,,682634.0,608348.0,1,6,Top,,,,,,,-12.549621135668309,-133.1585683490154,-3.144959136795654,7.447890919923209,26.917550203503097,-19.199443276687255,3.202452428,1.616190945,,,,93.2,2013.0,7.1,823376,682848,687462,664040,693304,804606,668804,665833,699013,53.36,,0.0,0.0,1.0,0.0,0.0,,49,4,4-Seam Fastball,4,4,4,4,4,4,4,4,Standard,Standard,139.0,0.046,-0.169,74.3,6.7,,,0.169,,0,0,0.463,0.537,29,24,29,24,1,3,4.0,1.0,2.0,1,1.66,0.41,0.41,26.1,5.431371074659138,18.99873659695549,29.411540410684744,44.106794111028215,26.16833163547441,0,0,0,1,0,1,away
FF,2026-05-27,99.1,-1.03,5.78,"Crow-Armstrong, Pete",691718,696149,field_out,hit_into_play,,,,,4.0,Pete Crow-Armstrong flies out to left fielder Bryan Reynolds.,R,L,R,PIT,CHC,X,7.0,fly_ball,0,2,2026,-0.59,1.6,-0.5924824497710354,2.676476696405417,,608348.0,621020.0,1,2,Top,87.13,111.47,,,,,2.588840953163958,-144.22664339340116,-6.701641451416334,-8.794099250213693,32.670665727330615,-8.512698236935606,3.202452428,1.616190945,240.0,92.9,57.0,99.9,2435.0,6.7,823376,682848,687462,664040,693304,804606,668804,665833,699013,53.81,0.017,0.02,0.0,1.0,0.0,0.0,3.0,14,3,4-Seam Fastball,0,2,2,0,2,0,2,0,Infield shade,Standard,207.0,0.021,-0.138,78.0,7.1,,0.033,0.138,92.9,-2,2,0.286,0.714,23,24,24,24,2,1,5.0,1.0,6.0,1,0.72,0.59,-0.59,47.2,10.001941973051505,2.905854882466693,28.27971708531778,37.63964955549102,34.42687321935712,0,0,0,0,0,1,away
FF,2026-05-27,98.8,-1.04,5.75,"Crow-Armstrong, Pete",691718,696149,double,hit_into_play,,,,,5.0,Pete Crow-Armstrong doubles (6) on a sharp line drive to right fielder Esmerlyn Valdez. Dansby Swanson scores.,R,L,R,PIT,CHC,X,9.0,line_drive,0,1,2026,-0.84,1.44,-0.0090821685527271,2.196529904769126,,621020.0,,2,4,Top,199.65,70.17,,,,,4.788847177259206,-143.66255423690723,-7.481284718933998,-12.680720477628189,33.972195314337604,-10.654500754286875,3.202452428,1.616190945,365.0,108.9,21.0,99.5,2408.0,6.8,823376,682848,687462,664040,693304,804606,668804,665833,699013,53.74,0.914,1.586,1.25,1.0,1.0,1.0,6.0,32,2,4-Seam Fastball,3,3,3,3,4,3,4,3,Standard,Standard,210.0,-0.132,0.942,78.0,7.4,,2.931,-0.942,108.9,0,0,0.525,0.475,23,24,24,24,3,2,5.0,1.0,6.0,1,0.9,0.84,-0.84,47.0,17.52796562303588,-5.089266375850898,32.84689532582429,31.645463319064618,36.10940802236586,1,0,0,0,0,1,away
SI,2026-05-27,99.0,-1.37,5.55,"Crow-Armstrong, Pete",691718,696149,walk,ball,,,,,14.0,Pete Crow-Armstrong walks.,R,L,R,PIT,CHC,B,,,3,2,2026,-1.19,1.04,1.022553151895382,1.3645667676136053,,,,0,1,Top,,,,,,,9.332155345504251,-143.81628894838053,-8.320465222001317,-18.56298831898373,30.312905792001153,-16.046331314176715,3.202452428,1.616190945,,,,100.2,2321.0,6.8,823376,682848,687462,664040,693304,804606,668804,665833,699013,53.67,,0.698334,0.7,1.0,0.0,0.0,,1,10,Sinker,0,0,0,0,0,0,0,0,Infield shade,Standard,217.0,-0.031,0.361,,,,,-0.361,,0,0,0.495,0.505,23,24,24,24,1,0,5.0,1.0,6.0,1,1.28,1.19,-1.19,42.1,,,,,,0,0,1,0,0,0,away
SI,2026-05-27,94.3,-1.9,5.64,"Crow-Armstrong, Pete",691718,642701,strikeout,swinging_strike,,,,,11.0,Pete Crow-Armstrong strikes out swinging.,R,L,R,PIT,CHC,S,2.0,,1,2,2026,-1.32,1.12,-1.034840907917445,3.1512552847871733,624424.0,608348.0,621020.0,2,8,Top,,,,,,,5.158461184335487,-137.12819993840364,-3.052632760697628,-17.799582781655438,32.67040101162365,-17.60878597412844,3.202452428,1.616190945,,,,93.3,2475.0,5.9,823376,682848,687462,664040,693304,804606,668804,665833,699013,54.57,,0.0,0.0,1.0,0.0,0.0,,74,4,Sinker,4,10,10,4,10,4,10,4,Infield shade,Standard,226.0,0.001,-0.171,68.6,6.1,0.1,,0.171,,-6,6,0.009,0.991,30,24,30,24,1,5,1.0,1.0,3.0,1,1.46,1.32,-1.32,30.4,3.4033839952326983,33.26077430347605,30.06541719210789,44.29009967652466,14.998094598251598,0,0,0,1,0,1,away
FF,2026-05-28,98.3,1.26,5.62,"Crow-Armstrong, Pete",691718,682254,field_out,hit_into_play,,,,,11.0,"Pete Crow-Armstrong grounds out, first baseman Spencer Horwitz to pitcher Mason Montgomery.",R,L,L,PIT,CHC,X,3.0,ground_ball,2,2,2026,0.53,1.5,-0.0292554705667337,3.3730129868210352,,,,2,7,Top,155.86,161.82,,,,,-4.764072235153044,-143.02169350051037,-4.032521868232633,8.403568658463993,33.37961927053378,-10.888897918533312,3.202452428,1.616190945,49.0,100.8,-1.0,99.5,2275.0,7.0,823378,680779,687462,664040,682997,669707,691373,665833,663968,53.52,0.406,0.373,0.0,1.0,0.0,0.0,4.0,54,6,4-Seam Fastball,2,3,3,2,3,2,3,2,Strategic,Standard,155.0,0.011,-0.221,75.4,6.8,,0.44,0.221,100.8,-1,1,0.353,0.647,26,24,26,24,1,3,4.0,1.0,2.0,1,0.86,0.53,0.53,59.2,22.75730217488,-13.470760751337746,19.26116414659161,30.435831184286226,39.05441230123339,0,0,0,0,0,1,away
CH,2026-05-28,89.4,-2.41,5.56,"Crow-Armstrong, Pete",691718,694973,strikeout,swinging_strike,,,,,13.0,Pete Crow-Armstrong strikes out swinging.,R,L,R,PIT,CHC,S,2.0,,2,2,2026,-1.33,0.51,-0.8454061290977779,1.1021682760388751,,,,2,5,Top,,,,,,,6.707373263298341,-129.9406785576507,-5.858362138648048,-16.497960429693013,26.192653814438312,-25.423257143904216,3.202452428,1.616190945,,,,90.0,1763.0,6.7,823378,680779,687462,664040,682997,669707,691373,665833,663968,53.84,,0.0,0.0,1.0,0.0,0.0,,36,5,Changeup,0,1,1,0,1,0,1,0,Standard,Standard,257.0,0.009,-0.221,67.0,8.9,2.372636532,,0.221,,-1,1,0.406,0.594,24,24,24,24,3,2,5.0,1.0,6.0,1,2.34,1.33,-1.33,25.6,23.73974528695857,-40.15877601864471,34.631254979857715,41.72678381675698,52.99903664493506,0,0,0,1,0,1,away
FF,2026-05-28,98.0,-2.21,5.62,"Crow-Armstrong, Pete",691718,694973,single,hit_into_play,,,,,5.0,"Pete Crow-Armstrong singles on a pop up to left fielder Jhostynxon Garcia, deflected by shortstop Jared Triolo. Pete Crow-Armstrong out at 2nd on the throw, left fielder Jhostynxon Garcia to second baseman Brandon Lowe. Dansby Swanson to 3rd.",R,L,R,PIT,CHC,X,6.0,popup,1,1,2026,-0.95,1.15,0.0740552980275757,2.646403850393158,,,621020.0,2,3,Top,83.68,144.46,,,,,8.418136071353187,-142.52224922077417,-5.134215785506043,-14.850260443340929,31.64623510251474,-15.429268858282567,3.202452428,1.616190945,175.0,61.7,47.0,99.1,2099.0,6.8,823378,680779,687462,664040,693304,669707,691373,665833,663968,53.65,0.151,0.14,0.9,1.0,1.0,0.0,3.0,18,3,4-Seam Fastball,0,0,0,0,0,0,0,0,Standard,Standard,234.0,0.024,0.356,74.1,6.5,,0.179,-0.356,88.0,0,0,0.531,0.469,24,24,24,24,2,1,5.0,1.0,6.0,1,1.22,0.95,-0.95,27.6,2.757554121644214,14.053171470355476,36.14917827458265,31.23540344648842,27.19601561328103,1,0,0,0,0,1,away
FF,2026-05-28,99.4,-2.13,5.61,"Crow-Armstrong, Pete",691718,694973,strikeout,called_strike,,,,,8.0,Pete Crow-Armstrong called out on strikes.,R,L,R,PIT,CHC,S,2.0,,2,2,2026,-1.11,1.28,-0.0504329338400306,1.768066063852171,,,,0,1,Top,,,,,,,8.345042747540898,-144.43153018686309,-8.022719055700811,-17.45668997714779,30.95879635710963,-12.544188969715233,3.202452428,1.616190945,,,,100.5,2372.0,6.8,823378,680779,687462,664040,693304,669707,691373,665833,663968,53.71,,0.0,0.0,1.0,0.0,0.0,,1,6,4-Seam Fastball,0,0,0,0,0,0,0,0,Standard,Standard,229.0,0.019,-0.232,,,,,0.232,,0,0,0.503,0.497,24,24,24,24,1,0,5.0,1.0,6.0,1,1.02,1.11,-1.11,29.9,,,,,,0,0,0,1,0,1,away
FF,2026-05-28,96.1,-1.68,4.96,"Crow-Armstrong, Pete",691718,670990,walk,ball,,,,,12.0,Pete Crow-Armstrong walks.,R,L,R,PIT,CHC,B,,,3,0,2026,-0.77,0.99,0.9705531328815225,2.5529337485075416,,,,0,9,Top,,,,,,,8.798126595908753,-139.71807695191518,-2.946257726400172,-11.989572132111537,29.34390782936732,-18.683838822262803,3.202452428,1.616190945,,,,97.5,2283.0,7.0,823378,680779,687462,664040,682997,669707,691373,665833,663968,53.52,,0.698334,0.7,1.0,0.0,0.0,,71,4,4-Seam Fastball,2,6,6,2,6,2,6,2,Standard,Standard,233.0,-0.001,0.173,,,,,-0.173,,-4,4,0.014,0.986,31,24,31,24,1,4,1.0,1.0,2.0,1,1.47,0.77,-0.77,24.4,,,,,,0,0,1,0,0,0,away
CH,2026-05-29,92.2,-2.55,5.5,"Crow-Armstrong, Pete",691718,666277,field_out,hit_into_play,,,,,7.0,Pete Crow-Armstrong flies out to left fielder José Fermín.,R,L,R,STL,CHC,X,7.0,fly_ball,1,2,2026,-0.68,-0.2,-0.651398837333582,1.7749816168407135,,,,1,6,Top,55.91,84.12,,,,,6.312731958535144,-134.04824842206344,-2.943669378789179,-9.662348028114572,30.603901618956925,-34.08482079173928,3.202452428,1.616190945,332.0,97.1,24.0,92.6,1512.0,6.7,823055,671056,676475,802139,695336,691026,665877,687363,691023,53.79,0.249,0.351,0.0,1.0,0.0,0.0,5.0,50,5,Changeup,5,4,4,5,4,5,4,5,Strategic,Standard,257.0,0.019,-0.183,75.7,7.0,,0.598,0.183,97.1,1,-1,0.704,0.296,27,24,27,24,1,3,6.0,1.0,3.0,1,2.9,0.68,-0.68,36.5,3.8933257583654286,14.540700249965246,38.270543528861566,39.85913294193662,26.67987453382446,0,0,0,0,0,1,away
SL,2026-05-29,88.2,-1.98,5.79,"Crow-Armstrong, Pete",691718,669467,strikeout,swinging_strike,,,,,14.0,Pete Crow-Armstrong strikes out swinging.,R,L,R,STL,CHC,S,2.0,,2,2,2026,0.54,0.13,0.7712213141612527,1.161987674239191,,,621020.0,1,2,Top,,,,,,,5.514580780710764,-128.30794537144092,-5.187626156168479,4.724975615549424,28.07937806762556,-29.84152208003996,3.202452428,1.616190945,,,,88.7,2363.0,6.8,823055,671056,676475,802139,695336,691026,665877,687363,691023,53.74,,0.0,0.0,1.0,0.0,0.0,,16,6,Slider,3,3,3,3,3,3,3,3,Standard,Standard,109.0,0.026,-0.232,76.5,8.8,3.731649108,,0.232,,0,0,0.502,0.498,27,24,28,24,2,1,6.0,1.0,5.0,1,2.82,-0.54,0.54,54.4,31.632563525466832,-43.340627632881095,39.11299631964871,26.849659178401,55.493443938429024,0,0,0,1,0,1,away
ST,2026-05-29,79.3,3.51,4.82,"Crow-Armstrong, Pete",691718,677865,strikeout,swinging_strike,,,,,13.0,Pete Crow-Armstrong strikes out swinging.,R,L,L,STL,CHC,S,2.0,,3,2,2026,-1.25,-0.19,-0.9656242440888856,1.771432596288061,,,,0,4,Top,,,,,,,-7.325386837669101,-115.35629562584896,0.7066879884089785,-9.693016985286292,22.124102525691857,-34.20306504323042,3.202452428,1.616190945,,,,79.7,2709.0,6.7,823055,671056,676475,802139,695336,691026,665877,687363,691023,53.83,,0.0,0.0,1.0,0.0,0.0,,33,6,Sweeper,3,4,4,3,4,3,4,3,Standard,Standard,303.0,0.028,-0.346,70.3,8.2,2.228544432,,0.346,,-1,1,0.372,0.628,29,24,29,24,1,2,3.0,1.0,1.0,1,3.82,-1.25,-1.25,25.1,25.739698453340953,-33.30126989143403,29.904481046014624,40.09807134070616,54.69065251829176,0,0,0,1,0,1,away
FF,2026-05-29,96.9,-1.78,5.85,"Crow-Armstrong, Pete",691718,669467,field_out,hit_into_play,,,,,5.0,"Pete Crow-Armstrong grounds out, second baseman JJ Wetherholt to first baseman Alec Burleson.",R,L,R,STL,CHC,X,4.0,ground_ball,2,2,2026,-0.08,1.33,0.0503521871437038,2.298182045216359,,,,0,1,Top,150.75,158.1,,,,,5.041166201456658,-140.9063585488476,-6.831520639378532,-2.2101820073602156,31.88916956580686,-13.127868547992549,3.202452428,1.616190945,4.0,62.3,-30.0,97.5,2160.0,6.7,823055,671056,676475,802139,695336,691026,665877,687363,691023,53.82,0.086,0.08,0.0,1.0,0.0,0.0,2.0,1,5,4-Seam Fastball,0,0,0,0,0,0,0,0,Standard,Standard,198.0,0.019,-0.232,72.9,6.3,,0.094,0.232,88.0,0,0,0.503,0.497,27,24,28,24,1,0,6.0,1.0,5.0,1,1.1,0.08,-0.08,57.0,-2.455349608596569,17.721043089043544,42.82185593521312,31.21440601174868,21.769381039366507,0,0,0,0,0,1,away
SI,2026-05-29,98.4,-1.57,5.64,"Crow-Armstrong, Pete",691718,676617,double,hit_into_play,,,,,7.0,Pete Crow-Armstrong doubles (7) on a sharp line drive to right fielder Jordan Walker.,R,L,R,STL,CHC,X,9.0,line_drive,1,0,2026,-1.34,0.34,-0.3955949826082214,2.095535252013327,,,,0,9,Top,214.72,82.51,,,,,6.372679527391318,-143.1373396112276,-4.806097755393177,-19.909253891992705,31.545112519206004,-26.549084137161923,3.202452428,1.616190945,360.0,109.8,21.0,99.4,2171.0,6.8,823055,671056,676475,802139,669357,691026,665877,687363,691023,53.75,0.923,1.63,1.25,1.0,1.0,1.0,6.0,72,2,Sinker,6,4,4,6,4,6,4,6,Standard,Standard,222.0,-0.088,0.662,80.2,7.7,,3.053,-0.662,109.8,2,-2,0.916,0.084,31,24,31,24,1,4,6.0,1.0,4.0,1,2.0,1.34,-1.34,34.7,18.927926348922657,-6.7793805716570725,36.507549382042455,36.00556636502344,43.02355394205204,1,0,0,0,0,1,away
CH,2026-05-30,88.8,-1.91,5.57,"Crow-Armstrong, Pete",691718,681517,single,hit_into_play,,,,,4.0,Pete Crow-Armstrong singles on a sharp line drive to right fielder Jordan Walker.,R,L,R,STL,CHC,X,9.0,line_drive,1,0,2026,-0.67,0.25,-0.7994060727681196,2.3498983421566497,,,,2,3,Top,182.05,92.78,,,,,4.171198956336849,-129.25209395014355,-2.148778657815056,-8.372858895077117,28.14494452544648,-29.111708448444027,3.202452428,1.616190945,223.0,101.7,15.0,90.2,1202.0,7.2,823054,699625,676475,802139,669357,691026,663494,687363,691023,53.29,0.654,0.679,0.9,1.0,1.0,0.0,4.0,16,2,Changeup,0,0,0,0,0,0,0,0,Standard,Standard,224.0,-0.012,0.29,78.9,7.8,,0.934,-0.29,101.7,0,0,0.542,0.458,29,24,29,24,2,1,7.0,1.0,6.0,1,2.65,0.67,-0.67,41.2,22.483881733539476,-5.431778335618203,31.01991278805798,42.87805935412236,41.398814526684,1,0,0,0,0,1,away
ST,2026-05-30,83.1,-1.86,5.64,"Crow-Armstrong, Pete",691718,681517,double,hit_into_play,,,,,5.0,Pete Crow-Armstrong doubles (8) on a sharp fly ball to right fielder Jordan Walker.,R,L,R,STL,CHC,X,9.0,fly_ball,2,1,2026,1.5,0.43,0.0594613920553837,2.284744869210935,,,,0,5,Top,215.51,88.05,,,,,1.36540709469058,-121.1039043067673,-1.8899271959650292,14.486598081669596,24.219816411494755,-27.80267576076552,3.202452428,1.616190945,350.0,110.3,23.0,84.2,2487.0,7.0,823054,699625,676475,802139,669357,691026,663494,687363,691023,53.55,0.989,1.949,1.25,1.0,1.0,1.0,6.0,32,4,Sweeper,1,0,0,1,0,1,0,1,Standard,Standard,76.0,-0.081,0.654,80.9,7.8,,3.766,-0.654,110.3,1,-1,0.633,0.367,29,24,29,24,3,2,7.0,1.0,6.0,1,2.87,-1.5,1.5,40.3,23.598156371091267,-7.025272617919451,32.480856522990884,34.52314405627271,42.26485721820235,1,0,0,0,0,1,away
CU,2026-05-30,84.9,-1.5,6.26,"Crow-Armstrong, Pete",691718,690155,single,hit_into_play,,,,,4.0,Pete Crow-Armstrong singles on a line drive to center fielder Victor Scott II. Seiya Suzuki scores. Miguel Amaya to 3rd. Dansby Swanson to 2nd.,R,L,R,STL,CHC,X,8.0,line_drive,1,2,2026,0.74,-0.33,-0.680734216996091,2.3822378013307652,673548.0,665804.0,621020.0,1,9,Top,142.53,88.47,,,,,0.3825779406349866,-123.61726688009956,-1.7902354060426977,7.437981439855552,27.49230453876507,-35.36062720237295,3.202452428,1.616190945,279.0,98.2,19.0,84.8,2741.0,6.4,823054,699625,676475,802139,669357,691026,663494,687363,691023,54.06,0.323,0.38,0.9,1.0,1.0,0.0,4.0,73,4,Curveball,1,5,5,1,6,1,6,1,Strategic,Standard,36.0,-0.006,0.552,72.4,7.5,,0.593,-0.552,98.2,-4,4,0.01,0.99,28,24,29,24,1,5,4.0,1.0,,1,3.52,-0.74,0.74,45.4,16.934046473181528,3.6595131427766394,29.789799571509256,42.20988763728986,31.62729026615646,1,0,0,0,0,1,away
FF,2026-05-30,96.8,-1.68,6.0,"Crow-Armstrong, Pete",691718,700669,home_run,hit_into_play,,,,,8.0,Pete Crow-Armstrong homers (7) on a fly ball to right field.,R,L,R,STL,CHC,X,,fly_ball,1,0,2026,-0.68,1.49,0.1030822634300554,1.823247823259801,,,,1,8,Top,233.83,53.58,,,,,6.286258768219192,-140.60930838321494,-8.809766082303405,-10.454886653257551,32.06265359846422,-10.54124246953943,3.202452428,1.616190945,444.0,114.6,30.0,96.9,2215.0,6.5,823054,699625,676475,802139,669357,691026,663494,687363,691023,54.03,1.0,2.0,2.0,1.0,0.0,3.0,6.0,60,2,4-Seam Fastball,1,3,3,1,4,1,4,1,Standard,Strategic,208.0,-0.071,1.542,79.2,7.9,,4.0,-1.542,114.6,-2,2,0.149,0.851,26,24,26,24,1,4,1.0,1.0,3.0,1,0.95,0.68,-0.68,49.4,16.681231157467124,-6.719425677845581,39.752066398273485,32.875782799156966,43.214817271074814,1,1,0,0,0,1,away
SI,2026-05-30,91.0,3.45,4.84,"Crow-Armstrong, Pete",691718,677865,hit_by_pitch,hit_by_pitch,,,,,12.0,Pete Crow-Armstrong hit by pitch. Miguel Amaya to 3rd. Dansby Swanson to 2nd.,R,L,L,STL,CHC,B,,,1,0,2026,1.36,0.39,1.8280140044121171,3.274626167667175,,665804.0,621020.0,1,6,Top,,,,,,,-6.989989652421161,-132.3886633355009,1.291054324230471,17.490284911935593,28.50982365936664,-28.069506802386172,3.202452428,1.616190945,,,,91.1,2191.0,6.4,823054,699625,676475,802139,669357,691026,663494,687363,691023,54.14,,0.729295,0.7,1.0,0.0,0.0,,44,2,Sinker,1,1,1,1,1,1,1,1,Standard,Strategic,123.0,-0.076,0.337,,,,,-0.337,,0,0,0.434,0.566,29,24,29,24,1,3,1.0,1.0,2.0,1,2.36,1.36,1.36,21.0,,,,,,0,0,0,0,0,0,away
CU,2026-05-30,85.6,-1.9,5.74,"Crow-Armstrong, Pete",691718,681517,strikeout,swinging_strike_blocked,,,,,14.0,Pete Crow-Armstrong strikes out swinging.,R,L,R,STL,CHC,S,2.0,,1,2,2026,0.63,-0.87,0.838800359269012,-0.5060665233566004,,,,0,1,Top,,,,,,,5.144122275429385,-124.4929690467306,-6.387177140849211,5.374618868480952,26.994670296443836,-39.98017197807086,3.202452428,1.616190945,,,,86.4,2508.0,7.0,823054,699625,676475,802139,669357,691026,663494,687363,691023,53.48,,0.0,0.0,1.0,0.0,0.0,,1,4,Curveball,0,0,0,0,0,0,0,0,Infield shade,Standard,46.0,0.015,-0.186,31.1,7.2,13.714957452,,0.186,,0,0,0.507,0.493,29,24,29,24,1,0,7.0,1.0,6.0,1,4.0,-0.63,0.63,47.3,6.577199943094046,-3.299441983450726,46.528626130035775,23.58279589047051,34.45790342190512,0,0,0,1,0,1,away
SL,2026-05-31,87.3,0.6,6.46,"Crow-Armstrong, Pete",691718,669461,field_out,hit_into_play,,,,,6.0,Pete Crow-Armstrong flies out to right fielder Jordan Walker.,R,L,L,STL,CHC,X,9.0,fly_ball,2,2,2026,-0.33,0.04,0.3792212529317377,2.5071781098051735,,,,0,6,Top,171.09,63.32,,,,,0.1727247749329024,-127.28439353592218,-3.307803947926742,-3.648221247085563,23.020902798434808,-31.30545128267549,3.202452428,1.616190945,353.0,96.0,38.0,87.8,2746.0,6.2,823053,686780,676475,802139,695336,691026,676369,665877,691023,54.27,0.069,0.117,0.0,1.0,0.0,0.0,3.0,43,5,Slider,5,0,0,5,0,5,0,5,Standard,Standard,295.0,0.009,-0.232,74.2,6.6,,0.238,0.232,96.0,5,-5,0.954,0.046,26,24,27,24,3,2,6.0,1.0,6.0,2,2.91,-0.33,-0.33,45.4,11.720232874997071,-2.85621984314973,33.4347643975512,27.177736859271477,38.00079763845981,0,0,0,0,0,1,away
CU,2026-05-31,81.8,0.62,6.56,"Crow-Armstrong, Pete",691718,669461,field_out,hit_into_play,,,,,7.0,Pete Crow-Armstrong lines out to left fielder Nelson Velázquez.,R,L,L,STL,CHC,X,7.0,line_drive,0,2,2026,-0.81,-1.41,-0.759246848622453,2.054423713974741,,621020.0,,1,3,Top,67.96,108.39,,,,,-1.468051287904832,-119.10811056330246,-0.4664425627482036,-7.283417921969988,26.57750726594259,-45.56410641407068,3.202452428,1.616190945,267.0,89.8,20.0,81.3,3132.0,6.3,823053,686780,676475,802139,695336,691026,676369,665877,691023,54.25,0.414,0.386,0.0,1.0,0.0,0.0,4.0,20,3,Curveball,2,0,0,2,0,2,0,2,Standard,Standard,327.0,0.023,-0.16,61.2,6.2,,0.513,0.16,89.8,2,-2,0.708,0.292,26,24,27,24,2,1,6.0,1.0,6.0,2,4.86,-0.81,-0.81,47.8,0.1809099347692525,15.031692906468749,29.45707793662182,38.81577254304245,27.682471003309523,0,0,0,0,0,1,away
ST,2026-05-31,83.8,-2.36,5.61,"Crow-Armstrong, Pete",691718,690928,field_out,hit_into_play,,,,,2.0,Pete Crow-Armstrong pops out to catcher Pedro Pagés in foul territory.,R,L,R,STL,CHC,X,2.0,popup,2,2,2026,1.17,0.31,0.1271999295814513,2.7447715971649216,,,,0,8,Top,132.05,211.98,,,,,3.327655291608484,-122.09117343289772,-0.6411866307314944,11.043885861743874,23.615194843743765,-29.20222549669484,3.202452428,1.616190945,15.0,89.3,79.0,83.8,2662.0,6.2,823053,686780,676475,802139,669357,691026,676369,687363,691023,54.34,0.014,0.018,0.0,1.0,0.0,0.0,3.0,59,5,Sweeper,5,1,1,5,1,5,1,5,Standard,Standard,63.0,0.011,-0.232,76.9,7.6,,0.023,0.232,89.3,4,-4,0.966,0.034,26,24,27,24,1,3,31.0,1.0,5.0,2,2.93,-1.17,1.17,33.4,27.66386823125113,-14.115926315327863,33.45635549728155,32.830244576101336,42.82701979353831,0,0,0,0,0,1,away
SL,2026-05-31,88.5,0.63,6.53,"Crow-Armstrong, Pete",691718,669461,single,hit_into_play,,,,,13.0,Pete Crow-Armstrong singles on a sharp ground ball to center fielder José Fermín. Nico Hoerner to 2nd.,R,L,L,STL,CHC,X,8.0,ground_ball,1,2,2026,-0.29,0.13,-0.8526573825592787,1.707775636875465,,,663538.0,0,1,Top,133.06,96.45,,,,,-2.9479143050424135,-128.7962347976376,-5.74102808613449,-2.6606122497011584,25.632236476361843,-29.76823000082952,3.202452428,1.616190945,130.0,107.1,8.0,88.5,2758.0,6.2,823053,686780,676475,802139,695336,691026,676369,665877,691023,54.29,0.646,0.591,0.9,1.0,1.0,0.0,4.0,2,5,Slider,0,0,0,0,0,0,0,0,Infield shade,Standard,267.0,-0.064,0.538,72.6,7.4,,0.719,-0.538,107.1,0,0,0.474,0.526,26,24,27,24,1,0,6.0,1.0,6.0,2,2.77,-0.29,-0.29,45.9,7.103487475248729,7.691602608316287,37.16733145912273,40.686540986768094,33.11113378036639,1,0,0,0,0,1,away
FF,2026-06-02,97.5,2.06,5.48,"Crow-Armstrong, Pete",691718,695611,field_out,hit_into_play,,,,,5.0,Pete Crow-Armstrong pops out to shortstop Darell Hernaiz.,R,L,L,CHC,ATH,X,6.0,popup,0,0,2026,0.69,1.49,0.2502838287765025,2.3931079657246053,,,,1,6,Bot,86.69,138.74,,,,,-6.458411247862226,-141.76282306552568,-6.067527934997526,10.77022762478971,32.580181743335224,-10.930833967663895,3.202452428,1.616190945,182.0,90.2,60.0,98.0,2322.0,6.6,824675,669127,701762,643446,680869,687231,691016,703607,666126,53.87,0.031,0.045,0.0,1.0,0.0,0.0,3.0,46,1,4-Seam Fastball,1,2,1,2,2,1,1,2,Standard,Standard,148.0,-0.029,-0.262,82.0,7.4,,0.063,0.262,90.2,-1,-1,0.356,0.356,23,24,23,24,3,2,7.0,2.0,5.0,1,0.92,0.69,0.69,40.9,12.291247698548412,-9.60393204244878,37.12280198731547,28.519806303386808,39.26705709273606,0,0,0,0,0,1,home
SL,2026-06-02,85.6,2.03,5.48,"Crow-Armstrong, Pete",691718,695611,field_out,hit_into_play,,,,,4.0,Pete Crow-Armstrong flies out sharply to center fielder Henry Bolte.,R,L,L,CHC,ATH,X,8.0,fly_ball,0,0,2026,-0.43,0.03,-0.4111308828028835,2.7099726115813447,,,663538.0,1,3,Bot,162.56,58.75,,,,,-4.814798432614506,-124.75039787061222,-0.199158858938968,-3.64139837953112,23.215185854516065,-31.982677488284494,3.202452428,1.616190945,358.0,105.1,40.0,86.3,2133.0,6.5,824675,669127,701762,643446,680869,687231,691016,703607,666126,54.04,0.386,0.784,0.0,1.0,0.0,0.0,6.0,24,1,Slider,1,1,1,1,1,1,1,1,Standard,Standard,260.0,-0.032,-0.261,78.1,7.7,,1.505,0.261,105.1,0,0,0.558,0.558,23,24,23,24,2,1,7.0,2.0,5.0,1,3.05,-0.43,-0.43,43.6,23.574287153123752,-7.91622876400586,30.91035628240188,36.68241867500711,40.17736264664735,0,0,0,0,0,1,home
ST,2026-06-02,80.2,-2.87,4.86,"Crow-Armstrong, Pete",691718,605130,single,hit_into_play,,,,,4.0,Pete Crow-Armstrong singles on a ground ball to right fielder Lawrence Butler. Nico Hoerner to 2nd.,R,L,R,CHC,ATH,X,9.0,ground_ball,0,0,2026,0.25,1.2,-0.3146354427160765,2.228050471983263,,,663538.0,0,9,Bot,173.09,116.72,,,,,5.138015013602195,-116.66162041816568,-1.1763234169815813,1.1984904355318755,24.01582619610289,-21.27002298099959,3.202452428,1.616190945,124.0,97.7,8.0,80.5,2273.0,6.7,824675,669127,701762,643446,680869,675961,691016,703607,671732,53.78,0.68,0.639,0.9,1.0,1.0,0.0,4.0,64,1,Sweeper,1,2,1,2,2,1,1,2,Strategic,Standard,109.0,0.176,0.468,69.7,7.2,,0.76,-0.468,97.7,-1,-1,0.339,0.339,33,24,34,24,1,3,3.0,2.0,2.0,1,2.37,-0.25,0.25,15.2,22.33438860167079,0.8709383179794716,35.34619152263358,37.62420752167631,40.853910866276365,1,0,0,0,0,1,home
FF,2026-06-02,98.8,2.04,5.62,"Crow-Armstrong, Pete",691718,695611,single,hit_into_play,,,,,8.0,Pete Crow-Armstrong singles on a ground ball to left fielder Tyler Soderstrom. Nico Hoerner to 3rd. Pete Crow-Armstrong to 2nd.,R,L,L,CHC,ATH,X,7.0,ground_ball,1,2,2026,0.66,1.43,0.2109331728852558,1.7084317067923152,,663538.0,,0,1,Bot,93.53,104.05,,,,,-6.503044993271007,-143.47958581030804,-8.344757189997178,10.68792876357455,34.916631714118004,-10.677777870774252,3.202452428,1.616190945,129.0,69.8,13.0,98.8,2394.0,6.5,824675,669127,701762,643446,680869,687231,691016,703607,666126,53.97,0.337,0.327,0.9,1.0,1.0,0.0,2.0,5,6,4-Seam Fastball,0,0,0,0,0,0,0,0,Standard,Standard,147.0,0.086,0.564,73.1,6.8,,0.399,-0.564,88.0,0,0,0.595,0.595,23,24,23,24,1,0,7.0,2.0,5.0,1,0.93,0.66,0.66,44.1,-2.1181332592771134,9.646232010185187,46.22650018836118,30.088679962740542,25.201555828105715,1,0,0,0,0,1,home
CH,2026-06-03,91.8,-1.08,6.29,"Crow-Armstrong, Pete",691718,669270,field_out,hit_into_play,,,,,14.0,Pete Crow-Armstrong flies out sharply to center fielder Lawrence Butler.,R,L,R,CHC,ATH,X,8.0,fly_ball,1,0,2026,-0.81,0.76,0.2013601351927505,1.4051972553405894,,,,0,5,Bot,145.67,59.16,,,,,5.026333469868417,-133.5009347297468,-7.971180762124422,-10.784572146066235,27.640909739102888,-21.62895205678752,3.202452428,1.616190945,349.0,103.1,38.0,92.4,1393.0,6.6,824671,669127,701762,643446,680869,675961,691016,671732,666126,53.89,0.397,0.818,0.0,1.0,0.0,0.0,5.0,40,2,Changeup,4,2,4,2,2,4,4,2,Standard,Standard,214.0,-0.017,-0.303,77.6,8.4,,1.565,0.303,103.1,2,2,0.814,0.814,31,24,31,24,1,2,5.0,1.0,1.0,1,1.94,0.81,-0.81,35.0,15.812731204507037,-14.969750245041643,42.724363048914384,33.33326275104311,40.81766723262717,0,0,0,0,0,1,home
SL,2026-06-03,84.8,2.25,6.07,"Crow-Armstrong, Pete",691718,605488,home_run,hit_into_play,,,,,7.0,Pete Crow-Armstrong homers (8) on a fly ball to right center field. Nico Hoerner scores.,R,L,L,CHC,ATH,X,,fly_ball,0,1,2026,-0.33,0.02,-0.5208446523534926,1.819916528766231,,663538.0,,1,3,Bot,203.87,67.33,,,,,-5.73176084194554,-123.48309865187636,-3.459436399818009,-2.323590631124843,23.19758670825435,-31.4786431539483,3.202452428,1.616190945,378.0,99.1,26.0,85.3,2231.0,6.4,824671,669127,701762,643446,680869,675961,691016,671732,666126,54.08,0.483,0.788,2.0,1.0,0.0,3.0,6.0,25,2,Slider,1,2,1,2,2,3,3,2,Standard,Standard,220.0,0.194,1.335,73.4,7.8,,1.434,-1.335,99.1,-1,-1,0.454,0.454,33,24,34,24,2,1,7.0,1.0,5.0,1,3.13,-0.33,-0.33,45.3,19.36103617607746,-14.802773426886834,32.96532675502561,37.29068765330049,46.09812825884888,1,1,0,0,0,1,home
FC,2026-06-03,89.4,-2.9,5.26,"Crow-Armstrong, Pete",691718,686993,strikeout,foul_tip,,,,,13.0,Pete Crow-Armstrong strikes out on a foul tip.,R,L,R,CHC,ATH,S,2.0,,3,2,2026,0.22,0.63,-0.037739339165727,1.3207368672945494,682634.0,,,1,10,Bot,,,,,,,6.543648104148099,-130.22041912777476,-4.958419150561187,1.341025652523783,23.363458302985403,-24.157354389688415,3.202452428,1.616190945,,,,90.7,2708.0,6.7,824671,669127,701762,643446,680869,675961,691016,703607,671732,53.79,,0.0,0.0,1.0,0.0,0.0,,78,6,Cutter,4,5,4,5,5,4,4,5,Strategic,Standard,178.0,-0.261,-0.401,78.3,7.9,,,0.401,,-1,-1,0.43,0.43,29,24,30,24,1,4,1.0,1.0,4.0,1,2.18,-0.22,0.22,35.6,18.48980849668687,-9.305254579800517,36.04564881412882,35.72852523714916,40.76939432817099,0,0,0,1,0,1,home
FF,2026-06-03,90.5,1.99,6.11,"Crow-Armstrong, Pete",691718,605488,strikeout,foul_tip,,,,,12.0,Pete Crow-Armstrong strikes out on a foul tip.,R,L,L,CHC,ATH,S,2.0,,1,2,2026,0.8,1.29,0.0441867980885668,3.3505224436335332,,,,1,1,Bot,,,,,,,-6.529715715307592,-131.63965490535534,-3.5810178155136803,10.619576116618736,27.102399995351927,-16.536059250598218,3.202452428,1.616190945,,,,90.9,2048.0,6.5,824671,669127,701762,643446,680869,675961,691016,671732,666126,53.99,,0.0,0.0,1.0,0.0,0.0,,7,4,4-Seam Fastball,0,1,0,1,1,0,0,1,Infield shade,Standard,144.0,-0.012,-0.183,74.0,6.3,,,0.183,,-1,-1,0.419,0.419,33,24,34,24,1,0,7.0,1.0,5.0,1,1.48,0.8,0.8,48.8,18.29909107673339,10.078654830866324,27.678775538321062,31.713461672989837,30.140484073576783,0,0,0,1,0,1,home
FS,2026-06-03,85.1,-0.86,5.79,"Crow-Armstrong, Pete",691718,643410,field_out,hit_into_play,,,,,4.0,Pete Crow-Armstrong flies out to left fielder Tyler Soderstrom.,R,L,R,CHC,ATH,X,7.0,fly_ball,0,1,2026,-0.59,0.8,-0.7640624819746912,2.476584780105715,,,665804.0,2,7,Bot,111.91,113.75,,,,,1.434372502680349,-123.94702715403936,-2.864706204719476,-6.3204850028349995,26.40856666956409,-23.557889898984968,3.202452428,1.616190945,218.0,91.9,59.0,85.5,771.0,6.7,824671,669127,701762,643446,680869,675961,691016,671732,666126,53.85,0.011,0.01,0.0,1.0,0.0,0.0,3.0,56,2,Split-Finger,4,2,4,2,2,4,4,2,Infield shade,Standard,233.0,-0.01,-0.235,72.3,7.9,,0.015,0.235,91.9,2,2,0.872,0.872,35,24,35,24,1,3,3.0,1.0,1.0,1,2.36,0.59,-0.59,46.7,20.879701631246274,-9.538674776708053,30.481066595829336,42.7330996822307,38.48330432740652,0,0,0,0,0,1,home
SI,2026-06-04,94.9,-1.37,5.57,"Crow-Armstrong, Pete",691718,669372,strikeout,called_strike,,,,,6.0,Pete Crow-Armstrong called out on strikes.,R,L,R,CHC,ATH,S,2.0,,3,2,2026,-0.98,0.38,0.6419627188745293,2.489636235727181,,,,1,3,Bot,,,,,,,7.544214047349395,-138.1098442301575,-3.107733688701237,-14.216941655951183,29.83402776339113,-26.841779032855836,3.202452428,1.616190945,,,,96.3,2022.0,7.0,824672,641680,701762,643446,680869,675961,691016,703607,687515,53.48,,0.0,0.0,1.0,0.0,0.0,,19,6,Sinker,0,0,0,0,0,0,0,0,Infield shade,Standard,221.0,-0.022,-0.346,,,,,0.346,,0,0,0.534,0.534,27,24,27,24,2,1,5.0,1.0,5.0,1,2.15,0.98,-0.98,41.8,,,,,,0,0,0,1,0,1,home
SL,2026-06-04,86.9,-1.59,5.49,"Crow-Armstrong, Pete",691718,669372,home_run,hit_into_play,,,,,7.0,Pete Crow-Armstrong homers (9) on a fly ball to right field.,R,L,R,CHC,ATH,X,,fly_ball,0,2,2026,0.92,-0.46,-0.3060593374593555,1.955187131200486,,,,1,6,Bot,196.07,87.53,,,,,1.123691426666502,-126.52716136398286,-1.064974090843821,9.550002577143996,27.783016909908792,-37.11730780951531,3.202452428,1.616190945,383.0,110.1,24.0,87.4,2271.0,6.7,824672,641680,701762,643446,680869,675961,691016,703607,687515,53.78,0.983,1.956,2.0,1.0,0.0,3.0,6.0,41,4,Slider,0,4,0,4,4,1,1,4,Infield shade,Standard,35.0,0.062,1.682,83.2,7.8,,3.813,-1.682,110.1,-4,-4,0.073,0.073,27,24,27,24,3,2,5.0,1.0,5.0,1,3.5,-0.92,0.92,43.4,19.69863561644135,-6.566710405083283,37.63391545784052,39.055486559501375,42.86368792043931,1,1,0,0,0,1,home
FF,2026-06-04,98.8,-1.34,6.03,"Crow-Armstrong, Pete",691718,665622,single,hit_into_play,,,,,3.0,Pete Crow-Armstrong singles on a fly ball to right fielder Lawrence Butler. Seiya Suzuki scores. Dansby Swanson to 3rd.,R,L,R,CHC,ATH,X,9.0,fly_ball,1,1,2026,-0.44,1.36,0.4821161218817043,2.781458929518898,673548.0,621020.0,,2,9,Bot,159.63,94.18,,,,,5.944318896841771,-143.62279439727098,-6.3998180279049866,-7.459845397479338,34.757816845571206,-12.026546661578092,3.202452428,1.616190945,254.0,72.8,31.0,98.7,2542.0,6.4,824672,641680,701762,687231,680869,675961,691016,703607,671732,54.13,0.506,0.455,0.9,1.0,1.0,0.0,3.0,73,3,4-Seam Fastball,6,6,6,6,6,7,7,6,Standard,Standard,217.0,0.373,0.775,87.4,7.1,,0.548,-0.775,88.0,0,0,0.627,0.627,27,24,27,24,1,4,1.0,1.0,4.0,1,0.99,0.44,-0.44,41.3,16.283391105952436,1.0973514350497433,36.38820274734888,29.901207991131397,30.170718833127253,1,0,0,0,0,1,home
SL,2026-06-04,86.3,-1.64,5.37,"Crow-Armstrong, Pete",691718,669372,hit_by_pitch,hit_by_pitch,,,,,14.0,Pete Crow-Armstrong hit by pitch.,R,L,R,CHC,ATH,B,,,1,2,2026,1.14,-0.28,1.6403199786488734,0.6616790254830254,,,,0,1,Bot,,,,,,,5.3934502178242045,-125.6099417905012,-4.179390328750637,10.88726102881472,26.14972957779076,-34.43233665666669,3.202452428,1.616190945,,,,87.1,2387.0,6.9,824672,641680,701762,643446,680869,675961,691016,703607,687515,53.65,,0.729295,0.7,1.0,0.0,0.0,,4,4,Slider,0,0,0,0,0,0,0,0,Infield shade,Standard,36.0,0.042,0.52,,,,,-0.52,,0,0,0.541,0.541,27,24,27,24,1,0,5.0,1.0,5.0,1,3.34,-1.14,1.14,37.2,,,,,,0,0,0,0,0,0,home
FC,2026-06-04,89.2,-1.21,5.63,"Crow-Armstrong, Pete",691718,643410,strikeout,swinging_strike,,,,,1.0,Pete Crow-Armstrong strikes out swinging.,R,L,R,CHC,ATH,S,2.0,,3,2,2026,0.08,0.62,-0.4772853622272228,3.0814803749769895,,,,1,8,Bot,,,,,,,1.617484872645651,-130.03670005002678,-1.453305711753486,0.6104969992276116,25.012562305416154,-25.066311187312888,3.202452428,1.616190945,,,,90.4,2090.0,6.7,824672,641680,701762,643446,680869,675961,691016,703607,671732,53.76,,0.0,0.0,1.0,0.0,0.0,,61,6,Cutter,3,6,3,6,6,3,3,6,Infield shade,Strategic,187.0,-0.022,-0.346,71.6,5.8,1.163266824,,0.346,,-3,-3,0.065,0.065,35,24,35,24,1,3,1.0,1.0,3.0,1,2.22,-0.08,0.08,43.1,-1.6410100284046636,32.51448217377247,33.2520011895538,41.1727506785344,16.21037347896165,0,0,0,1,0,1,home
FF,2026-06-05,92.7,2.66,6.13,"Crow-Armstrong, Pete",691718,592662,single,hit_into_play,,,,,5.0,Pete Crow-Armstrong singles on a fly ball to left fielder Casey Schmitt.,R,L,L,CHC,SF,X,7.0,fly_ball,0,0,2026,0.66,1.36,-0.1730983459581493,2.528477714114934,,,,1,5,Bot,62.97,117.9,,,,,-8.560103251586508,-134.6407469522696,-6.182094516102674,9.843398533727036,29.119956352685833,-14.464896407791189,3.202452428,1.616190945,233.0,72.6,31.0,92.4,2263.0,6.2,824673,691740,646240,650333,656305,642715,669477,687551,808982,54.31,0.506,0.455,0.9,1.0,1.0,0.0,3.0,46,1,4-Seam Fastball,0,9,0,9,9,0,0,9,Infield shade,Standard,147.0,0.002,0.419,74.1,6.6,,0.548,-0.419,88.0,-9,-9,0.006,0.006,34,24,35,24,3,2,5.0,1.0,5.0,1,1.3,0.66,0.66,45.0,5.095671304703974,13.074794779644057,38.65311898434741,32.835988449807324,26.234434223432913,1,0,0,0,0,1,home
SL,2026-06-05,87.7,2.82,6.0,"Crow-Armstrong, Pete",691718,592662,walk,ball,,,,,11.0,Pete Crow-Armstrong walks.,R,L,L,CHC,SF,B,,,3,2,2026,-0.34,0.8,-0.7798293486685396,3.564400711441642,,,,1,3,Bot,,,,,,,-7.8404619883163935,-127.48046246784212,-1.2443155316692904,-2.088381722055634,26.936281203716515,-23.38803603082089,3.202452428,1.616190945,,,,87.3,2225.0,6.2,824673,691740,646240,650333,656305,642715,669477,687551,808982,54.35,,0.698334,0.7,1.0,0.0,0.0,,22,6,Slider,0,2,0,2,2,0,0,2,Infield shade,Standard,169.0,0.026,0.339,,,,,-0.339,,-2,-2,0.305,0.305,34,24,35,24,2,1,5.0,1.0,5.0,1,2.17,-0.34,-0.34,42.9,,,,,,0,0,1,0,0,0,home
SL,2026-06-05,88.7,2.81,6.11,"Crow-Armstrong, Pete",691718,592662,field_out,hit_into_play,,,,,13.0,"Pete Crow-Armstrong grounds out, second baseman Luis Arraez to first baseman Rafael Devers.",R,L,L,CHC,SF,X,4.0,ground_ball,1,2,2026,0.15,0.79,-1.0215283422660717,1.7798199102608805,,,,1,1,Bot,146.74,160.3,,,,,-9.494462990358487,-128.91703469317866,-5.999757941776762,3.454447061390017,24.026402914740107,-22.305227595545343,3.202452428,1.616190945,6.0,92.3,-17.0,88.5,2147.0,6.0,824673,691740,646240,650333,656305,642715,669477,687551,808982,54.48,0.182,0.175,0.0,1.0,0.0,0.0,2.0,7,4,Slider,0,2,0,2,2,0,0,2,Infield shade,Standard,147.0,-0.011,-0.183,71.6,7.2,,0.207,0.183,92.3,-2,-2,0.324,0.324,34,24,35,24,1,0,5.0,1.0,5.0,1,2.09,0.15,0.15,43.2,6.437174475258491,8.749482814215405,32.8971206251546,43.077780879433355,34.264500823204614,0,0,0,0,0,1,home
SI,2026-06-06,92.5,-1.16,5.2,"Crow-Armstrong, Pete",691718,694738,home_run,hit_into_play,,,,,2.0,Pete Crow-Armstrong homers (10) on a fly ball to right field.,R,L,R,CHC,SF,X,,fly_ball,0,2,2026,-1.47,0.41,-0.1414280769086848,3.0294155238275087,,,,0,6,Bot,211.45,67.68,,,,,5.84955481723077,-134.67046620030507,-0.5563808654217892,-19.22432248424288,25.552804971944195,-27.1659719006498,3.202452428,1.616190945,386.0,105.4,35.0,93.2,2069.0,6.4,824669,606992,646240,650333,656305,642715,669477,687551,808982,54.13,0.674,1.362,2.0,1.0,0.0,3.0,6.0,41,3,Sinker,0,1,0,1,1,1,1,1,Infield shade,Standard,239.0,0.196,1.209,76.7,7.1,,2.659,-1.209,105.4,-1,-1,0.38,0.38,27,24,28,24,3,2,5.0,1.0,6.0,1,2.22,1.47,-1.47,22.0,21.305094663593447,-10.273417965000847,28.084011911152064,35.02740851124862,41.89092785591354,1,1,0,0,0,1,home
CH,2026-06-06,87.7,-1.51,5.0,"Crow-Armstrong, Pete",691718,694738,single,hit_into_play,,,,,13.0,Pete Crow-Armstrong singles on a ground ball to shortstop Willy Adames.,R,L,R,CHC,SF,X,6.0,ground_ball,0,2,2026,-1.49,-0.39,-1.4452045451274786,1.7835883577880107,,,,0,3,Bot,107.91,143.91,,,,,3.300207720851686,-127.82359065918276,-0.6930960565581661,-17.104546404725184,24.211733908590173,-36.585654306698466,3.202452428,1.616190945,137.0,69.9,15.0,88.3,1805.0,6.4,824669,606992,646240,650333,656305,642715,669477,687551,808982,54.13,0.423,0.381,0.9,1.0,1.0,0.0,4.0,22,4,Changeup,0,0,0,0,0,0,0,0,Standard,Standard,261.0,0.05,0.54,71.2,7.6,,0.44,-0.54,88.0,0,0,0.545,0.545,27,24,28,24,2,1,5.0,1.0,6.0,1,3.33,1.49,-1.49,15.9,20.548133897696744,0.7966792441928532,31.23985183607319,50.81215263643327,36.63814517899662,1,0,0,0,0,1,home
SI,2026-06-06,96.7,1.33,6.47,"Crow-Armstrong, Pete",691718,669062,single,hit_into_play,,,,,4.0,Pete Crow-Armstrong singles on a line drive to right fielder Jung Hoo Lee.,R,L,L,CHC,SF,X,9.0,line_drive,2,0,2026,1.42,0.76,-0.4225536507223877,2.2386658096429377,,,,2,7,Bot,170.1,97.53,,,,,-7.955080785538263,-140.47071140982084,-7.281501207005286,20.592166004827018,30.61667373301238,-20.617924223815773,3.202452428,1.616190945,210.0,96.5,12.0,97.4,2418.0,6.7,824669,606992,646240,650333,656305,642715,669477,687551,808982,53.81,0.934,0.9,0.9,1.0,1.0,0.0,4.0,55,3,Sinker,1,1,1,1,1,1,1,1,Infield shade,Standard,129.0,0.014,0.224,69.9,7.4,,1.113,-0.224,96.5,0,0,0.527,0.527,28,24,28,24,1,3,3.0,1.0,1.0,1,1.68,1.42,1.42,37.5,14.145650403585693,2.8751789039843803,36.28994883989757,36.45341576089101,32.042847332094695,1,0,0,0,0,1,home
FF,2026-06-06,93.5,-1.29,5.25,"Crow-Armstrong, Pete",691718,694738,field_out,hit_into_play,,,,,2.0,Pete Crow-Armstrong flies out sharply to right fielder Jung Hoo Lee.,R,L,R,CHC,SF,X,9.0,fly_ball,0,2,2026,-0.95,0.71,-0.2172120104429645,3.019471362486689,,,,0,1,Bot,163.08,122.13,,,,,4.87190260242987,-136.09582022855022,-1.4282076029471344,-12.860482204374245,29.469312914893177,-23.286257623273727,3.202452428,1.616190945,214.0,101.4,55.0,94.1,2091.0,6.6,824669,606992,646240,650333,656305,642715,669477,687551,808982,53.92,0.009,0.008,0.0,1.0,0.0,0.0,3.0,5,3,4-Seam Fastball,0,0,0,0,0,0,0,0,Standard,Standard,239.0,-0.013,-0.164,78.0,7.4,,0.014,0.164,101.4,0,0,0.539,0.539,27,24,28,24,1,0,5.0,1.0,6.0,1,1.9,0.95,-0.95,26.4,26.017590302507,-10.717063225275904,26.527677527571985,37.40774576932756,39.65710442251345,0,0,0,0,0,1,home
FS,2026-06-06,90.1,-1.62,6.03,"Crow-Armstrong, Pete",691718,676775,home_run,hit_into_play,,,,,8.0,Pete Crow-Armstrong homers (11) on a fly ball to right field.,R,L,R,CHC,SF,X,,fly_ball,0,0,2026,-1.21,0.29,-0.129038573224882,2.056735608260373,,,,2,9,Bot,228.13,70.82,,,,,6.264273684659792,-131.17497332558844,-4.384469847556193,-15.25590216338527,23.919036439933283,-28.188735757401357,3.202452428,1.616190945,403.0,104.2,28.0,90.5,1704.0,6.2,824669,606992,646240,650333,656305,642715,687551,813841,808982,54.3,0.829,1.639,2.0,1.0,0.0,3.0,6.0,72,1,Split-Finger,1,2,1,2,2,2,2,2,Standard,Standard,235.0,0.489,2.595,77.0,8.0,,3.182,-2.595,104.2,-1,-1,0.047,0.047,28,24,28,24,1,4,3.0,1.0,1.0,1,2.49,1.21,-1.21,34.8,20.21426502496297,-11.401003032526498,35.68058127771559,34.70547076820399,44.84580382309173,1,1,0,0,0,1,home
FS,2026-06-07,91.1,-1.18,6.12,"Crow-Armstrong, Pete",691718,676775,field_out,hit_into_play,,,,,13.0,Pete Crow-Armstrong grounds out to first baseman Rafael Devers.,R,L,R,CHC,SF,X,3.0,ground_ball,2,2,2026,-1.09,0.13,-0.3102933075802567,0.8712658106769195,,663538.0,699393.0,2,9,Bot,153.55,170.28,,,,,4.54543494171458,-132.55124878525663,-7.315115499820174,-13.768272022976284,28.15656880919348,-29.233301399211413,3.202452428,1.616190945,3.0,87.2,-17.0,91.3,1721.0,6.4,824670,691740,646240,650333,656305,642715,669477,687551,808982,54.08,0.119,0.115,0.0,1.0,0.0,0.0,2.0,70,5,Split-Finger,1,1,1,1,1,1,1,1,Standard,Standard,236.0,-0.097,-0.231,,,,0.133,0.231,88.0,0,0,0.597,0.597,28,24,28,24,1,4,1.0,1.0,1.0,2,2.61,1.09,-1.09,40.6,,,,,,0,0,0,0,0,1,home
CH,2026-06-07,81.8,-2.25,4.89,"Crow-Armstrong, Pete",691718,686790,strikeout,swinging_strike_blocked,,,,,13.0,"Pete Crow-Armstrong strikes out swinging, catcher Daniel Susac to first baseman Rafael Devers.",R,L,R,CHC,SF,S,2.0,,1,2,2026,-1.24,0.31,-0.3545194196103078,0.5850353793751442,,,,0,5,Bot,,,,,,,6.745180127701501,-118.91684567742122,-3.5636469524298175,-13.061670538193733,21.631679282572673,-28.73501271596406,3.202452428,1.616190945,,,,83.1,1657.0,7.1,824670,691740,646240,650333,656305,642715,669477,687551,808982,53.44,,0.0,0.0,1.0,0.0,0.0,,40,4,Changeup,1,1,1,1,1,1,1,1,Standard,Standard,239.0,-0.021,-0.186,66.5,9.1,10.00132458,,0.186,,0,0,0.558,0.558,25,24,25,24,3,2,5.0,1.0,6.0,2,3.09,1.24,-1.24,29.5,43.12568134681118,-41.6905856543145,48.07821561591328,37.99780155039673,64.2827246971224,0,0,0,1,0,1,home
SI,2026-06-07,95.2,-2.22,5.06,"Crow-Armstrong, Pete",691718,686790,single,hit_into_play,,,,,7.0,Pete Crow-Armstrong singles on a ground ball to center fielder Drew Gilbert. Carson Kelly to 2nd.,R,L,R,CHC,SF,X,8.0,ground_ball,0,0,2026,-1.57,0.07,-0.7872959283800276,1.5892772327157392,,,608348.0,2,3,Bot,150.51,108.92,,,,,7.348226135794231,-138.4610691178546,-3.40208171164446,-21.87142077703339,32.2059540897411,-30.63269182137456,3.202452428,1.616190945,95.0,99.5,5.0,95.5,2321.0,6.6,824670,691740,646240,650333,656305,642715,669477,687551,808982,53.92,0.574,0.54,0.9,1.0,1.0,0.0,4.0,24,1,Sinker,0,1,0,1,1,0,0,1,Standard,Standard,243.0,0.026,0.343,74.3,7.5,,0.641,-0.343,99.5,-1,-1,0.404,0.404,25,24,25,24,2,1,5.0,1.0,6.0,2,2.45,1.57,-1.57,25.6,9.828186034568734,8.254671128348512,43.114983846802275,42.46553062385321,32.216343914764195,1,0,0,0,0,1,home
FF,2026-06-07,97.6,-2.35,5.89,"Crow-Armstrong, Pete",691718,668873,strikeout,foul_tip,,,,,2.0,Pete Crow-Armstrong strikes out on a foul tip.,R,L,R,CHC,SF,S,2.0,,0,2,2026,0.02,1.27,-0.1262414930687538,2.8571569612925556,,,,2,7,Bot,,,,,,,5.881757497683584,-142.01032161779904,-5.477991905491512,-1.0720878660072384,31.14664604873243,-13.879708012724016,3.202452428,1.616190945,,,,98.2,2441.0,6.5,824670,691740,646240,650333,656305,642715,669477,687551,808982,53.95,,0.0,0.0,1.0,0.0,0.0,,55,3,4-Seam Fastball,1,1,1,1,1,1,1,1,Standard,Standard,198.0,-0.013,-0.154,,,,,0.154,,0,0,0.513,0.513,29,24,29,24,1,3,1.0,1.0,6.0,2,1.11,-0.02,0.02,46.8,,,,,,0,0,0,1,0,1,home
SI,2026-06-07,94.5,-1.97,5.23,"Crow-Armstrong, Pete",691718,686790,field_out,hit_into_play,,,,,14.0,Pete Crow-Armstrong flies out to center fielder Drew Gilbert.,R,L,R,CHC,SF,X,8.0,fly_ball,0,2,2026,-1.46,0.11,0.2806737634011047,1.0033523399481852,,,,0,1,Bot,158.02,67.09,,,,,9.14870758560311,-137.28275382127038,-5.308510184685402,-20.54299229406222,31.57832381604894,-29.789013774483223,3.202452428,1.616190945,336.0,91.2,34.0,94.8,2383.0,6.6,824670,691740,646240,650333,656305,642715,669477,687551,808982,53.87,0.029,0.035,0.0,1.0,0.0,0.0,3.0,7,3,Sinker,0,1,0,1,1,0,0,1,Standard,Standard,235.0,-0.014,-0.164,75.5,8.2,,0.063,0.164,91.2,-1,-1,0.438,0.438,25,24,25,24,1,0,5.0,1.0,6.0,2,2.46,1.46,-1.46,29.3,24.211457297049837,-13.1543608026003,46.337258748110166,30.655732094484417,40.10263042550107,0,0,0,0,0,1,home
FS,2026-06-09,87.0,-2.78,5.91,"Crow-Armstrong, Pete",691718,608372,walk,ball,,,,,14.0,Pete Crow-Armstrong walks.,R,L,R,COL,CHC,B,,,3,2,2026,-0.68,0.49,0.2796981255651329,1.0521525332598238,,621020.0,,0,3,Top,,,,,,,8.696684024734777,-126.6006709339538,-6.463536775493586,-8.696445089508414,17.980550662865358,-25.92525505996289,3.202452428,1.616190945,,,,88.4,1770.0,6.5,824347,696100,681198,650489,691720,678662,664983,694249,687859,53.98,,0.698334,0.7,1.0,0.0,0.0,,22,6,Split-Finger,5,0,0,5,0,5,0,5,Standard,Standard,219.0,-0.024,0.244,,,,,-0.244,,5,-5,0.867,0.133,36,24,37,24,2,1,7.0,2.0,5.0,1,2.45,0.68,-0.68,39.2,,,,,,0,0,1,0,0,0,away
FF,2026-06-09,92.7,-2.64,5.87,"Crow-Armstrong, Pete",691718,608372,field_out,hit_into_play,,,,,4.0,Pete Crow-Armstrong flies out to left fielder Jake McCarthy.,R,L,R,COL,CHC,X,7.0,fly_ball,2,2,2026,-0.44,1.07,-0.5630175663019013,2.2004993009256686,,,,1,5,Top,90.19,75.12,,,,,6.244108639101759,-134.9743616419499,-5.871917282658007,-6.585562886802182,22.923209378779323,-18.05944776597813,3.202452428,1.616190945,320.0,91.8,44.0,93.8,2487.0,6.4,824347,696100,681198,650489,691720,678662,664983,694249,687859,54.1,0.011,0.018,0.0,1.0,0.0,0.0,3.0,42,6,4-Seam Fastball,7,1,1,7,1,7,1,7,Infield shade,Standard,213.0,0.004,-0.235,77.3,7.4,,0.028,0.235,91.8,6,-6,0.971,0.029,36,24,37,24,3,2,7.0,2.0,5.0,1,1.54,0.44,-0.44,40.2,13.235405181005978,7.3387710849770835,34.014911012242344,38.596694116431614,34.55330289791215,0,0,0,0,0,1,away
CU,2026-06-09,77.5,3.42,4.54,"Crow-Armstrong, Pete",691718,657514,strikeout,swinging_strike,,,,,7.0,Pete Crow-Armstrong strikes out swinging.,R,L,L,COL,CHC,S,2.0,,2,2,2026,-1.14,-0.26,-0.7501524139698584,1.7061497876766736,,,,1,7,Top,,,,,,,-6.57471881198503,-112.76539126421793,1.432856220195893,-8.826217821004128,17.407445872143835,-34.870573703379925,3.202452428,1.616190945,,,,76.8,2887.0,5.5,824347,696100,681198,650489,691720,678662,664983,694249,687859,55.02,,0.0,0.0,1.0,0.0,0.0,,59,5,Curveball,7,3,3,7,3,7,3,7,Standard,Standard,308.0,0.008,-0.235,64.8,8.5,0.327422472,,0.235,,4,-4,0.958,0.042,34,24,34,24,1,3,3.0,2.0,1.0,1,4.01,-1.14,-1.14,9.3,29.46666507900315,-36.803255419338534,34.33536319846131,35.74214334053924,56.49161931924304,0,0,0,1,0,1,away
CH,2026-06-09,85.7,-1.2,5.54,"Crow-Armstrong, Pete",691718,677955,strikeout,swinging_strike,,,,,13.0,Pete Crow-Armstrong strikes out swinging.,R,L,R,COL,CHC,S,2.0,,1,2,2026,-0.84,0.08,-1.2774053224516675,2.0907932362124004,,,621020.0,1,9,Top,,,,,,,1.5267799339420542,-124.9702029540351,-1.9519995729928952,-9.140783568304132,20.668691277853423,-31.183333102118446,3.202452428,1.616190945,,,,86.3,1457.0,6.2,824347,696100,681198,650489,691720,678662,664983,694249,687859,54.34,,0.0,0.0,1.0,0.0,0.0,,78,4,Changeup,7,3,3,7,3,7,3,7,Infield shade,Standard,254.0,0.008,-0.178,50.2,6.2,1.655363064,,0.178,,4,-4,0.988,0.012,26,24,27,24,1,4,2.0,2.0,4.0,1,2.97,0.84,-0.84,23.1,-0.5518320607960437,28.01667809505161,35.18964325502967,48.25955601805098,15.621963148951206,0,0,0,1,0,1,away
FF,2026-06-09,93.1,-2.63,5.94,"Crow-Armstrong, Pete",691718,608372,strikeout,swinging_strike,,,,,14.0,Pete Crow-Armstrong strikes out swinging.,R,L,R,COL,CHC,S,2.0,,3,2,2026,-0.18,1.25,1.1917099658435657,2.2731827537568976,,,,0,1,Top,,,,,,,10.049410203982951,-135.31048648905264,-6.301885872767554,-3.9515469151311335,23.084373652299803,-15.573139796288238,3.202452428,1.616190945,,,,93.7,2440.0,6.2,824347,696100,681198,650489,691720,678662,664983,694249,687859,54.26,,0.0,0.0,1.0,0.0,0.0,,1,6,4-Seam Fastball,0,0,0,0,0,0,0,0,Standard,Standard,211.0,0.027,-0.346,34.4,5.2,5.144659776,,0.346,,0,0,0.495,0.505,36,24,37,24,1,0,7.0,2.0,5.0,1,1.34,0.18,-0.18,40.1,-23.832037927490653,29.878361126830324,48.86290743591807,15.828334773400591,21.110663893043487,0,0,0,1,0,1,away
FF,2026-06-10,94.7,-2.1,5.35,"Crow-Armstrong, Pete",691718,547179,triple,hit_into_play,,,,,6.0,Pete Crow-Armstrong triples (3) on a fly ball to center fielder Cole Carrigg.,R,L,R,COL,CHC,X,8.0,fly_ball,3,2,2026,-0.7,0.96,0.2852275628615651,2.1456506202273884,,,,0,4,Top,170.39,42.41,,,,,7.667623880128503,-137.89702628933853,-4.781146201790565,-10.407321247291032,23.600825968099397,-18.983132332969188,3.202452428,1.616190945,400.0,94.8,32.0,95.0,2373.0,5.9,824348,696100,681198,677060,691720,678662,650489,694249,687859,54.58,0.131,0.23,1.6,1.0,1.0,2.0,3.0,22,6,4-Seam Fastball,0,0,0,0,0,0,0,0,Infield shade,Standard,223.0,-0.097,0.895,76.7,7.1,,0.432,-0.895,94.8,0,0,0.493,0.507,34,24,34,24,2,1,7.0,1.0,5.0,1,1.53,0.7,-0.7,32.8,14.775532934863769,-2.5149568826721325,39.02658074963026,30.0973964476704,36.49327511168727,1,0,0,0,0,1,away
FF,2026-06-10,94.3,-2.07,5.19,"Crow-Armstrong, Pete",691718,547179,field_out,hit_into_play,,,,,9.0,Pete Crow-Armstrong lines out to third baseman Kyle Karros.,R,L,R,COL,CHC,X,5.0,line_drive,3,2,2026,-0.67,0.93,0.4346673655517197,1.9115139305166116,,663538.0,621020.0,2,5,Top,98.55,150.82,,,,,7.929774715866475,-137.26555512154795,-4.8685791335178425,-9.939003552786854,21.921010799842236,-19.541715100491356,3.202452428,1.616190945,144.0,54.6,26.0,95.2,2495.0,6.2,824348,696100,681198,677060,691720,678662,650489,694249,687859,54.32,0.217,0.195,0.0,1.0,0.0,0.0,1.0,35,7,4-Seam Fastball,0,1,1,0,1,0,1,0,Standard,Standard,232.0,0.052,-0.288,74.7,6.6,,0.241,0.288,88.0,-1,1,0.363,0.637,34,24,34,24,3,2,7.0,1.0,5.0,1,1.58,0.67,-0.67,27.9,-1.0992801521553124,10.062675720398229,45.40991172017287,27.332974188107187,28.050961686001187,0,0,0,0,0,1,away
FF,2026-06-10,94.0,-1.96,5.39,"Crow-Armstrong, Pete",691718,547179,field_out,hit_into_play,,,,,8.0,Pete Crow-Armstrong flies out to center fielder Cole Carrigg.,R,L,R,COL,CHC,X,8.0,fly_ball,0,0,2026,-0.62,0.83,0.0974908404867042,1.5514689672564344,,,,0,1,Top,106.6,66.56,,,,,6.607617291503548,-136.9495282310051,-6.023032865935293,-8.977398347095813,20.50632823451829,-20.68367847907428,3.202452428,1.616190945,332.0,88.3,28.0,94.6,2423.0,5.9,824348,696100,681198,677060,691720,678662,650489,694249,687859,54.65,0.063,0.076,0.0,1.0,0.0,0.0,3.0,1,1,4-Seam Fastball,0,0,0,0,0,0,0,0,Standard,Standard,228.0,0.022,-0.259,76.6,7.4,,0.128,0.259,88.3,0,0,0.5,0.5,34,24,34,24,1,0,7.0,1.0,5.0,1,1.68,0.62,-0.62,30.3,-5.595664223776113,3.6715423499466713,50.520552210995,30.47750658532461,32.276536024010184,0,0,0,0,0,1,away
SL,2026-06-10,85.2,-2.72,5.68,"Crow-Armstrong, Pete",691718,676105,field_out,hit_into_play,,,,,8.0,Pete Crow-Armstrong lines out sharply to right fielder Troy Johnston.,R,L,R,COL,CHC,X,9.0,line_drive,1,2,2026,0.24,-0.37,0.0206022732176821,1.5926109637304058,,,,1,8,Top,192.78,98.77,,,,,5.852016998814113,-124.19069660856177,-2.481787312516306,1.6076666037363725,18.72265673332559,-35.88230635274534,3.202452428,1.616190945,298.0,107.5,15.0,85.9,2629.0,6.1,824348,696100,681198,677060,691720,678662,650489,694249,687859,54.42,0.623,0.688,0.0,1.0,0.0,0.0,5.0,55,4,Slider,0,1,1,0,1,0,1,0,Standard,Standard,41.0,0.013,-0.183,76.4,7.5,,1.025,0.183,107.5,-1,1,0.283,0.717,27,24,27,24,1,3,,1.0,2.0,1,3.44,-0.24,0.24,36.4,15.643695656555666,-7.843518906118928,34.08221850238295,32.71976654799651,41.64136553302358,0,0,0,0,0,1,away
FF,2026-06-11,94.4,-2.25,5.53,"Crow-Armstrong, Pete",691718,663372,field_out,hit_into_play,,,,,5.0,"Pete Crow-Armstrong grounds out, shortstop Ezequiel Tovar to first baseman TJ Rumfield.",R,L,R,COL,CHC,X,6.0,ground_ball,1,0,2026,-0.15,0.93,-0.1132043071715561,2.300741319425465,,621020.0,,0,5,Top,128.38,157.84,,,,,5.839335867043015,-137.59754106773485,-4.750795796371758,-2.9101258064667612,23.70695752114377,-19.5263356382561,3.202452428,1.616190945,111.0,69.8,11.0,95.6,2449.0,6.4,824346,664954,681198,666397,650489,678662,694514,694249,687859,54.1,0.306,0.298,0.0,1.0,0.0,0.0,2.0,35,2,4-Seam Fastball,2,4,4,2,4,2,4,2,Standard,Standard,216.0,0.034,-0.236,76.3,6.9,,0.359,0.236,88.0,-2,2,0.199,0.801,29,24,30,24,3,2,6.0,1.0,5.0,1,1.58,0.15,-0.15,37.4,1.6196856853224972,15.99109903379533,40.788221660056784,33.641087983430396,27.83943284720204,0,0,0,0,0,1,away
SL,2026-06-11,90.5,-2.03,5.54,"Crow-Armstrong, Pete",691718,663372,single,hit_into_play,,,,,6.0,Pete Crow-Armstrong singles on a fly ball to right fielder Troy Johnston.,R,L,R,COL,CHC,X,9.0,fly_ball,1,1,2026,0.44,0.42,0.40860578256544,2.3422153088322757,,,,0,4,Top,150.8,114.23,,,,,5.083478926940712,-131.95225876573855,-2.8955956464361217,4.293892881316049,23.11944085506144,-26.82066937447472,3.202452428,1.616190945,200.0,61.5,31.0,91.6,2438.0,6.4,824346,664954,681198,666397,650489,678662,694514,694249,687859,54.06,0.557,0.501,0.9,1.0,1.0,0.0,4.0,22,3,Slider,1,0,0,1,0,1,0,1,Standard,Standard,179.0,-0.048,0.457,76.8,7.2,,0.588,-0.457,88.0,1,-1,0.624,0.376,29,24,30,24,2,1,6.0,1.0,5.0,1,2.31,-0.44,0.44,40.1,11.398678508429075,0.2515460952897273,37.1283704133438,28.23782101775435,36.0205780306993,1,0,0,0,0,1,away
CH,2026-06-11,87.9,-2.38,4.63,"Crow-Armstrong, Pete",691718,680604,double,hit_into_play,,,,,13.0,Pete Crow-Armstrong doubles (9) on a ground ball to right fielder Troy Johnston.,R,L,R,COL,CHC,X,9.0,ground_ball,3,2,2026,-0.71,-0.04,-0.8729675083789187,1.814106176060343,,,,1,7,Top,172.59,94.93,,,,,5.05497095617804,-128.0591976782367,-0.5421688092474479,-8.820190132852547,22.72304413547816,-32.655109884398755,3.202452428,1.616190945,35.0,99.7,-1.0,87.7,1563.0,5.8,824346,664954,681198,666397,691720,678662,650489,694249,687859,54.73,0.447,0.41,1.25,1.0,1.0,1.0,2.0,54,6,Changeup,2,6,6,2,6,2,6,2,Standard,Standard,244.0,-0.009,0.56,74.5,7.5,,0.499,-0.56,99.7,-4,4,0.063,0.937,27,24,28,24,1,3,5.0,1.0,3.0,1,2.94,0.71,-0.71,23.0,11.919558429595176,9.684464725605656,30.435941853369883,43.20903223331263,37.66665505066821,1,0,0,0,0,1,away
SI,2026-06-11,90.4,2.51,4.85,"Crow-Armstrong, Pete",691718,671111,field_out,hit_into_play,,,,,6.0,Pete Crow-Armstrong grounds out to first baseman TJ Rumfield.,R,L,L,COL,CHC,X,3.0,ground_ball,1,2,2026,1.13,0.36,0.6553476558177278,2.4220203744631967,,,,0,9,Top,159.41,168.91,,,,,-7.082099205638626,-131.72702267951223,-0.8435376831641815,14.601142714771942,21.78158161748778,-27.98852246298163,3.202452428,1.616190945,79.0,78.6,6.0,91.9,2291.0,6.6,824346,664954,681198,666397,691720,678662,650489,694249,687859,53.86,0.356,0.327,0.0,1.0,0.0,0.0,2.0,71,4,Sinker,2,9,9,2,9,2,9,2,Standard,Standard,120.0,0.0,-0.186,72.1,6.9,,0.417,0.186,88.0,-7,7,0.001,0.999,28,24,28,24,1,4,23.0,1.0,63.0,1,2.38,1.13,1.13,17.9,18.52127729361139,-4.832355910681836,39.398357521554985,23.213085904656513,32.84977336443508,0,0,0,0,0,1,away
CH,2026-06-11,85.2,-1.87,5.64,"Crow-Armstrong, Pete",691718,663372,field_out,hit_into_play,,,,,13.0,"Pete Crow-Armstrong grounds out softly, pitcher Ryan Feltner to first baseman TJ Rumfield.",R,L,R,COL,CHC,X,1.0,ground_ball,0,1,2026,-0.34,0.63,-0.812346778957086,1.1343774700818448,,,,0,1,Top,122.49,186.92,,,,,3.153952286580296,-124.27632663240932,-5.52933394478031,-4.08361560775381,18.626717798023837,-24.793577915652705,3.202452428,1.616190945,1.0,53.3,-66.0,86.4,1492.0,6.4,824346,664954,681198,666397,650489,678662,694514,694249,687859,54.11,0.279,0.251,0.0,1.0,0.0,0.0,1.0,1,2,Changeup,0,0,0,0,0,0,0,0,Standard,Standard,207.0,0.019,-0.217,71.5,8.6,,0.284,0.217,88.0,0,0,0.503,0.497,29,24,30,24,1,0,6.0,1.0,5.0,1,2.43,0.34,-0.34,45.6,32.9246695660354,-11.285059319769694,36.11797845713463,42.43662604398678,52.95964940281992,0,0,0,0,0,1,away
CH,2026-06-12,86.3,-1.9,5.23,"Crow-Armstrong, Pete",691718,694738,field_out,hit_into_play,,,,,7.0,Pete Crow-Armstrong flies out sharply to center fielder Drew Gilbert.,R,L,R,SF,CHC,X,8.0,fly_ball,0,0,2026,-1.15,-0.22,-0.5643685416839652,1.8433666640837876,,,608348.0,1,5,Top,169.09,58.4,,,,,5.503782960882321,-125.63260544121584,-1.244999902493254,-13.296324804612407,22.590144595297243,-34.472090865697055,3.202452428,1.616190945,363.0,101.8,39.0,86.4,1794.0,6.1,823211,691740,646240,650333,656305,642715,669477,687551,808982,54.41,0.294,0.591,0.0,1.0,0.0,0.0,5.0,33,1,Changeup,0,2,2,0,2,0,2,0,Infield shade,Standard,253.0,0.023,-0.261,74.5,7.9,,1.136,0.261,101.8,-2,2,0.247,0.753,27,24,28,24,3,2,6.0,1.0,7.0,1,3.25,1.15,-1.15,17.5,22.549956988222515,-3.9853261498612262,37.83134995147109,39.27475890413761,43.6954634551407,0,0,0,0,0,1,away
CH,2026-06-12,87.5,-1.61,5.11,"Crow-Armstrong, Pete",691718,694738,double,hit_into_play,,,,,7.0,Pete Crow-Armstrong doubles (10) on a line drive to center fielder Drew Gilbert.,R,L,R,SF,CHC,X,8.0,line_drive,2,2,2026,-1.01,-0.58,-0.5634790279386522,1.9828478655612196,,,,2,3,Top,160.68,66.81,,,,,4.598152150778296,-127.46630895647628,-0.0214355739298905,-11.991195118401253,24.77012144106928,-38.71268206941581,3.202452428,1.616190945,339.0,103.8,18.0,87.6,1875.0,6.2,823211,691740,646240,650333,656305,642715,669477,687551,808982,54.35,0.506,0.608,1.25,1.0,1.0,1.0,5.0,17,5,Changeup,0,0,0,0,0,0,0,0,Infield shade,Standard,270.0,-0.027,0.593,74.7,7.6,,0.942,-0.593,103.8,0,0,0.545,0.455,27,24,28,24,2,1,6.0,1.0,7.0,1,3.54,1.01,-1.01,16.5,20.511487198944423,2.015668151777734,35.711915069946095,40.66022437204846,35.27037146815306,1,0,0,0,0,1,away
SI,2026-06-12,93.1,-2.26,6.3,"Crow-Armstrong, Pete",691718,664141,field_out,hit_into_play,,,,,7.0,Pete Crow-Armstrong flies out to right fielder Jung Hoo Lee.,R,L,R,SF,CHC,X,9.0,fly_ball,1,1,2026,-1.49,0.62,-0.5025866312778913,1.7383110282140273,,,621020.0,1,7,Top,187.87,100.41,,,,,7.675593863870607,-135.3481133667801,-7.016580607834426,-19.983894081014466,28.034924547904808,-23.221094736966503,3.202452428,1.616190945,330.0,90.6,38.0,92.2,2273.0,5.7,823211,691740,646240,650333,656305,642715,669477,687551,808982,54.8,0.026,0.036,0.0,1.0,0.0,0.0,3.0,49,3,Sinker,0,5,5,0,5,0,5,0,Infield shade,Standard,224.0,0.003,-0.25,77.4,8.1,,0.056,0.25,90.6,-5,5,0.032,0.968,32,24,33,24,1,3,3.0,1.0,5.0,1,2.0,1.49,-1.49,47.0,23.28764837955112,-7.037695530281334,37.81119883558068,38.606191395951015,42.6710072553308,0,0,0,0,0,1,away
CU,2026-06-12,78.3,-1.37,5.48,"Crow-Armstrong, Pete",691718,694738,strikeout,swinging_strike,,,,,14.0,Pete Crow-Armstrong strikes out swinging.,R,L,R,SF,CHC,S,2.0,,2,2,2026,1.66,-0.92,1.494270533411269,1.1202498693341,,,,0,1,Top,,,,,,,2.961302995674697,-113.93522932995003,-0.5157012785412503,13.801215788920212,22.935811608648265,-40.27613845118414,3.202452428,1.616190945,,,,77.7,3108.0,6.1,823211,691740,646240,650333,656305,642715,669477,687551,808982,54.4,,0.0,0.0,1.0,0.0,0.0,,1,6,Curveball,0,0,0,0,0,0,0,0,Infield shade,Standard,45.0,0.019,-0.232,24.4,6.7,10.697053428,,0.232,,0,0,0.503,0.497,27,24,28,24,1,0,6.0,1.0,7.0,1,4.67,-1.66,1.66,25.7,22.371317010275035,-0.5447129585336941,37.23968935190595,16.063925816683867,42.279687358435034,0,0,0,1,0,1,away
SI,2026-06-13,94.2,1.94,6.23,"Crow-Armstrong, Pete",691718,656529,strikeout,called_strike,,,,,9.0,Pete Crow-Armstrong called out on strikes.,R,L,L,SF,CHC,S,2.0,,3,2,2026,0.88,1.42,0.3425450797531512,2.07522268556918,,,,0,6,Top,,,,,,,-6.19443301934577,-136.86936261600576,-8.16437813726765,12.484177699159806,30.43049933594471,-12.688347300321253,3.202452428,1.616190945,,,,95.6,2082.0,7.2,823213,606992,646240,650333,656305,642715,669477,687551,808982,53.28,,0.0,0.0,1.0,0.0,0.0,,51,7,Sinker,1,6,6,1,6,1,6,1,Infield shade,Standard,151.0,0.005,-0.346,,,,,0.346,,-5,5,0.047,0.953,29,24,30,24,1,3,1.0,1.0,4.0,1,1.16,0.88,0.88,37.5,,,,,,0,0,0,1,0,1,away
SI,2026-06-13,92.6,-2.16,4.88,"Crow-Armstrong, Pete",691718,686790,single,hit_into_play,,,,,5.0,Pete Crow-Armstrong singles on a line drive to right fielder Jung Hoo Lee. Dansby Swanson to 3rd.,R,L,R,SF,CHC,X,9.0,line_drive,3,0,2026,-1.13,-0.15,-0.2429120733516128,2.194707062574364,,,621020.0,2,4,Top,162.86,90.05,,,,,7.413599926775277,-134.72543521624283,-0.5824749501860085,-15.370996912792682,26.700510646571335,-34.094601754957985,3.202452428,1.616190945,150.0,96.4,10.0,93.7,2064.0,6.8,823213,606992,646240,650333,656305,642715,669477,687551,808982,53.74,0.697,0.648,0.9,1.0,1.0,0.0,4.0,32,4,Sinker,1,3,3,1,3,1,3,1,Infield shade,Standard,247.0,-0.011,0.146,78.1,7.1,,0.794,-0.146,96.4,-2,2,0.282,0.718,25,24,25,24,3,2,6.0,1.0,7.0,1,2.79,1.13,-1.13,25.1,9.263772408131445,9.458561183040862,37.40162249317708,36.47786305488221,32.49935350020917,1,0,0,0,0,1,away
CH,2026-06-13,82.5,-2.31,4.99,"Crow-Armstrong, Pete",691718,686790,double,hit_into_play,,,,,13.0,Pete Crow-Armstrong doubles (11) on a line drive to right fielder Jung Hoo Lee.,R,L,R,SF,CHC,X,9.0,line_drive,1,0,2026,-1.13,-0.04,-1.015382701219056,1.960562752948953,,,,0,3,Top,193.03,136.01,,,,,5.225298299387923,-120.06611439281848,-0.1116745259345171,-11.930490707110197,22.10490391502141,-32.72025034535565,3.202452428,1.616190945,228.0,77.4,25.0,83.8,1540.0,7.1,823213,606992,646240,650333,656305,642715,669477,687551,808982,53.44,0.7,0.646,1.25,1.0,1.0,1.0,4.0,17,2,Changeup,0,1,1,0,1,0,1,0,Infield shade,Standard,252.0,-0.056,0.662,69.5,8.3,,0.777,-0.662,88.0,-1,1,0.385,0.615,25,24,25,24,2,1,6.0,1.0,7.0,1,3.37,1.13,-1.13,25.7,30.947937363840374,-13.239644603329042,33.45634077471429,45.06461058331627,52.63858749353963,1,0,0,0,0,1,away
FF,2026-06-13,97.2,-1.42,6.23,"Crow-Armstrong, Pete",691718,681916,strikeout,swinging_strike,,,,,3.0,Pete Crow-Armstrong strikes out swinging.,R,L,R,SF,CHC,S,2.0,,0,2,2026,-0.5,1.67,0.6351972496062412,2.9676100185749688,,,,0,8,Top,,,,,,,6.631844135842451,-141.30879484947877,-6.959673045289362,-8.14105005787657,29.483514922872352,-8.351314712357995,3.202452428,1.616190945,,,,98.1,2567.0,6.7,823213,606992,646240,650333,656305,642715,669477,687551,808982,53.85,,0.0,0.0,1.0,0.0,0.0,,67,3,4-Seam Fastball,1,6,6,1,6,1,6,1,Standard,Standard,202.0,0.001,-0.164,75.1,6.8,1.879248348,,0.164,,-5,5,0.018,0.982,26,24,26,24,1,4,4.0,1.0,3.0,1,0.73,0.5,-0.5,52.1,17.418143188356,-5.197969546145236,36.03897852591292,25.75505265779171,33.14208227173835,0,0,0,1,0,1,away
SL,2026-06-13,86.0,-2.47,5.16,"Crow-Armstrong, Pete",691718,686790,home_run,hit_into_play,,,,,8.0,Pete Crow-Armstrong homers (12) on a fly ball to left center field.,R,L,R,SF,CHC,X,,fly_ball,0,0,2026,0.65,-0.29,-0.255680165356223,1.616781255352719,,,,0,1,Top,77.27,56.39,,,,,3.880315884188208,-125.3344606457121,-1.4539051166707808,6.215651561566722,21.603460857557277,-35.17335202037885,3.202452428,1.616190945,385.0,102.7,31.0,87.2,2795.0,6.7,823213,606992,646240,650333,656305,642715,669477,687551,808982,53.84,0.714,1.432,2.0,1.0,0.0,3.0,6.0,1,1,Slider,0,0,0,0,1,0,1,0,Infield shade,Standard,23.0,-0.096,1.114,75.1,7.5,,2.77,-1.114,102.7,0,0,0.5,0.5,25,24,25,24,1,0,6.0,1.0,7.0,1,3.32,-0.65,0.65,25.1,11.638685845365147,1.020294104350255,42.745462228024635,34.813707896184994,33.4514020322751,1,1,0,0,0,1,away
SI,2026-06-14,92.9,-1.8,4.9,"Crow-Armstrong, Pete",691718,657277,field_out,hit_into_play,,,,,5.0,Pete Crow-Armstrong lines out sharply to second baseman Luis Arraez.,R,L,R,SF,CHC,X,4.0,line_drive,1,0,2026,-1.16,0.22,-0.0953186855984826,2.46331341326467,,,621020.0,1,8,Top,148.59,145.96,,,,,6.966902607166256,-135.27273704427012,-0.8354376302292562,-15.650785432898056,26.0771493300708,-29.47472679801853,3.202452428,1.616190945,149.0,103.9,9.0,94.3,2914.0,6.8,823212,691740,669477,650333,656305,642715,687551,813841,808982,53.67,0.771,0.738,0.0,1.0,0.0,0.0,4.0,59,2,Sinker,4,0,0,4,0,4,0,4,Infield shade,Standard,246.0,0.019,-0.297,76.5,7.1,,0.92,0.297,103.9,4,-4,0.96,0.04,29,24,30,24,4,3,6.0,1.0,7.0,1,2.39,1.16,-1.16,19.7,14.562154418283502,0.6875686668301425,31.467733012711744,36.44082625380414,38.655978611933214,0,0,0,0,0,1,away
SI,2026-06-14,92.2,-1.68,5.06,"Crow-Armstrong, Pete",691718,657277,single,hit_into_play,,,,,9.0,Pete Crow-Armstrong singles on a fly ball to left fielder Casey Schmitt.,R,L,R,SF,CHC,X,7.0,fly_ball,0,0,2026,-1.13,0.28,0.349412925926305,1.6636607722770034,,,,0,6,Top,70.64,133.91,,,,,7.657055773887572,-134.24905495872727,-3.3520284261342397,-15.262635400683427,24.29797947007999,-28.28410320075932,3.202452428,1.616190945,184.0,63.1,38.0,93.7,1993.0,6.8,823212,691740,805811,650333,656305,642715,669477,687551,808982,53.7,0.409,0.368,0.9,1.0,1.0,0.0,4.0,43,1,Sinker,3,0,0,3,0,3,0,3,Infield shade,Standard,243.0,-0.043,0.445,77.8,7.1,,0.419,-0.445,88.0,3,-3,0.863,0.137,29,24,30,24,3,2,6.0,1.0,7.0,1,2.36,1.13,-1.13,20.6,0.4763098226073866,-0.5904003232504933,48.78223509923351,30.42257032488376,34.85637592955819,1,0,0,0,0,1,away
FF,2026-06-14,92.6,-1.68,5.03,"Crow-Armstrong, Pete",691718,657277,single,hit_into_play,,,,,5.0,Pete Crow-Armstrong singles on a ground ball to right fielder Jung Hoo Lee.,R,L,R,SF,CHC,X,9.0,ground_ball,3,2,2026,-0.53,0.84,-0.2081452619317528,2.693959257303331,,,,2,3,Top,200.89,138.74,,,,,4.9354687374407655,-134.99161847292874,-1.977526072535273,-7.430401218277181,25.54025429329104,-21.561871751413868,3.202452428,1.616190945,128.0,102.6,7.0,94.3,2094.0,6.9,823212,691740,805811,650333,656305,642715,669477,687551,808982,53.59,0.637,0.591,0.9,1.0,1.0,0.0,4.0,16,9,4-Seam Fastball,0,0,0,0,0,0,0,0,Infield shade,Standard,230.0,-0.011,0.288,77.8,7.5,,0.716,-0.288,102.6,0,0,0.541,0.459,29,24,30,24,2,1,6.0,1.0,7.0,1,1.78,0.53,-0.53,22.2,23.80218072616881,-9.9199912359516,29.570406358196077,36.681083181059655,43.22188282498132,1,0,0,0,0,1,away
FF,2026-06-14,94.0,-1.74,5.12,"Crow-Armstrong, Pete",691718,657277,strikeout,swinging_strike,,,,,1.0,Pete Crow-Armstrong strikes out swinging.,R,L,R,SF,CHC,S,2.0,,3,2,2026,-0.54,0.77,-0.5319562227717051,2.8776611246905692,,,,0,1,Top,,,,,,,4.364788662312414,-137.03342808093478,-1.7853904612920233,-7.694813093668103,24.140096229957347,-22.19838197561291,3.202452428,1.616190945,,,,95.8,2083.0,6.8,823212,691740,805811,650333,656305,642715,669477,687551,808982,53.75,,0.0,0.0,1.0,0.0,0.0,,1,6,4-Seam Fastball,0,0,0,0,0,0,0,0,Infield shade,Standard,237.0,0.027,-0.346,73.2,6.5,0.388571448,,0.346,,0,0,0.495,0.505,29,24,30,24,1,0,6.0,1.0,7.0,1,1.76,0.54,-0.54,26.0,5.226295767691966,18.067942565809467,33.477170731554025,40.46140931078375,20.929647237448684,0,0,0,1,0,1,away
FC,2026-06-15,90.4,-1.83,5.75,"Crow-Armstrong, Pete",691718,547179,double,hit_into_play,,,,,9.0,Pete Crow-Armstrong doubles (12) on a sharp line drive to right fielder Tyler Freeman.,R,L,R,CHC,COL,X,9.0,line_drive,1,1,2026,-0.1,0.85,0.6178264001781214,1.787877903007551,,,,1,5,Bot,210.41,112.14,,,,,6.191686325731923,-131.46665476624486,-5.512922876959972,-2.461128884793584,27.062738293691083,-21.33519606587132,3.202452428,1.616190945,243.0,102.1,18.0,89.7,2436.0,5.8,824666,690924,681198,650489,691720,678662,664983,694249,671289,54.68,0.431,0.51,1.25,1.0,1.0,1.0,5.0,38,3,Cutter,1,0,1,0,0,1,1,0,Standard,Standard,210.0,0.042,0.653,80.7,7.7,,0.781,-0.653,102.1,1,1,0.686,0.686,34,24,34,24,3,2,5.0,1.0,6.0,1,1.94,0.1,-0.1,36.3,18.49464372995077,-2.737352286062978,41.160699785269074,29.327814384201,39.777993469568386,1,0,0,0,0,1,home
SI,2026-06-15,93.5,-1.87,5.63,"Crow-Armstrong, Pete",691718,547179,triple,hit_into_play,,,,,5.0,Pete Crow-Armstrong triples (4) on a fly ball to right fielder Tyler Freeman.,R,L,R,CHC,COL,X,9.0,fly_ball,2,2,2026,-1.27,0.64,0.0317930715826777,2.668098658143982,,,,0,3,Bot,174.89,50.8,,,,,7.607473041683518,-136.0535726464518,-3.1116603138770147,-17.433535970558868,29.32366027159144,-23.76125684352459,3.202452428,1.616190945,385.0,98.3,35.0,92.9,2345.0,5.9,824666,690924,681198,650489,691720,678662,664983,694249,671289,54.62,0.234,0.456,1.6,1.0,1.0,2.0,5.0,22,5,Sinker,1,0,1,0,0,1,1,0,Infield shade,Standard,230.0,0.083,1.009,75.3,7.3,,0.888,-1.009,98.3,1,1,0.666,0.666,34,24,34,24,2,1,5.0,1.0,6.0,1,1.97,1.27,-1.27,35.6,14.269427182642051,-5.656243736898537,34.99430988390646,35.54634890171342,36.00961208887652,1,0,0,0,0,1,home
SL,2026-06-15,86.5,-2.61,5.34,"Crow-Armstrong, Pete",691718,680767,sac_fly,hit_into_play,,,,,2.0,Pete Crow-Armstrong out on a sacrifice fly to right fielder Tyler Freeman. Matt Shaw scores.,R,L,R,CHC,COL,X,9.0,line_drive,2,2,2026,0.71,-0.87,0.0949985819181996,2.804705065112086,807713.0,624424.0,,1,8,Bot,200.79,107.61,,,,,4.926329981086936,-125.9286568795146,2.1496277291731887,6.700393601459693,23.98621682465801,-42.07908656664126,3.202452428,1.616190945,292.0,98.6,18.0,87.6,2605.0,6.8,824666,664954,681198,666397,650489,694249,687859,664983,671289,53.67,,0.393,0.0,1.0,0.0,0.0,4.0,72,5,Slider,2,4,2,4,4,3,3,4,Infield shade,Standard,44.0,-0.058,-0.12,79.6,7.0,,,0.12,98.6,-2,-2,0.325,0.325,26,24,27,24,1,4,28.0,1.0,1.0,1,3.9,-0.71,0.71,42.1,23.345999606177607,-5.7982020039155175,25.776646667256408,33.217369869052106,41.726298997087035,0,0,0,0,0,0,home
FC,2026-06-15,90.3,-1.92,5.68,"Crow-Armstrong, Pete",691718,547179,home_run,hit_into_play,,,,,8.0,Pete Crow-Armstrong homers (13) on a fly ball to center field.,R,L,R,CHC,COL,X,,fly_ball,2,1,2026,-0.17,0.69,0.0856009718095276,1.7227074372707498,,,,0,1,Bot,165.59,27.4,,,,,5.242497539177348,-131.4531091268108,-5.170955085408326,-3.0341300135738187,26.194004946778353,-23.23998230978841,3.202452428,1.616190945,434.0,106.0,28.0,89.8,2563.0,5.9,824666,690924,681198,650489,691720,678662,664983,694249,671289,54.65,1.0,2.0,2.0,1.0,0.0,3.0,6.0,5,4,Cutter,0,0,0,0,0,1,1,0,Standard,Standard,219.0,0.094,1.063,76.6,7.7,,4.0,-1.063,106.0,0,0,0.551,0.551,34,24,34,24,1,0,5.0,1.0,6.0,1,2.09,0.17,-0.17,38.9,8.117380716048737,-1.3604991440747178,43.21360079324005,35.340299972120164,36.685102408727886,1,1,0,0,0,1,home
SI,2026-06-15,92.0,3.06,5.04,"Crow-Armstrong, Pete",691718,657514,single,hit_into_play,,,,,5.0,Pete Crow-Armstrong singles on a line drive to right fielder Tyler Freeman.,R,L,L,CHC,COL,X,9.0,line_drive,1,1,2026,1.28,0.18,0.1439521286736775,2.188603748351751,,,,0,7,Bot,163.95,93.47,,,,,-10.02644291098313,-133.6308529389263,-1.5725818598719288,17.540433192364112,28.70706749544948,-29.86233887647617,3.202452428,1.616190945,211.0,99.6,13.0,91.1,2168.0,5.8,824666,664954,681198,666397,650489,694249,687859,664983,671289,54.67,0.926,0.889,0.9,1.0,1.0,0.0,4.0,57,3,Sinker,2,1,2,1,1,2,2,1,Standard,Standard,127.0,0.029,0.457,74.4,7.2,,1.122,-0.457,99.6,1,1,0.788,0.788,34,24,34,24,1,3,3.0,1.0,1.0,1,2.52,1.28,1.28,16.2,11.560396940374078,0.9645993451111584,36.60576226967074,32.5960869910358,33.72659349571496,1,0,0,0,0,1,home
CH,2026-06-16,85.0,-1.72,5.63,"Crow-Armstrong, Pete",691718,663372,strikeout,swinging_strike,,,,,11.0,Pete Crow-Armstrong strikes out swinging.,R,L,R,CHC,COL,S,2.0,,2,2,2026,-0.46,0.49,-0.8259851208658262,3.339039002498072,,665804.0,621020.0,1,4,Bot,,,,,,,3.0246970669035655,-123.92367572867671,0.0643053975721397,-5.289754591138764,23.00661840191588,-27.299488454762574,3.202452428,1.616190945,,,,85.9,1660.0,6.6,824667,664954,681198,666397,650489,678662,687859,694249,664983,53.92,,0.0,0.0,1.0,0.0,0.0,,34,5,Changeup,2,3,2,3,3,2,2,3,Standard,Standard,206.0,-0.052,-0.223,69.7,6.3,1.343024088,,0.223,,-1,-1,0.473,0.473,29,24,30,24,3,2,5.0,1.0,6.0,1,2.63,0.46,-0.46,46.7,9.362018333340025,23.055360041069477,28.4879460064144,44.541500781345974,23.733864889225018,0,0,0,1,0,1,home
CH,2026-06-16,87.2,-1.57,5.64,"Crow-Armstrong, Pete",691718,663372,strikeout,swinging_strike,,,,,11.0,Pete Crow-Armstrong strikes out swinging.,R,L,R,CHC,COL,S,2.0,,2,2,2026,-0.37,0.71,-0.3515204273384291,3.777752372244235,665804.0,,,1,2,Bot,,,,,,,3.700376306252991,-127.06417882915598,0.2934073105365923,-4.753317350135246,23.4453485959884,-24.686202737526077,3.202452428,1.616190945,,,,88.4,1609.0,6.7,824667,664954,681198,666397,650489,678662,687859,694249,664983,53.78,,0.0,0.0,1.0,0.0,0.0,,16,6,Changeup,2,0,2,0,0,2,2,0,Strategic,Standard,205.0,-0.037,-0.316,74.5,6.8,0.183749856,,0.316,,2,2,0.777,0.777,29,24,30,24,2,1,5.0,1.0,6.0,1,2.26,0.37,-0.37,47.4,21.739005288951155,-0.7855559234640573,20.81282858316899,40.602782355184786,36.39645680369363,0,0,0,1,0,1,home
SL,2026-06-16,87.1,-1.18,5.61,"Crow-Armstrong, Pete",691718,677955,field_out,hit_into_play,,,,,8.0,Pete Crow-Armstrong flies out sharply to center fielder Cole Carrigg.,R,L,R,CHC,COL,X,8.0,fly_ball,1,2,2026,0.38,-0.14,0.1800111658633599,1.934580505912896,,,,1,9,Bot,118.73,79.77,,,,,2.401875721146112,-126.88014494520344,-2.1620500822391686,3.663688114627997,24.68913311430157,-33.50127002340925,3.202452428,1.616190945,298.0,101.2,48.0,86.7,2565.0,5.8,824667,664954,681198,650489,691720,678662,664983,694249,671289,54.66,0.014,0.018,0.0,1.0,0.0,0.0,3.0,75,4,Slider,2,5,2,5,5,2,2,5,Infield shade,Standard,99.0,-0.009,-0.183,80.7,7.5,,0.033,0.183,101.2,-3,-3,0.014,0.014,26,24,27,24,1,4,1.0,1.0,3.0,1,3.13,-0.38,0.38,24.1,17.65155462881689,-5.289841455427314,38.63080596384221,32.96550698669303,41.01311825544413,0,0,0,0,0,1,home
FF,2026-06-16,96.0,-1.69,5.54,"Crow-Armstrong, Pete",691718,663372,home_run,hit_into_play,,,,,6.0,Pete Crow-Armstrong homers (14) on a fly ball to right field.,R,L,R,CHC,COL,X,,fly_ball,1,2,2026,-0.45,1.15,0.4429515829973211,2.694659666634881,,,,0,1,Bot,216.09,70.94,,,,,6.603975495936689,-139.6887477688895,-4.387510406405358,-7.342264491337039,31.215197876970684,-16.34099956915468,3.202452428,1.616190945,386.0,97.7,33.0,96.2,2299.0,6.4,824667,664954,681198,666397,650489,678662,687859,694249,664983,54.1,0.22,0.423,2.0,1.0,0.0,3.0,5.0,4,4,4-Seam Fastball,0,0,0,0,0,1,1,0,Infield shade,Standard,216.0,0.104,1.187,77.7,7.0,,0.806,-1.187,97.7,0,0,0.541,0.541,29,24,30,24,1,0,5.0,1.0,6.0,1,1.32,0.45,-0.45,36.8,19.339733839624145,-1.046394193590075,31.820783725971385,31.24061664220782,38.08541198705148,1,1,0,0,0,1,home
SI,2026-06-16,90.8,3.08,5.02,"Crow-Armstrong, Pete",691718,657514,field_out,hit_into_play,,,,,7.0,"Pete Crow-Armstrong grounds out sharply, third baseman Willi Castro to first baseman TJ Rumfield.",R,L,L,CHC,COL,X,5.0,ground_ball,0,0,2026,1.33,0.16,-0.378775014472285,2.003629933360834,,,,0,7,Bot,106.0,171.0,,,,,-11.295193936668342,-131.6927434017159,-1.698906277393633,17.987709370839973,29.194832621046356,-30.134935796655327,3.202452428,1.616190945,30.0,100.8,-2.0,89.4,2153.0,5.7,824667,664954,681198,666397,650489,678662,687859,694249,664983,54.78,0.437,0.396,0.0,1.0,0.0,0.0,2.0,58,1,Sinker,2,5,2,5,5,2,2,5,Standard,Standard,118.0,-0.028,-0.259,72.0,6.6,,0.489,0.259,100.8,-3,-3,0.128,0.128,34,24,34,24,1,3,1.0,1.0,4.0,1,2.63,1.33,1.33,16.1,-2.7169676904826985,32.444799391170164,38.37018875710863,39.212161808604954,18.27336888249929,0,0,0,0,0,1,home
FS,2026-06-17,86.2,-2.42,5.64,"Crow-Armstrong, Pete",691718,688642,walk,ball,,,,,11.0,Pete Crow-Armstrong walks.,R,L,R,CHC,COL,B,,,3,2,2026,-0.5,0.17,-0.4920363298263867,3.7004653179906257,,,,1,6,Bot,,,,,,,5.562283185590006,-125.40835044156368,1.450057784905765,-6.386716346361782,24.631716065022307,-30.927780653552265,3.202452428,1.616190945,,,,86.4,1230.0,6.3,824668,696100,681198,666397,691720,678662,664983,694249,671289,54.16,,0.698334,0.7,1.0,0.0,0.0,,51,8,Split-Finger,8,2,8,2,2,8,8,2,Infield shade,Standard,239.0,0.001,0.339,,,,,-0.339,,6,6,0.985,0.985,25,24,26,24,1,3,5.0,1.0,6.0,2,2.9,0.5,-0.5,35.6,,,,,,0,0,1,0,0,0,home
ST,2026-06-17,75.7,3.42,5.54,"Crow-Armstrong, Pete",691718,807743,home_run,hit_into_play,,,,,4.0,"Umpire reviewed (home run), call on the field was upheld: Pete Crow-Armstrong homers (15) on a fly ball to right field.",R,L,L,CHC,COL,X,,fly_ball,2,2,2026,-1.16,-0.39,-0.2837036945642741,2.6222906822072907,,,,0,4,Bot,227.09,92.07,,,,,-5.617852839589404,-109.99872018095864,2.078120933094742,-8.290396112616204,21.034245298255613,-35.96789965648049,3.202452428,1.616190945,364.0,99.2,41.0,77.0,2241.0,7.5,824668,696100,681198,666397,691720,678662,664983,694249,671289,53.05,0.08,0.137,2.0,1.0,0.0,3.0,3.0,34,5,Sweeper,7,1,7,1,1,8,8,1,Infield shade,Standard,305.0,0.014,1.141,85.0,7.6,,0.259,-1.141,99.2,6,6,0.968,0.968,23,24,24,24,3,2,5.0,1.0,6.0,2,4.4,-1.16,-1.16,27.9,20.743032096780315,-21.366552066965284,31.46469919385292,34.50951471324442,53.57006672020639,1,1,0,0,0,1,home
ST,2026-06-17,78.0,3.5,5.55,"Crow-Armstrong, Pete",691718,807743,field_out,hit_into_play,,,,,11.0,Pete Crow-Armstrong flies out to left fielder Jake McCarthy.,R,L,L,CHC,COL,X,7.0,fly_ball,0,2,2026,-1.53,-0.44,-1.1391508886467332,2.7742032078593453,,,,0,2,Bot,35.36,107.67,,,,,-7.084973168542608,-113.30748056928276,2.1212742927317563,-11.661133261693807,23.092123629803005,-36.661842886010184,3.202452428,1.616190945,316.0,89.9,41.0,79.0,2360.0,7.3,824668,696100,681198,666397,691720,678662,664983,694249,671289,53.15,0.009,0.014,0.0,1.0,0.0,0.0,3.0,16,3,Sweeper,5,0,5,0,0,5,5,0,Infield shade,Standard,311.0,-0.004,-0.164,66.8,6.7,,0.025,0.164,89.9,5,5,0.917,0.917,23,24,24,24,2,1,5.0,1.0,6.0,2,4.24,-1.53,-1.53,28.3,8.712749197418415,12.34342911045606,30.012703882541416,47.13532936912644,30.37026922591228,0,0,0,0,0,1,home
FF,2026-06-17,90.9,2.99,5.7,"Crow-Armstrong, Pete",691718,807743,field_out,hit_into_play,,,,,4.0,"Pete Crow-Armstrong grounds out, second baseman Edouard Julien to first baseman TJ Rumfield.",R,L,L,CHC,COL,X,4.0,ground_ball,0,0,2026,0.64,1.2,-0.3285941580147627,2.3521504202154233,,,,0,1,Bot,152.28,147.88,,,,,-9.806652718110392,-132.07836780306917,-4.97666176109865,9.531822055542792,27.10615538330971,-17.22846765919017,3.202452428,1.616190945,59.0,95.7,2.0,92.9,2215.0,7.5,824668,696100,681198,666397,691720,678662,664983,694249,671289,53.04,0.474,0.441,0.0,1.0,0.0,0.0,4.0,4,1,4-Seam Fastball,0,0,0,0,0,0,0,0,Standard,Standard,141.0,-0.022,-0.259,74.7,7.4,,0.522,0.259,95.7,0,0,0.548,0.548,23,24,24,24,1,0,5.0,1.0,6.0,2,1.56,0.64,0.64,31.7,14.10979511590412,-4.209194674249931,37.40750246164372,37.42403437268922,36.55189139353736,0,0,0,0,0,1,home
FF,2026-06-17,91.5,-2.53,5.2,"Crow-Armstrong, Pete",691718,623474,strikeout,swinging_strike,,,,,11.0,Pete Crow-Armstrong strikes out swinging.,R,L,R,CHC,COL,S,2.0,,1,2,2026,-1.16,0.85,-0.9825574595857652,3.2090178261724702,807713.0,,621020.0,1,8,Bot,,,,,,,6.290443662298547,-133.17101139732452,-0.8835534066388567,-15.177589621771826,27.096631017905825,-22.059997909208292,3.202452428,1.616190945,,,,90.1,2438.0,5.3,824668,696100,681198,650489,691720,678662,664983,694249,671289,55.18,,0.0,0.0,1.0,0.0,0.0,,71,4,4-Seam Fastball,8,5,8,5,5,8,8,5,Strategic,Standard,242.0,-0.006,-0.261,71.7,6.4,1.21306764,,0.261,,3,3,0.978,0.978,32,24,33,24,1,4,36.0,1.0,3.0,2,1.86,1.16,-1.16,8.0,8.450772884413105,19.399506302184896,28.269246219120753,45.942977887218866,23.055173033900424,0,0,0,1,0,1,home
FS,2026-06-19,83.2,-2.51,5.7,"Crow-Armstrong, Pete",691718,592332,single,hit_into_play,,,,,14.0,Pete Crow-Armstrong singles on a soft ground ball to shortstop Andrés Giménez. Dansby Swanson to 3rd.,R,L,R,CHC,TOR,X,6.0,ground_ball,2,1,2026,-1.24,0.0,0.1492742233447033,1.3260110955876665,,621020.0,,2,1,Bot,120.31,158.46,,,,,8.572677760311915,-120.87749738219657,-3.3580732697218156,-13.776891366371322,22.863449171699376,-31.73837696187392,3.202452428,1.616190945,2.0,48.7,-36.0,84.0,1708.0,6.8,824663,672386,665489,676914,672960,665926,682818,664770,660821,53.66,0.197,0.177,0.9,1.0,1.0,0.0,1.0,13,4,Split-Finger,6,0,6,0,0,6,6,0,Standard,Standard,240.0,0.003,0.667,70.9,8.7,,0.205,-0.667,88.0,6,6,0.934,0.934,35,24,35,24,2,1,6.0,2.0,6.0,1,3.3,1.24,-1.24,35.8,30.189870818984065,-29.979892054397222,38.81450174846343,34.6328591320523,58.10850535292871,1,0,0,0,0,1,home
CU,2026-06-19,82.0,-1.39,5.81,"Crow-Armstrong, Pete",691718,693686,single,hit_into_play,,,,,14.0,Pete Crow-Armstrong singles on a line drive to right fielder Jesús Sánchez. Nico Hoerner scores. Carson Kelly to 3rd. Dansby Swanson to 2nd.,R,L,R,CHC,TOR,X,9.0,line_drive,1,2,2026,1.03,-0.67,0.2953719106540571,1.1622371074015652,663538.0,608348.0,621020.0,1,6,Bot,183.53,110.62,,,,,1.7565853846415056,-119.5133745500489,-2.4421415607051253,9.560283069834686,22.72458038954231,-38.31689021337869,3.202452428,1.616190945,211.0,93.3,17.0,82.9,2751.0,6.8,824663,672386,807727,676914,672960,665926,682818,664770,660821,53.74,0.714,0.683,0.9,1.0,1.0,0.0,4.0,59,4,Curveball,9,2,9,2,2,10,10,2,Strategic,Standard,47.0,0.003,0.552,76.0,7.8,,0.884,-0.552,93.3,7,7,0.995,0.995,25,24,26,24,1,4,2.0,2.0,4.0,1,4.04,-1.03,1.03,35.6,14.670578003013594,0.4835614684897228,47.43425432333577,31.962285668974715,41.98189839981698,1,0,0,0,0,1,home
CU,2026-06-19,81.0,0.41,6.53,"Crow-Armstrong, Pete",691718,680755,single,hit_into_play,,,,,8.0,Pete Crow-Armstrong singles on a fly ball to left fielder Yohendrick Piñango.,R,L,R,CHC,TOR,X,7.0,fly_ball,0,0,2026,0.17,-0.85,0.2433404170768478,1.9030161728875523,,,,1,3,Bot,102.53,108.56,,,,,-0.6876130845482611,-117.96078716393632,-1.798874752828317,1.732778523664981,22.483951366486085,-39.990013216028395,3.202452428,1.616190945,221.0,68.8,37.0,79.6,2424.0,5.3,824663,672386,665489,676914,672960,665926,682818,664770,660821,55.25,0.723,0.675,0.9,1.0,1.0,0.0,4.0,30,1,Curveball,7,1,7,1,1,7,7,1,Infield shade,Strategic,30.0,0.003,0.419,73.7,7.0,,0.796,-0.419,88.0,6,6,0.955,0.955,25,24,26,24,1,2,2.0,2.0,3.0,1,4.32,-0.17,0.17,47.8,4.93795706234454,7.524227840669947,38.3495907499447,30.378752019660137,34.43437549708831,1,0,0,0,0,1,home
SL,2026-06-19,88.9,2.41,6.0,"Crow-Armstrong, Pete",691718,663893,walk,ball,,,,,13.0,Pete Crow-Armstrong walks.,R,L,L,CHC,TOR,B,,,3,1,2026,-0.24,-0.04,-2.2409483300936777,0.9964818432907748,,621020.0,,1,5,Bot,,,,,,,-10.666528588232469,-128.97825678954086,-5.793328694322627,-0.4245836984367933,27.404497076412916,-31.523435624831347,3.202452428,1.616190945,,,,88.3,2430.0,6.1,824663,672386,665489,676914,672960,665926,682818,664770,660821,54.37,,0.698334,0.7,1.0,0.0,0.0,,46,5,Slider,7,1,7,1,1,7,7,1,Standard,Standard,350.0,0.001,0.135,,,,,-0.135,,6,6,0.98,0.98,29,24,30,24,1,3,76.0,2.0,31.0,1,2.95,-0.24,-0.24,34.2,,,,,,0,0,1,0,0,0,home
FF,2026-06-19,90.9,-2.38,5.9,"Crow-Armstrong, Pete",691718,592332,walk,ball,,,,,14.0,Pete Crow-Armstrong walks.,R,L,R,CHC,TOR,B,,,3,0,2026,-0.77,1.41,0.1368215447146394,0.7930060796877132,,,,0,1,Bot,,,,,,,7.986611293639937,-131.93310254239074,-9.768420425886454,-10.663350925949883,27.21675541593943,-13.74728376639612,3.202452428,1.616190945,,,,91.8,2210.0,6.9,824663,672386,665489,676914,672960,665926,682818,664770,660821,53.59,,0.698334,0.7,1.0,0.0,0.0,,4,4,4-Seam Fastball,0,0,0,0,0,0,0,0,Infield shade,Standard,210.0,0.014,0.173,,,,,-0.173,,0,0,0.569,0.569,35,24,35,24,1,0,6.0,2.0,6.0,1,1.35,0.77,-0.77,46.0,,,,,,0,0,1,0,0,0,home
SL,2026-06-20,78.3,2.7,6.35,"Crow-Armstrong, Pete",691718,571578,strikeout,swinging_strike_blocked,,,,,13.0,Pete Crow-Armstrong strikes out swinging.,R,L,L,CHC,TOR,S,2.0,,1,2,2026,-0.17,-0.07,-0.5530821844456787,0.5678053335486815,,,,0,1,Bot,,,,,,,-6.659714515962248,-113.85864871773512,-5.303707489061477,-0.3709097144625249,18.52604954380547,-32.12691513624432,3.202452428,1.616190945,,,,79.2,2233.0,6.7,824665,678218,665489,676914,672960,665926,664702,662139,664770,53.81,,0.0,0.0,1.0,0.0,0.0,,4,4,Slider,0,0,0,0,0,0,0,0,Infield shade,Standard,308.0,-0.015,-0.186,59.8,9.0,8.489201916,,0.186,,0,0,0.541,0.541,36,24,37,24,1,0,6.0,1.0,6.0,3,3.76,-0.17,-0.17,41.6,36.602509615314375,-41.48431911400248,44.3392243170568,37.03387426218645,63.12735584311898,0,0,0,1,0,1,home
FF,2026-06-20,91.8,2.46,6.29,"Crow-Armstrong, Pete",691718,571578,walk,ball,,,,,13.0,Pete Crow-Armstrong walks.,R,L,L,CHC,TOR,B,,,3,2,2026,0.66,1.28,-1.282987570015435,1.501676356742801,,621020.0,,2,4,Bot,,,,,,,-10.870913579039366,-133.13217096770526,-8.893098933521538,10.085926280750494,26.37544872041341,-15.164739710373247,3.202452428,1.616190945,,,,92.7,2260.0,6.8,824665,678218,665489,676914,672960,665926,664702,662139,664770,53.67,,0.698334,0.7,1.0,0.0,0.0,,31,6,4-Seam Fastball,3,0,3,0,0,3,3,0,Infield shade,Standard,142.0,0.003,0.142,,,,,-0.142,,3,3,0.854,0.854,36,24,37,24,3,2,6.0,1.0,6.0,3,1.43,0.66,0.66,40.1,,,,,,0,0,1,0,0,0,home
SI,2026-06-20,91.7,2.44,6.32,"Crow-Armstrong, Pete",691718,571578,strikeout,called_strike,,,,,5.0,Pete Crow-Armstrong called out on strikes.,R,L,L,CHC,TOR,S,2.0,,3,2,2026,1.05,1.0,-0.1196192174275261,2.371058375359911,,,,2,2,Bot,,,,,,,-8.741864452222634,-133.32598771812454,-6.156285019458888,14.324850786044315,25.998825534949095,-19.1509627140948,3.202452428,1.616190945,,,,92.6,2087.0,6.7,824665,678218,665489,676914,672960,665926,664702,662139,664770,53.83,,0.0,0.0,1.0,0.0,0.0,,16,6,Sinker,3,0,3,0,0,3,3,0,Infield shade,Standard,147.0,-0.007,-0.303,,,,,0.303,,3,3,0.801,0.801,36,24,37,24,2,1,6.0,1.0,6.0,3,1.7,1.05,1.05,40.2,,,,,,0,0,0,1,0,1,home
FS,2026-06-20,82.4,-0.32,5.62,"Crow-Armstrong, Pete",691718,681751,home_run,hit_into_play,,,,,13.0,Pete Crow-Armstrong homers (16) on a fly ball to right field. Dansby Swanson scores.,R,L,R,CHC,TOR,X,,fly_ball,1,0,2026,-0.59,0.87,-0.1082053902856939,1.4142212218278742,,,621020.0,2,6,Bot,220.56,66.85,,,,,1.6561058709335197,-119.9673967346336,-4.522430979667173,-6.040531992979041,23.08871782019578,-23.092291449825098,3.202452428,1.616190945,400.0,106.5,32.0,82.5,918.0,6.3,824665,678218,665489,676914,672960,665926,664702,662139,664770,54.16,0.897,1.809,2.0,1.0,0.0,3.0,6.0,48,2,Split-Finger,3,0,3,0,0,5,5,0,Infield shade,Standard,225.0,0.066,2.186,75.9,8.2,,3.533,-2.186,106.5,3,3,0.903,0.903,27,24,27,24,1,3,77.0,1.0,29.0,3,2.48,0.59,-0.59,52.8,22.70347832417193,-10.302051414098402,39.46308811651012,36.40248249339723,50.89424915117486,1,1,0,0,0,1,home
FC,2026-06-20,92.2,3.43,6.0,"Crow-Armstrong, Pete",691718,689254,single,hit_into_play,,,,,6.0,Pete Crow-Armstrong singles on a line drive to left fielder Myles Straw. Miguel Amaya to 3rd. Dansby Swanson to 2nd.,R,L,L,CHC,TOR,X,7.0,line_drive,2,2,2026,0.03,0.74,0.3295234917289714,2.6305831364590113,,665804.0,621020.0,0,8,Bot,85.8,126.49,,,,,-7.913699936238452,-134.24775512753655,-4.299951700250989,1.7933520048078808,23.75653472391652,-22.535824363663636,3.202452428,1.616190945,157.0,66.7,19.0,93.6,2701.0,6.7,824665,678218,665489,676914,672960,676391,664702,662139,682818,53.85,0.589,0.53,0.9,1.0,1.0,0.0,4.0,71,5,Cutter,5,8,5,8,8,5,5,8,Standard,Standard,164.0,0.139,0.524,69.1,5.9,,0.609,-0.524,88.0,-3,-3,0.221,0.221,24,24,25,24,1,4,2.0,1.0,3.0,3,1.9,0.03,0.03,34.4,-1.079926564681828,12.316236054347,38.36630369843443,29.19022787520289,26.12130311886976,1,0,0,0,0,1,home
FS,2026-06-23,80.2,-0.85,5.9,"Crow-Armstrong, Pete",691718,668964,strikeout,swinging_strike,,,,,2.0,Pete Crow-Armstrong strikes out swinging.,R,L,R,NYM,CHC,S,2.0,,1,2,2026,-0.55,1.11,-0.2028928546227717,3.0698039073201056,621020.0,,,2,8,Top,,,,,,,2.491053564096752,-116.78931850098436,-1.547719937828878,-5.523603020950093,20.706501313499867,-21.910556305442412,3.202452428,1.616190945,,,,80.9,1507.0,6.6,823614,682626,668901,543760,683146,666182,676724,805999,701807,53.9,,0.0,0.0,1.0,0.0,0.0,,67,4,Split-Finger,3,9,9,3,9,3,9,3,Standard,Standard,200.0,0.001,-0.233,72.9,8.5,4.658132832,,0.233,,-6,6,0.009,0.991,27,24,28,24,2,4,3.0,3.0,5.0,1,2.41,0.55,-0.55,62.1,28.459680747625363,-52.553567649289946,27.27679661396561,35.81343921435359,62.31761234060819,0,0,0,1,0,1,away
FO,2026-06-23,83.8,-1.93,6.0,"Crow-Armstrong, Pete",691718,673540,walk,ball,,,,,11.0,Pete Crow-Armstrong walks.,R,L,R,NYM,CHC,B,,,3,2,2026,-0.81,0.3,-2.0804982951863193,2.645618199799492,,,,1,4,Top,,,,,,,1.2909566210764072,-122.03819054008794,-1.7389225127530945,-8.345821073730868,23.88515395115734,-29.04257599641742,3.202452428,1.616190945,,,,83.9,1029.0,6.3,823614,682626,676724,543760,683146,666182,665742,805999,701807,54.21,,0.698334,0.7,1.0,0.0,0.0,,33,7,Forkball,2,7,7,2,7,2,7,2,Infield shade,Standard,243.0,-0.005,0.339,,,,,-0.339,,-5,5,0.084,0.916,33,24,33,24,3,2,7.0,3.0,5.0,1,2.94,0.81,-0.81,48.3,,,,,,0,0,1,0,0,0,away
FF,2026-06-23,94.4,-2.22,6.06,"Crow-Armstrong, Pete",691718,673540,home_run,hit_into_play,,,,,4.0,Pete Crow-Armstrong homers (17) on a fly ball to right center field. Matt Shaw scores. Carson Kelly scores.,R,L,R,NYM,CHC,X,,fly_ball,1,0,2026,-0.46,1.38,-0.5034283898125971,2.184458302568125,,807713.0,608348.0,2,2,Top,172.46,40.09,,,,,5.46050613108012,-137.26389388017012,-7.292437021835317,-6.9827613944249975,29.430917390727934,-13.32327709202441,3.202452428,1.616190945,409.0,101.9,27.0,94.7,2470.0,6.4,823614,682626,676724,543760,683146,666182,665742,805999,701807,54.09,0.68,1.254,2.0,1.0,0.0,3.0,6.0,13,2,4-Seam Fastball,0,2,2,0,5,0,5,0,Standard,Standard,214.0,-0.183,1.63,77.5,8.0,,2.384,-1.63,101.9,-2,2,0.305,0.695,33,24,33,24,2,1,7.0,3.0,5.0,1,1.18,0.46,-0.46,44.0,15.038303985967604,-2.7669689609695,34.73628933273715,38.95465851090566,37.46371731422298,1,1,0,0,0,1,away
FF,2026-06-23,93.0,-1.01,5.91,"Crow-Armstrong, Pete",691718,668964,walk,ball,,,,,11.0,Pete Crow-Armstrong walks.,R,L,R,NYM,CHC,B,,,3,2,2026,-0.42,1.72,-1.85008811363396,3.8462013621440945,,,,0,7,Top,,,,,,,-1.184182454792674,-135.38739580364344,-3.2035023619293272,-4.932218479112173,29.885852911083923,-10.53837111664693,3.202452428,1.616190945,,,,93.3,2255.0,6.5,823614,682626,668901,543760,683146,666182,676724,805999,701807,54.01,,0.698334,0.7,1.0,0.0,0.0,,53,6,4-Seam Fastball,2,7,7,2,7,2,7,2,Infield shade,Standard,196.0,-0.003,0.361,,,,,-0.361,,-5,5,0.031,0.969,27,24,28,24,1,3,3.0,3.0,5.0,1,0.91,0.42,-0.42,61.1,,,,,,0,0,1,0,0,0,away
FF,2026-06-23,98.4,-1.87,6.15,"Crow-Armstrong, Pete",691718,673540,strikeout,swinging_strike,,,,,2.0,Pete Crow-Armstrong strikes out swinging.,R,L,R,NYM,CHC,S,2.0,,0,2,2026,-0.42,1.51,-0.0360227146260769,2.957830676569394,,,,0,1,Top,,,,,,,5.892414896915357,-143.1405102517099,-6.545383197428479,-7.099287368757462,32.81660640080001,-10.120013716460049,3.202452428,1.616190945,,,,98.2,2493.0,6.2,823614,682626,676724,543760,683146,666182,665742,805999,701807,54.31,,0.0,0.0,1.0,0.0,0.0,,1,3,4-Seam Fastball,0,0,0,0,0,0,0,0,Infield shade,Standard,215.0,0.013,-0.164,70.0,5.9,0.1,,0.164,,0,0,0.509,0.491,33,24,33,24,1,0,7.0,3.0,5.0,1,0.85,0.42,-0.42,50.0,-5.039590809610922,25.062883737110013,40.34537571979568,31.659325654954955,20.1078908488148,0,0,0,1,0,1,away
SI,2026-06-24,95.6,-2.66,4.81,"Crow-Armstrong, Pete",691718,702752,strikeout,swinging_strike_blocked,,,,,14.0,Pete Crow-Armstrong strikes out swinging.,R,L,R,NYM,CHC,S,2.0,,2,2,2026,-1.34,0.2,1.177792072257334,0.3104456589178337,,,,1,8,Top,,,,,,,13.065686533211458,-138.68256163011552,-6.539173231612598,-19.958749226211445,25.226017097673633,-28.45557289028084,3.202452428,1.616190945,,,,96.5,2194.0,6.6,823613,620443,676572,543760,668901,666182,669004,805999,701807,53.94,,0.0,0.0,1.0,0.0,0.0,,66,5,Sinker,3,10,10,3,10,3,10,3,Infield shade,Standard,242.0,0.001,-0.235,47.3,6.5,6.768784644,,0.235,,-7,7,0.004,0.996,28,24,29,24,1,4,9.0,1.0,38.0,0,2.28,1.34,-1.34,23.6,-15.49757618872247,10.27064473366793,49.13282143223074,19.464904727195503,20.568588245266863,0,0,0,1,0,1,away
FF,2026-06-24,96.6,-3.79,5.45,"Crow-Armstrong, Pete",691718,690997,walk,ball,,,,,12.0,Pete Crow-Armstrong walks.,R,L,R,NYM,CHC,B,,,3,0,2026,-0.94,1.43,0.0935859136634484,3.533126938009509,,,,1,3,Top,,,,,,,12.35542407136226,-140.1747647626113,-2.627931159618324,-15.264893189873543,32.947140925627295,-12.958555933564035,3.202452428,1.616190945,,,,96.2,2457.0,6.3,823613,620443,676724,543760,683146,666182,669004,805999,701807,54.18,,0.698334,0.7,1.0,0.0,0.0,,18,4,4-Seam Fastball,0,0,0,0,0,0,0,0,Standard,Standard,225.0,-0.011,0.166,,,,,-0.166,,0,0,0.508,0.492,24,24,25,24,2,1,7.0,1.0,6.0,0,1.04,0.94,-0.94,38.2,,,,,,0,0,1,0,0,0,away
CH,2026-06-24,89.6,-3.9,5.33,"Crow-Armstrong, Pete",691718,690997,single,hit_into_play,,,,,7.0,Pete Crow-Armstrong singles on a sharp line drive to right fielder Carson Benge.,R,L,R,NYM,CHC,X,9.0,line_drive,0,2,2026,-1.39,-0.41,-0.5945826301410948,2.001312262201268,,,,2,5,Top,202.33,97.25,,,,,11.07187974273842,-130.00817034539918,-1.0834105437911412,-18.0762587606474,27.564447085998736,-36.81282620575104,3.202452428,1.616190945,224.0,103.8,14.0,89.8,1340.0,6.6,823613,620443,676724,543760,683146,666182,669004,805999,701807,53.91,0.691,0.711,0.9,1.0,1.0,0.0,4.0,37,3,Changeup,3,0,0,3,0,3,0,3,Infield shade,Standard,261.0,-0.016,0.437,75.0,7.7,,0.98,-0.437,103.8,3,-3,0.879,0.121,24,24,25,24,3,2,7.0,1.0,6.0,0,3.27,1.39,-1.39,29.6,17.574605639335985,-3.0595070475693875,32.49164706276939,39.8373673966895,41.72530125692867,1,0,0,0,0,1,away
ST,2026-06-24,77.8,3.33,5.1,"Crow-Armstrong, Pete",691718,640455,strikeout,swinging_strike,,,,,13.0,Pete Crow-Armstrong strikes out swinging.,R,L,L,NYM,CHC,S,2.0,,3,2,2026,-1.53,0.09,-1.980664056358059,0.7990324266789539,608348.0,,,2,2,Top,,,,,,,-8.429739807459821,-112.9549734428889,-2.16414940167296,-11.388762677605447,22.031720973485655,-31.223593354039668,3.202452428,1.616190945,,,,78.1,2383.0,6.8,823611,682626,668901,543760,666182,596019,701807,805999,683146,53.69,,0.0,0.0,1.0,0.0,0.0,,13,6,Sweeper,0,1,1,0,1,0,1,0,Standard,Standard,292.0,0.038,-0.331,29.0,7.4,5.875864104,,0.331,,-1,1,0.405,0.595,34,24,34,24,2,1,6.0,0.0,5.0,1,3.72,-1.53,-1.53,14.8,13.768454913658534,8.429099964212398,39.70145315326547,55.45344454220661,33.734346972505435,0,0,0,1,0,1,away
FF,2026-06-24,89.2,3.33,5.08,"Crow-Armstrong, Pete",691718,640455,single,hit_into_play,,,,,2.0,Pete Crow-Armstrong singles on a bunt ground ball to shortstop Francisco Lindor. Pedro Ramírez scores. Dansby Swanson to 2nd.,R,L,L,NYM,CHC,X,6.0,ground_ball,0,1,2026,0.89,1.0,-0.173663671443861,2.9038293004449853,699393.0,,621020.0,0,4,Top,100.51,168.75,,,,,-10.57965634641469,-129.56445249423584,-1.330302411548594,12.120506362755313,24.431470639020183,-20.770936417806492,3.202452428,1.616190945,86.0,39.6,26.0,91.0,2037.0,7.3,823611,682626,668901,543760,666182,596019,701807,805999,683146,53.25,0.249,0.231,0.9,1.0,1.0,0.0,1.0,31,2,4-Seam Fastball,3,3,3,3,4,3,4,3,Standard,Standard,114.0,-0.077,0.103,15.5,1.9,,0.26,-0.103,88.0,0,0,0.365,0.635,34,24,34,24,3,2,6.0,0.0,5.0,1,1.85,0.89,0.89,9.9,-10.065653256459033,7.132402221984636,13.214229339543165,36.33602482098722,23.378104005440782,1,0,0,0,0,1,away
CU,2026-06-24,82.1,-3.94,5.17,"Crow-Armstrong, Pete",691718,690997,strikeout,swinging_strike,,,,,13.0,Pete Crow-Armstrong strikes out swinging.,R,L,R,NYM,CHC,S,2.0,,0,2,2026,1.67,-1.11,-0.2497043824773486,1.3594090526342404,,,,2,6,Top,,,,,,,4.948909813989379,-119.37613084249472,0.5000661187280016,14.519973853082584,28.062174149674377,-43.01880837309974,3.202452428,1.616190945,,,,81.3,3483.0,6.3,823613,620443,676724,543760,683146,666182,669004,805999,701807,54.2,,0.0,0.0,1.0,0.0,0.0,,49,3,Curveball,3,6,6,3,6,3,6,3,Infield shade,Standard,48.0,0.004,-0.154,76.2,7.9,0.568540548,,0.154,,-3,3,0.159,0.841,24,24,25,24,4,3,7.0,1.0,6.0,0,4.56,-1.67,1.67,28.3,20.34305238538348,-7.093050334052147,38.80766882482739,38.84217753385626,44.272990073583685,0,0,0,1,0,1,away
SI,2026-06-24,95.6,-3.47,5.46,"Crow-Armstrong, Pete",691718,690997,strikeout,called_strike,,,,,1.0,Pete Crow-Armstrong called out on strikes.,R,L,R,NYM,CHC,S,2.0,,0,2,2026,-1.73,0.54,-0.5454693285798862,3.267334173209262,,,,0,1,Top,,,,,,,11.57205875413301,-138.60060778502557,-1.1478839848177336,-24.993157520746113,33.731387559534355,-25.161485396069622,3.202452428,1.616190945,,,,95.1,2248.0,6.4,823613,620443,676724,543760,683146,666182,669004,805999,701807,54.08,,0.0,0.0,1.0,0.0,0.0,,1,3,Sinker,0,0,0,0,0,0,0,0,Infield shade,Standard,229.0,0.013,-0.164,,,,,0.164,,0,0,0.509,0.491,24,24,25,24,1,0,7.0,1.0,6.0,0,1.99,1.73,-1.73,36.0,,,,,,0,0,0,1,0,1,away
ST,2026-06-24,77.2,3.33,5.18,"Crow-Armstrong, Pete",691718,640455,strikeout,swinging_strike,,,,,13.0,Pete Crow-Armstrong strikes out swinging.,R,L,L,NYM,CHC,S,2.0,,2,2,2026,-1.14,0.24,-1.5587399564284774,1.5702793396889274,,,,0,1,Top,,,,,,,-8.213890477908443,-112.31144985158996,-0.9862323081093398,-8.306352486370557,18.91179474395709,-30.207874260602917,3.202452428,1.616190945,,,,77.9,2259.0,6.7,823611,682626,668901,543760,666182,596019,701807,805999,683146,53.83,,0.0,0.0,1.0,0.0,0.0,,1,5,Sweeper,0,0,0,0,0,0,0,0,Infield shade,Standard,293.0,0.019,-0.232,63.7,8.6,7.478409528,,0.232,,0,0,0.503,0.497,34,24,34,24,1,0,6.0,0.0,5.0,1,3.57,-1.14,-1.14,13.6,33.3776242333921,-39.30641777121368,33.964748145680595,44.64199866602944,62.1296440103403,0,0,0,1,0,1,away
CH,2026-06-24,84.2,-2.4,5.13,"Crow-Armstrong, Pete",691718,642207,field_out,hit_into_play,,,,,1.0,Pete Crow-Armstrong pops out to shortstop Francisco Lindor.,R,L,R,NYM,CHC,X,6.0,popup,0,1,2026,-1.71,-0.09,-0.5301239428325439,2.963698569570396,,621020.0,,2,9,Top,92.52,139.52,,,,,7.857284207219583,-122.44306371733067,1.7421313159087033,-18.706658546233815,23.06613009503904,-33.681228641969376,3.202452428,1.616190945,186.0,94.9,61.0,85.7,2645.0,7.2,823611,682626,668901,543760,666182,596019,669004,805999,701807,53.31,0.014,0.014,0.0,1.0,0.0,0.0,3.0,79,2,Changeup,5,10,10,5,10,5,10,5,Standard,Standard,279.0,0.001,-0.243,76.6,7.1,,0.021,0.243,94.9,-5,5,0.007,0.993,31,24,32,24,1,5,6.0,0.0,1.0,1,3.3,1.71,-1.71,13.1,15.381004637250198,2.6713963670124716,30.487814518296087,38.34005344202053,34.79663118333937,0,0,0,0,0,1,away
ST,2026-06-24,81.2,3.12,5.37,"Crow-Armstrong, Pete",691718,548384,walk,ball,,,,,13.0,Pete Crow-Armstrong walks.,R,L,L,NYM,CHC,B,,,3,2,2026,-1.76,0.47,-1.6157912495946234,1.4924127794660484,621020.0,,,0,6,Top,,,,,,,-7.040822120277835,-118.09154592208075,-2.710180608827464,-15.01235258203105,23.64626201378401,-27.46419689241056,3.202452428,1.616190945,,,,81.1,2920.0,6.4,823611,682626,668901,543760,666182,596019,701807,805999,683146,54.1,,0.698334,0.7,1.0,0.0,0.0,,47,7,Sweeper,4,5,5,4,5,4,5,4,Strategic,Standard,294.0,-0.025,0.303,,,,,-0.303,,-1,1,0.237,0.763,38,24,38,24,1,3,3.0,0.0,1.0,1,3.01,-1.76,-1.76,27.3,,,,,,0,0,1,0,0,0,away
FC,2026-06-24,88.8,2.37,5.62,"Crow-Armstrong, Pete",691718,621345,single,hit_into_play,,,,,5.0,Pete Crow-Armstrong singles on a ground ball to first baseman Mark Vientos. Pedro Ramírez scores. Pete Crow-Armstrong to 2nd. Throwing error by first baseman Mark Vientos.,R,L,L,NYM,CHC,X,3.0,ground_ball,1,1,2026,-0.32,0.58,-0.2490989820077374,2.1590978787712105,,699393.0,,1,8,Top,149.78,170.94,,,,,-5.666764234426477,-129.43526074973283,-3.592791774721665,-2.7101270112867826,21.041644686970567,-25.165698667188913,3.202452428,1.616190945,41.0,98.0,-1.0,89.9,2607.0,6.4,823611,682626,668901,543760,666182,596019,669004,805999,701807,54.11,0.486,0.437,0.9,1.0,1.0,0.0,2.0,66,3,Cutter,5,6,6,5,7,5,7,5,Infield shade,Standard,179.0,-0.11,0.563,75.9,7.6,,0.531,-0.563,98.0,-1,1,0.235,0.765,32,24,33,24,1,4,1.0,0.0,3.0,1,2.25,-0.32,-0.32,46.1,14.469291700014242,-6.722225467335943,33.67217926055775,32.27166094335256,38.1366861379416,1,0,0,0,0,1,away
CH,2026-06-25,88.2,-3.21,4.88,"Crow-Armstrong, Pete",691718,642547,field_out,hit_into_play,,,,,8.0,"Pete Crow-Armstrong grounds out, pitcher Freddy Peralta to first baseman Mark Vientos. Dansby Swanson to 2nd.",R,L,R,NYM,CHC,X,1.0,ground_ball,3,1,2026,-1.3,0.15,0.1682751623819431,1.9764439247773216,,,621020.0,0,6,Top,126.47,179.55,,,,,10.847524026044916,-128.1264500872304,-1.1326436088237573,-16.436464407421965,23.824361447916303,-30.4674088691875,3.202452428,1.616190945,21.0,81.1,-4.0,88.5,2116.0,6.3,823612,682626,668901,683146,666182,677595,669004,805999,701807,54.16,0.179,0.169,0.0,1.0,0.0,0.0,2.0,41,5,Changeup,0,0,0,0,0,0,0,0,Standard,Standard,250.0,0.052,-0.509,74.3,6.2,,0.199,0.509,88.0,0,0,0.417,0.583,30,24,30,24,3,2,5.0,1.0,6.0,1,2.76,1.3,-1.3,25.2,-6.223588681326074,20.46818424549199,40.7750876960753,29.648058240164957,28.997206878432316,0,0,0,0,0,1,away
CS,2026-06-25,74.5,-3.1,5.2,"Crow-Armstrong, Pete",691718,642547,strikeout,swinging_strike_blocked,,,,,13.0,Pete Crow-Armstrong strikes out swinging.,R,L,R,NYM,CHC,S,2.0,,2,2,2026,0.9,-0.73,-0.5542399926350732,0.4643727363594445,,,,2,3,Top,,,,,,,3.545013915898067,-108.46717184547197,-0.8743214747792024,6.398188842401749,21.02122444355825,-37.963856119615805,3.202452428,1.616190945,,,,74.3,2520.0,6.3,823612,682626,668901,683146,666182,677595,669004,805999,701807,54.16,,0.0,0.0,1.0,0.0,0.0,,17,5,Slow Curve,0,0,0,0,0,0,0,0,Infield shade,Standard,57.0,0.01,-0.221,72.0,8.8,1.988412696,,0.221,,0,0,0.545,0.455,30,24,30,24,2,1,5.0,1.0,6.0,1,4.87,-0.9,0.9,34.6,25.74473090195818,-25.757920538781697,41.27626972531216,39.78301680854428,56.88889429697671,0,0,0,1,0,1,away
SI,2026-06-25,89.0,3.19,5.39,"Crow-Armstrong, Pete",691718,548384,double,hit_into_play,,,,,5.0,Pete Crow-Armstrong doubles (13) on a sharp line drive to right fielder Carson Benge. Matt Shaw scores.,R,L,L,NYM,CHC,X,9.0,line_drive,1,0,2026,1.29,0.05,0.0106376375123249,2.13107798043679,,807713.0,,1,10,Top,181.71,131.41,,,,,-10.408540811176913,-129.09454688858497,-1.7653340609267951,16.64971874370821,28.77370483738745,-31.475303527322673,3.202452428,1.616190945,234.0,106.7,13.0,88.4,2508.0,6.3,823612,682626,676572,683146,666182,677595,676724,805999,701807,54.25,0.863,0.863,1.25,1.0,1.0,1.0,5.0,80,2,Sinker,3,3,3,3,4,3,4,3,Standard,Standard,121.0,-0.278,0.764,78.8,7.9,,1.162,-0.764,106.7,0,0,0.605,0.395,38,24,38,24,1,4,1.0,1.0,5.0,1,2.87,1.29,1.29,23.8,19.113131252221088,-14.285182313999176,35.19693652724101,28.690154679627675,40.23006529014029,1,0,0,0,0,1,away
SI,2026-06-25,94.1,-2.3,4.87,"Crow-Armstrong, Pete",691718,681810,force_out,hit_into_play,,,,,7.0,"Pete Crow-Armstrong grounds into a force out, fielded by shortstop Ronny Mauricio. Miguel Amaya out at 2nd. Pete Crow-Armstrong to 1st.",R,L,R,NYM,CHC,X,6.0,ground_ball,2,0,2026,-1.36,0.41,-0.4363086928840842,1.7711543759137156,,,665804.0,1,7,Top,119.88,151.68,,,,,7.899053927504911,-136.88079417699294,-3.117833688269291,-18.8591008747025,27.459409952570685,-26.52982002637433,3.202452428,1.616190945,13.0,101.4,-7.0,95.1,2342.0,6.7,823612,682626,676572,683146,666182,677595,676724,805999,701807,53.79,0.324,0.293,0.0,1.0,0.0,0.0,2.0,58,3,Sinker,2,3,3,2,3,2,3,2,Standard,Standard,234.0,0.044,-0.427,75.1,6.7,,0.341,0.427,101.4,-1,1,0.294,0.706,30,24,30,24,1,3,1.0,1.0,4.0,1,2.15,1.36,-1.36,23.2,-11.260723861268378,21.58149355042821,47.342225365581264,37.594632064096984,21.60537853382461,0,0,0,0,0,1,away
CU,2026-06-25,78.9,-3.11,5.39,"Crow-Armstrong, Pete",691718,642547,single,hit_into_play,,,,,13.0,Pete Crow-Armstrong singles on a ground ball to right fielder Carson Benge.,R,L,R,NYM,CHC,X,9.0,ground_ball,0,1,2026,0.56,-0.56,-0.4387781280313271,1.1582818525811325,,,,0,1,Top,156.37,157.26,,,,,4.680317170834539,-114.87771259950944,-1.146989931604742,4.1924971439717025,20.00688254132089,-37.12683653369236,3.202452428,1.616190945,62.0,102.3,2.0,79.2,2475.0,6.3,823612,682626,668901,683146,666182,677595,669004,805999,701807,54.15,0.54,0.515,0.9,1.0,1.0,0.0,4.0,1,2,Curveball,0,0,0,0,0,0,0,0,Standard,Standard,63.0,-0.039,0.487,76.0,8.3,,0.64,-0.487,102.3,0,0,0.503,0.497,30,24,30,24,1,0,5.0,1.0,6.0,1,4.2,-0.56,0.56,35.6,21.38774979114608,-5.7382927294960595,37.84402195604715,37.117290577916435,43.152284048785,1,0,0,0,0,1,away
FF,2026-06-26,101.5,-1.82,5.31,"Crow-Armstrong, Pete",691718,694819,strikeout,swinging_strike,,,,,12.0,Pete Crow-Armstrong strikes out swinging.,R,L,R,MIL,CHC,S,2.0,,0,2,2026,-0.74,1.27,0.6238700888511964,3.599842379363611,,,,1,6,Top,,,,,,,8.780623244220626,-147.58000589357826,-2.485426297178756,-12.86968724994086,33.609569274551596,-13.230849291892286,3.202452428,1.616190945,,,,104.2,2570.0,7.7,823773,661388,683734,668930,666152,806198,694192,669003,641343,52.83,,0.0,0.0,1.0,0.0,0.0,,40,4,4-Seam Fastball,0,1,1,0,1,0,1,0,Strategic,Standard,218.0,0.011,-0.163,45.1,3.8,1.728983988,,0.163,,-1,1,0.373,0.627,24,24,24,24,3,2,7.0,1.0,6.0,1,0.94,0.74,-0.74,32.4,-32.9802400052264,57.10675865063603,44.01272852798003,23.99522937265496,7.670735603151509,0,0,0,1,0,1,away
FC,2026-06-26,95.9,-2.07,4.97,"Crow-Armstrong, Pete",691718,694819,field_out,hit_into_play,,,,,14.0,"Pete Crow-Armstrong grounds out, second baseman Brice Turang to first baseman Andrew Vaughn.",R,L,R,MIL,CHC,X,4.0,ground_ball,3,2,2026,0.22,0.65,0.8618665194398646,2.088614609542467,,,,0,4,Top,137.62,168.4,,,,,7.32638088459044,-139.689231103775,-3.489007525695716,1.6110158029642294,25.92737136244345,-23.09475818675588,3.202452428,1.616190945,7.0,40.5,-13.0,99.2,2537.0,7.7,823773,661388,683734,668930,666152,806198,694192,669003,641343,52.82,0.327,0.3,0.0,1.0,0.0,0.0,1.0,24,6,Cutter,0,0,0,0,0,0,0,0,Standard,Standard,172.0,0.034,-0.346,72.9,6.3,,0.338,0.346,88.0,0,0,0.493,0.507,24,24,24,24,2,1,7.0,1.0,6.0,1,1.79,-0.22,0.22,25.0,-5.107121079106365,9.269155347933696,46.84026157897618,22.128568063035697,27.90222168974083,0,0,0,0,0,1,away
CU,2026-06-26,84.8,0.39,6.45,"Crow-Armstrong, Pete",691718,676879,walk,blocked_ball,,,,,14.0,Pete Crow-Armstrong walks.,R,L,L,MIL,CHC,B,,,3,2,2026,-0.31,-1.36,0.6232593005360368,0.7518854071506209,,,,0,8,Top,,,,,,,1.1660681977284808,-123.50494594059283,-3.8762835876329538,-3.436061347868076,26.27394212903115,-45.469682722081814,3.202452428,1.616190945,,,,83.7,2753.0,5.7,823773,661388,641343,668930,666152,806198,694192,669003,686217,54.83,,0.698334,0.7,1.0,0.0,0.0,,62,6,Curveball,5,1,1,5,1,5,1,5,Strategic,Standard,335.0,-0.022,0.361,,,,,-0.361,,4,-4,0.96,0.04,28,24,28,24,1,3,3.0,1.0,2.0,1,4.55,-0.31,-0.31,57.8,,,,,,0,0,1,0,0,0,away
CU,2026-06-26,90.5,-1.62,5.39,"Crow-Armstrong, Pete",691718,694819,strikeout,foul_tip,,,,,8.0,Pete Crow-Armstrong strikes out on a foul tip.,R,L,R,MIL,CHC,S,2.0,,0,2,2026,0.52,-0.74,0.0742971548093243,1.8868862887568132,,,,0,1,Top,,,,,,,3.0872548703731373,-131.85267226406205,-0.9963301082781064,5.445297049030927,27.36803272421735,-40.854952959287054,3.202452428,1.616190945,,,,92.2,1941.0,7.2,823773,661388,683734,668930,666152,806198,694192,669003,641343,53.31,,0.0,0.0,1.0,0.0,0.0,,1,6,Curveball,0,0,0,0,0,0,0,0,Strategic,Standard,42.0,0.013,-0.164,76.3,7.2,,,0.164,,0,0,0.509,0.491,24,24,24,24,1,0,7.0,1.0,6.0,1,3.51,-0.52,0.52,33.9,13.22483058618632,6.832661928766846,33.50649596452578,33.051111495397414,33.43245629082541,0,0,0,1,0,1,away
SV,2026-06-27,84.0,2.68,4.79,"Crow-Armstrong, Pete",691718,690986,strikeout,swinging_strike,,,,,13.0,Pete Crow-Armstrong strikes out swinging.,R,L,L,MIL,CHC,S,2.0,,1,2,2026,-1.06,-0.32,-1.093865268111914,1.1268699856005062,,,,0,4,Top,,,,,,,-6.584077144379586,-122.24968017247954,-1.224030394043343,-9.34625976887592,23.620015793907672,-35.366541120104415,3.202452428,1.616190945,,,,85.3,2274.0,7.1,823770,661388,683734,668930,687401,806198,694192,663368,686217,53.44,,0.0,0.0,1.0,0.0,0.0,,21,4,Slurve,1,0,0,1,0,1,0,1,Strategic,Standard,317.0,0.02,-0.186,56.4,8.8,10.39092258,,0.186,,1,-1,0.632,0.368,24,24,25,24,2,1,7.0,1.0,6.0,1,3.54,-1.06,-1.06,30.4,32.57613396927096,-40.13880971379247,37.89574165233426,41.92359511848269,61.38394681187995,0,0,0,1,0,1,away
FF,2026-06-27,95.6,2.71,4.84,"Crow-Armstrong, Pete",691718,690986,strikeout,called_strike,,,,,8.0,Pete Crow-Armstrong called out on strikes.,R,L,L,MIL,CHC,S,2.0,,3,2,2026,0.86,1.23,-0.0256913706948901,1.5657782268280185,,,,2,5,Top,,,,,,,-9.152451479130422,-138.81352369586443,-5.6381153272014615,13.17249188751954,30.56769237416574,-15.163557935414342,3.202452428,1.616190945,,,,96.4,2385.0,6.8,823770,661388,683734,668930,687401,806198,694192,663368,686217,53.69,,0.0,0.0,1.0,0.0,0.0,,33,7,4-Seam Fastball,1,2,2,1,2,1,2,1,Strategic,Standard,134.0,0.013,-0.303,,,,,0.303,,-1,1,0.402,0.598,24,24,25,24,3,2,7.0,1.0,6.0,1,1.27,0.86,0.86,32.3,,,,,,0,0,0,1,0,1,away
SI,2026-06-27,92.4,-2.06,4.4,"Crow-Armstrong, Pete",691718,681982,field_out,hit_into_play,,,,,14.0,Pete Crow-Armstrong flies out sharply to right fielder Sal Frelick.,R,L,R,MIL,CHC,X,9.0,fly_ball,1,0,2026,-1.39,0.4,0.3148644344461555,1.4763682437146086,,,,0,7,Top,186.05,78.29,,,,,9.10817125515158,-134.32865914962494,-2.3422801018589356,-18.801597022027895,27.22773113783499,-27.066330343265733,3.202452428,1.616190945,332.0,104.9,44.0,93.1,2240.0,6.6,823770,661388,683734,668930,687401,806198,694192,663368,686217,53.87,0.177,0.347,0.0,1.0,0.0,0.0,5.0,49,2,Sinker,2,6,6,2,6,2,6,2,Standard,Standard,244.0,0.006,-0.303,80.7,8.6,,0.675,0.303,104.9,-4,4,0.058,0.942,29,24,29,24,1,3,3.0,1.0,3.0,1,2.26,1.39,-1.39,8.2,27.87789495293013,-18.13920943368835,44.924063727836696,28.057323067349397,45.93816977055961,0,0,0,0,0,1,away
FC,2026-06-27,88.6,-1.39,6.31,"Crow-Armstrong, Pete",691718,669270,strikeout,swinging_strike,,,,,14.0,Pete Crow-Armstrong strikes out swinging.,R,L,R,MIL,CHC,S,2.0,,2,2,2026,0.3,0.13,0.274490716794036,0.9268253763805664,,,,0,9,Top,,,,,,,3.365841452001237,-129.0042411831844,-7.150695338325148,2.779288024325505,24.214228938079437,-29.59899906576323,3.202452428,1.616190945,,,,89.2,2598.0,6.4,823770,661388,683734,668930,666152,806198,641343,694192,686217,54.09,,0.0,0.0,1.0,0.0,0.0,,65,8,Cutter,2,7,7,2,7,2,7,2,Standard,Standard,118.0,0.001,-0.232,77.5,8.6,0.529300284,,0.232,,-5,5,0.006,0.994,31,24,31,24,1,4,3.0,1.0,1.0,1,2.75,-0.3,0.3,33.2,28.23579621900455,-18.751436113937068,43.43456730036035,28.510014734291488,45.620599715815025,0,0,0,1,0,1,away
FF,2026-06-27,96.7,2.96,4.98,"Crow-Armstrong, Pete",691718,690986,field_out,hit_into_play,,,,,9.0,"Pete Crow-Armstrong grounds out, second baseman Brice Turang to first baseman Andrew Vaughn.",R,L,L,MIL,CHC,X,4.0,ground_ball,2,2,2026,1.2,1.14,0.5587128650172659,1.885911547113808,,,,0,1,Top,131.62,149.51,,,,,-9.158226085068264,-140.47126452740144,-5.151660446628478,17.914299193739424,30.897526563421145,-16.07297370607803,3.202452428,1.616190945,17.0,60.2,-4.0,97.5,2373.0,6.7,823770,661388,683734,668930,687401,806198,694192,663368,686217,53.75,0.093,0.084,0.0,1.0,0.0,0.0,2.0,1,6,4-Seam Fastball,0,0,0,0,0,0,0,0,Strategic,Standard,139.0,0.019,-0.232,74.4,6.9,,0.104,0.232,88.0,0,0,0.503,0.497,24,24,25,24,1,0,7.0,1.0,6.0,1,1.3,1.2,1.2,31.1,-2.3426083560848903,10.094465733492363,47.210259789904065,24.58464162505383,26.14271686609962,0,0,0,0,0,1,away
FF,2026-06-28,93.2,-1.36,5.97,"Crow-Armstrong, Pete",691718,605540,walk,ball,,,,,11.0,Pete Crow-Armstrong walks.,R,L,R,MIL,CHC,B,,,3,2,2026,-0.29,1.42,-1.2884166745838936,2.831203957299502,,665804.0,,2,3,Top,,,,,,,0.8211314113701662,-135.82242685658184,-5.394417476519272,-3.7546338184058854,25.073451324120228,-13.549554585060427,3.202452428,1.616190945,,,,94.2,2277.0,6.4,823769,596142,683734,668930,666152,806198,641343,694192,686217,54.05,,0.698334,0.7,1.0,0.0,0.0,,17,6,4-Seam Fastball,1,0,0,1,0,1,0,1,Standard,Standard,199.0,-0.011,0.142,,,,,-0.142,,1,-1,0.629,0.371,33,24,33,24,2,1,6.0,1.0,6.0,1,1.16,0.29,-0.29,43.0,,,,,,0,0,1,0,0,0,away
FF,2026-06-28,92.8,-1.4,5.95,"Crow-Armstrong, Pete",691718,605540,walk,ball,,,,,11.0,Pete Crow-Armstrong walks.,R,L,R,MIL,CHC,B,,,3,2,2026,-0.4,1.48,-1.4890149106403885,2.7909603710989708,,,,1,6,Top,,,,,,,0.6494906664372385,-135.20984317949836,-5.431064609921913,-5.016411735942013,28.36752908304204,-12.993303013401064,3.202452428,1.616190945,,,,93.2,2204.0,6.4,823769,596142,683734,668930,666152,806198,641343,694192,686217,54.11,,0.698334,0.7,1.0,0.0,0.0,,38,9,4-Seam Fastball,1,0,0,1,0,1,0,1,Strategic,Standard,205.0,-0.035,0.339,,,,,-0.339,,1,-1,0.69,0.31,33,24,33,24,3,2,6.0,1.0,6.0,1,1.15,0.4,-0.4,42.6,,,,,,0,0,1,0,0,0,away
,2026-06-28,,,,"Crow-Armstrong, Pete",691718,669270,intent_walk,automatic_ball,,,,,,Joel Kuhnel intentionally walks Pete Crow-Armstrong.,R,L,R,MIL,CHC,B,,,3,0,2026,,,,,681909.0,,,2,10,Top,,,,,,,,,,,,,,,,,,,,,823769,596142,641343,668930,687401,806198,694192,663368,686217,,,,0.4,,0.0,0.0,,73,4,,1,1,1,1,1,1,1,1,,,,-0.009,,,,,,,,0,0,0.676,0.324,31,24,31,24,1,4,1.0,1.0,4.0,1,,,,,,,,,,0,0,0,0,0,1,away
FF,2026-06-28,92.0,-1.56,6.07,"Crow-Armstrong, Pete",691718,605540,strikeout,swinging_strike,,,,,11.0,Pete Crow-Armstrong strikes out swinging.,R,L,R,MIL,CHC,S,2.0,,1,2,2026,-0.42,1.55,-0.0225240571280477,3.682524025704297,,,,0,1,Top,,,,,,,4.776609343170494,-134.0121652238707,-3.471476744944538,-6.079266649236676,27.569911360686064,-12.9583093570491,3.202452428,1.616190945,,,,92.2,2388.0,6.2,823769,596142,683734,668930,666152,806198,641343,694192,686217,54.26,,0.0,0.0,1.0,0.0,0.0,,1,4,4-Seam Fastball,0,0,0,0,0,0,0,0,Strategic,Standard,201.0,0.015,-0.186,61.4,5.0,3.905633784,,0.186,,0,0,0.507,0.493,33,24,33,24,1,0,6.0,1.0,6.0,1,1.13,0.42,-0.42,42.0,-13.356833790427173,36.82017563213325,41.41058562324529,30.73852435689937,18.11360375178328,0,0,0,1,0,1,away
SL,2026-06-28,88.1,-1.27,5.84,"Crow-Armstrong, Pete",691718,682842,field_out,hit_into_play,,,,,5.0,"Pete Crow-Armstrong grounds out, shortstop Cooper Pratt to first baseman Andrew Vaughn.",R,L,R,MIL,CHC,X,6.0,ground_ball,2,2,2026,1.44,0.08,0.1185091704754381,2.28281284201118,,,,0,8,Top,130.37,141.14,,,,,0.2913745275399635,-128.48645264164372,-2.581151008445768,15.94442220463926,24.41820798651991,-30.98992862603823,3.202452428,1.616190945,128.0,50.4,26.0,89.0,2612.0,6.5,823769,596142,683734,668930,687401,806198,641343,694192,686217,53.98,0.123,0.111,0.0,1.0,0.0,0.0,1.0,55,5,Slider,1,1,1,1,1,1,1,1,Strategic,Standard,89.0,0.039,-0.232,74.1,6.8,,0.123,0.232,88.0,0,0,0.507,0.493,26,24,26,24,1,3,2.0,1.0,3.0,1,2.82,-1.44,1.44,39.9,8.657183632280287,12.586612536499448,37.80752509140085,30.472212450730066,28.422225576891503,0,0,0,0,0,1,away
CH,2026-06-29,89.6,-1.1,6.16,"Crow-Armstrong, Pete",691718,592094,single,hit_into_play,,,,,14.0,Pete Crow-Armstrong singles on a fly ball to left fielder Jase Bowen. Dansby Swanson to 2nd.,R,L,R,CHC,SD,X,7.0,fly_ball,2,2,2026,-1.18,0.27,0.3475057934748864,1.4275411817059158,,,621020.0,0,9,Bot,72.76,135.97,,,,,6.069334009300628,-130.36385800789887,-6.060101186703333,-14.755408678104065,25.29083433991408,-28.06393076295065,3.202452428,1.616190945,228.0,74.2,27.0,89.9,1949.0,6.3,824662,666023,664034,630105,592518,593428,687749,701538,665487,54.19,0.76,0.695,0.9,1.0,1.0,0.0,4.0,75,5,Changeup,2,2,2,2,2,2,2,2,Infield shade,Standard,242.0,0.112,0.496,77.3,7.2,,0.84,-0.496,88.0,0,0,0.699,0.699,34,24,35,24,1,4,1.0,1.0,,1,2.55,1.18,-1.18,31.7,1.2102294353235232,6.095870359412067,50.35054393300742,30.08284287943131,27.68315275780801,1,0,0,0,0,1,home
KC,2026-06-29,81.4,-1.47,5.35,"Crow-Armstrong, Pete",691718,656288,single,hit_into_play,,,,,9.0,Pete Crow-Armstrong singles on a line drive to right fielder Fernando Tatis Jr.,R,L,R,CHC,SD,X,9.0,line_drive,2,1,2026,0.97,-0.47,0.4146232012065439,2.0406457272416083,,,,2,3,Bot,188.49,122.11,,,,,2.2773896413072383,-118.4967628692735,0.2875319666931333,8.629254469226545,23.23945705726431,-36.83381889870909,3.202452428,1.616190945,246.0,84.5,20.0,80.7,2609.0,5.8,824662,666023,664034,630105,592518,593428,669392,701538,665487,54.68,0.749,0.7,0.9,1.0,1.0,0.0,4.0,22,4,Knuckle Curve,0,1,0,1,1,0,0,1,Infield shade,Standard,36.0,0.013,0.29,78.5,7.4,,0.859,-0.29,88.0,-1,-1,0.391,0.391,30,24,30,24,2,1,6.0,1.0,5.0,1,3.91,-0.97,0.97,36.5,13.02303895795918,-6.066884109646556,37.67507961927255,30.394604810906237,41.55177941271771,1,0,0,0,0,1,home
FF,2026-06-29,93.5,-0.64,5.59,"Crow-Armstrong, Pete",691718,656288,field_out,hit_into_play,,,,,3.0,Pete Crow-Armstrong pops out to shortstop Xander Bogaerts.,R,L,R,CHC,SD,X,6.0,popup,1,2,2026,-0.4,1.25,0.3285525530655916,3.034517049557171,,621020.0,,0,5,Bot,108.51,140.03,,,,,3.353857783023779,-136.21583803729638,-3.481627479193696,-5.701061967246088,29.479892906507423,-16.013075286678003,3.202452428,1.616190945,159.0,59.7,54.0,93.4,2071.0,6.1,824662,666023,664034,630105,592518,593428,669392,701538,665487,54.38,0.026,0.028,0.0,1.0,0.0,0.0,3.0,40,4,4-Seam Fastball,1,2,1,2,2,1,1,2,Infield shade,Standard,220.0,-0.043,-0.209,75.9,6.7,,0.035,0.209,88.0,-1,-1,0.488,0.488,30,24,30,24,3,2,6.0,1.0,5.0,1,1.35,0.4,-0.4,37.7,7.618959259709396,-0.6859444507902135,32.09624355321317,30.856878691074755,32.93962495386624,0,0,0,0,0,1,home
SL,2026-06-29,90.4,2.91,5.78,"Crow-Armstrong, Pete",691718,670970,walk,ball,,,,,13.0,Pete Crow-Armstrong walks. Nico Hoerner to 3rd. Michael Conforto to 2nd.,R,L,L,CHC,SD,B,,,3,2,2026,-0.46,-0.24,-1.463131088239227,1.2331179691679246,,663538.0,624424.0,2,6,Bot,,,,,,,-9.754519029740417,-131.3153688670479,-4.566503029403954,-3.191968705408404,28.563530858719783,-34.153856242353505,3.202452428,1.616190945,,,,90.2,2880.0,6.3,824662,666023,664034,630105,592518,593428,669392,701538,665487,54.16,,0.698334,0.7,1.0,0.0,0.0,,54,7,Slider,2,2,2,2,2,2,2,2,Strategic,Standard,295.0,0.034,0.181,,,,,-0.181,,0,0,0.572,0.572,27,24,27,24,1,3,3.0,1.0,4.0,1,3.05,-0.46,-0.46,37.8,,,,,,0,0,1,0,0,0,home
FF,2026-06-29,94.8,-1.23,5.55,"Crow-Armstrong, Pete",691718,656288,walk,ball,,,,,11.0,Pete Crow-Armstrong walks.,R,L,R,CHC,SD,B,,,3,1,2026,-0.73,1.18,-1.2194758456770218,2.4191764740391832,,,,0,1,Bot,,,,,,,1.667994384766225,-138.02251227418557,-5.003833537152405,-9.722921277326206,30.11087165573079,-16.127886251480955,3.202452428,1.616190945,,,,94.5,2222.0,6.1,824662,666023,664034,630105,592518,593428,669392,701538,665487,54.44,,0.698334,0.7,1.0,0.0,0.0,,4,5,4-Seam Fastball,0,0,0,0,0,0,0,0,Infield shade,Standard,220.0,0.021,0.258,,,,,-0.258,,0,0,0.562,0.562,30,24,30,24,1,0,6.0,1.0,5.0,1,1.35,0.73,-0.73,38.1,,,,,,0,0,1,0,0,0,home
ST,2026-06-30,79.4,1.54,4.53,"Crow-Armstrong, Pete",691718,676664,strikeout,called_strike,,,,,3.0,Pete Crow-Armstrong called out on strikes.,R,L,L,CHC,SD,S,2.0,,2,2,2026,-1.32,0.37,0.3990373715114639,2.7976317818193426,,,,0,4,Bot,,,,,,,0.0444918587695187,-115.51652822642578,2.5139146450157877,-11.732609697301989,23.7339069096025,-29.664225039369285,3.202452428,1.616190945,,,,79.2,2360.0,6.4,824661,666023,664034,665487,592518,593428,669392,701538,687749,54.1,,0.0,0.0,1.0,0.0,0.0,,37,5,Sweeper,5,3,5,3,3,5,5,3,Infield shade,Standard,266.0,-0.014,-0.232,,,,,0.232,,2,2,0.784,0.784,30,24,30,24,3,2,6.0,1.0,5.0,1,3.28,-1.32,-1.32,17.9,,,,,,0,0,0,1,0,1,home
FF,2026-06-30,92.1,1.19,4.88,"Crow-Armstrong, Pete",691718,676664,walk,ball,,,,,11.0,Pete Crow-Armstrong walks. Kevin Alcántara to 2nd.,R,L,L,CHC,SD,B,,,3,0,2026,0.6,0.88,-0.9630042041293098,3.152213614505259,,,682634.0,1,2,Bot,,,,,,,-6.725446482819083,-134.10133462928394,-0.3748244969288802,8.616189721819168,27.238787229464982,-21.669656977344623,3.202452428,1.616190945,,,,92.5,1826.0,6.4,824661,666023,664034,665487,592518,593428,669392,701538,687749,54.14,,0.698334,0.7,1.0,0.0,0.0,,18,4,4-Seam Fastball,2,1,2,1,1,2,2,1,Infield shade,Standard,130.0,0.013,0.112,,,,,-0.112,,1,1,0.677,0.677,30,24,30,24,2,1,6.0,1.0,5.0,1,1.79,0.6,0.6,28.5,,,,,,0,0,1,0,0,0,home
FF,2026-06-30,93.1,-2.99,5.18,"Crow-Armstrong, Pete",691718,676760,home_run,hit_into_play,,,,,6.0,Pete Crow-Armstrong homers (18) on a fly ball to right center field.,R,L,R,CHC,SD,X,,fly_ball,0,1,2026,-1.02,1.05,0.381262146853623,2.3566588137178015,,,,0,6,Bot,192.93,62.06,,,,,10.854137181152652,-135.28886024891608,-3.682673748467907,-14.748433929176032,26.667532317483182,-18.58935184963038,3.202452428,1.616190945,377.0,100.1,42.0,93.9,2238.0,6.6,824661,666023,664034,665487,592518,593428,657757,701538,669392,53.9,0.066,0.118,2.0,1.0,0.0,3.0,3.0,54,2,4-Seam Fastball,8,3,8,3,3,9,9,3,Strategic,Standard,228.0,0.012,1.156,76.5,7.9,,0.226,-1.156,100.1,5,5,0.974,0.974,30,24,31,24,1,3,3.0,1.0,6.0,1,1.57,1.02,-1.02,30.3,21.485329258623224,-9.041050593937875,39.33409359582142,31.11532991990552,38.28508425078704,1,1,0,0,0,1,home
FF,2026-06-30,92.2,1.0,5.18,"Crow-Armstrong, Pete",691718,676664,field_out,hit_into_play,,,,,8.0,Pete Crow-Armstrong lines out sharply to first baseman Ty France.,R,L,L,CHC,SD,X,3.0,line_drive,1,0,2026,0.81,0.96,-0.1528019224180203,2.0406270408957905,,,,0,1,Bot,160.42,161.31,,,,,-4.686545360126713,-134.28401317232243,-4.141900142546055,10.782688025384791,26.88335160410205,-19.79109114216942,3.202452428,1.616190945,142.0,104.0,8.0,92.5,1838.0,6.3,824661,666023,664034,665487,592518,593428,669392,701538,687749,54.22,0.709,0.672,0.0,1.0,0.0,0.0,4.0,5,2,4-Seam Fastball,0,1,0,1,1,0,0,1,Strategic,Standard,132.0,-0.028,-0.303,78.3,8.0,,0.837,0.303,104.0,-1,-1,0.452,0.452,30,24,30,24,1,0,6.0,1.0,5.0,1,1.7,0.81,0.81,32.8,20.030914965140884,-7.4104866544158545,37.553459861505175,34.19172276398946,41.491076147819285,0,0,0,0,0,1,home
SI,2026-06-30,97.3,0.32,6.18,"Crow-Armstrong, Pete",691718,593974,field_out,hit_into_play,,,,,2.0,Pete Crow-Armstrong pops out softly to third baseman Manny Machado in foul territory.,R,L,L,CHC,SD,X,5.0,popup,0,1,2026,1.08,0.79,0.1194275601384664,2.8530478539096142,,621020.0,624424.0,1,7,Bot,97.71,189.16,,,,,-3.0048116728832324,-141.71659411245022,-5.0082586138379535,15.212159220215788,32.17094387169137,-20.538560538206884,3.202452428,1.616190945,77.0,46.1,67.0,96.5,2083.0,5.8,824661,666023,664034,665487,592518,593428,657757,701538,669392,54.72,0.017,0.019,0.0,1.0,0.0,0.0,1.0,68,2,Sinker,9,3,9,3,3,9,9,3,Standard,Standard,142.0,-0.001,-0.201,73.2,7.1,,0.021,0.201,88.0,6,6,0.994,0.994,34,24,35,24,1,4,2.0,1.0,2.0,1,1.61,1.08,1.08,47.3,8.84000975612258,6.366655493630371,34.46987509817758,29.428928991880184,29.62593379686752,0,0,0,0,0,1,home
CH,2026-07-01,89.1,-1.19,5.56,"Crow-Armstrong, Pete",691718,621111,strikeout,swinging_strike,,,,,2.0,Pete Crow-Armstrong strikes out swinging.,R,L,R,CHC,SD,S,2.0,,2,2,2026,-0.9,0.43,0.2176819376782748,3.1240325906141684,,,,2,3,Bot,,,,,,,5.34897367422856,-129.7463564904948,-0.7486612088856436,-11.203857109438662,24.11798833198091,-27.35605670668968,3.202452428,1.616190945,,,,89.9,1082.0,6.5,824660,660710,664034,630105,823550,593428,657757,701538,665487,53.98,,0.0,0.0,1.0,0.0,0.0,,33,5,Changeup,9,0,9,0,0,9,9,0,Infield shade,Standard,241.0,0.0,-0.221,76.3,6.8,1.1686014,,0.221,,9,9,0.99,0.99,31,24,32,24,3,2,5.0,1.0,5.0,2,2.41,0.9,-0.9,40.7,15.944408945469451,4.796915647385362,29.265032728903513,31.514832299879732,34.44235634174967,0,0,0,1,0,1,home
ST,2026-07-01,84.0,2.49,5.58,"Crow-Armstrong, Pete",691718,606996,home_run,hit_into_play,,,,,4.0,Pete Crow-Armstrong homers (19) on a fly ball to right field. Miguel Amaya scores. Dansby Swanson scores.,R,L,L,CHC,SD,X,,fly_ball,1,2,2026,-1.45,-0.03,-0.3404717565814787,2.3296474756053605,665804.0,,621020.0,1,5,Bot,222.48,84.16,,,,,-3.5370969794794993,-122.33941206602184,-0.8187986301696577,-13.738296074917471,25.855796344030143,-32.56702618274877,3.202452428,1.616190945,390.0,100.4,38.0,83.6,2737.0,6.1,824660,660710,664034,630105,823550,593428,657757,701538,665487,54.39,0.194,0.381,2.0,1.0,0.0,3.0,5.0,53,4,Sweeper,10,2,10,2,2,13,13,2,Standard,Standard,301.0,0.005,1.284,74.8,7.6,,0.741,-1.284,100.4,8,8,0.994,0.994,33,24,34,24,1,3,2.0,1.0,3.0,2,3.28,-1.45,-1.45,34.9,23.62623376592127,-19.356096299706692,29.757860001833823,34.82095240100209,46.13646088793462,1,1,0,0,0,1,home
FF,2026-07-01,92.8,-1.12,5.72,"Crow-Armstrong, Pete",691718,621111,single,hit_into_play,,,,,5.0,Pete Crow-Armstrong singles on a line drive to center fielder Jackson Merrill.,R,L,R,CHC,SD,X,8.0,line_drive,0,0,2026,-0.29,1.03,0.0845027972764754,2.7011158713293986,,,,0,1,Bot,147.28,82.65,,,,,3.6912369576132615,-135.20875054896655,-4.097256398949259,-4.303749947244237,26.437501822545745,-18.879138322984197,3.202452428,1.616190945,272.0,76.4,28.0,93.2,2136.0,6.2,824660,660710,664034,630105,823550,593428,657757,701538,665487,54.27,0.394,0.355,0.9,1.0,1.0,0.0,3.0,5,1,4-Seam Fastball,0,0,0,0,0,0,0,0,Infield shade,Standard,203.0,0.035,0.445,73.8,7.2,,0.423,-0.445,88.0,0,0,0.548,0.548,31,24,32,24,1,0,5.0,1.0,5.0,2,1.59,0.29,-0.29,46.5,9.706596386453262,2.9460257707400284,35.33083754479264,33.64927217619719,33.576173338379476,1,0,0,0,0,1,home
KC,2026-07-01,80.5,-0.89,5.77,"Crow-Armstrong, Pete",691718,621111,field_out,hit_into_play,,,,,5.0,"Pete Crow-Armstrong grounds out, second baseman Jake Cronenworth to first baseman Ty France.",R,L,R,CHC,SD,X,4.0,ground_ball,0,0,2026,0.48,-1.37,0.0870123502215232,2.1939398746785823,,,,1,2,Bot,152.01,156.65,,,,,1.2123346443352958,-117.23671218703085,1.6548416335783152,4.177178622432108,23.94513802343464,-45.32181525814566,3.202452428,1.616190945,70.0,86.2,4.0,80.6,2435.0,6.5,824660,660710,664034,630105,823550,593428,657757,701538,665487,54.02,0.357,0.345,0.0,1.0,0.0,0.0,4.0,18,1,Knuckle Curve,4,0,4,0,0,4,4,0,Infield shade,Standard,39.0,-0.006,-0.262,77.2,7.3,,0.422,0.262,88.0,4,4,0.869,0.869,31,24,32,24,2,1,5.0,1.0,5.0,2,4.91,-0.48,0.48,50.8,19.11109196521067,5.730953523105873,35.63050320662666,33.443251493099645,36.26047466188913,0,0,0,0,0,1,home
SL,2026-07-03,89.8,-1.75,5.99,"Crow-Armstrong, Pete",691718,669467,field_out,hit_into_play,,,,,5.0,Pete Crow-Armstrong flies out to center fielder Nathan Church.,R,L,R,CHC,STL,X,8.0,fly_ball,1,0,2026,0.43,-0.03,-0.1197446716391975,2.4705119932037505,,,,1,5,Bot,106.89,88.75,,,,,3.059866710492888,-130.80328631497972,-2.4907053922968556,4.356317490385579,26.67778303403323,-32.2372938151223,3.202452428,1.616190945,279.0,93.0,50.0,90.5,2132.0,6.6,824659,671056,676475,802139,691458,691026,665877,701675,691023,53.94,0.009,0.012,0.0,1.0,0.0,0.0,3.0,52,2,Slider,0,14,0,14,14,0,0,14,Infield shade,Standard,136.0,-0.001,-0.303,76.7,7.4,,0.015,0.303,93.0,-14,-14,0.002,0.002,27,24,28,24,3,2,6.0,2.0,6.0,1,2.85,-0.43,0.43,54.4,21.8273469664708,-5.585635347909331,32.092359844436615,35.05069264008131,37.2725540519139,0,0,0,0,0,1,home
FF,2026-07-03,96.5,-1.54,6.03,"Crow-Armstrong, Pete",691718,669467,double,hit_into_play,,,,,8.0,"Pete Crow-Armstrong doubles (14) on a sharp line drive to center fielder Nathan Church, deflected by right fielder Jordan Walker.",R,L,R,CHC,STL,X,9.0,line_drive,3,2,2026,0.01,0.81,0.1880555920348268,1.9771158154043604,,,,0,3,Bot,177.48,89.41,,,,,4.554444875496863,-140.51075120940268,-6.938289988437662,-0.8674083777187401,29.791153013332863,-20.08598985537385,3.202452428,1.616190945,300.0,111.1,17.0,97.3,2204.0,6.6,824659,671056,676475,802139,691458,691026,665877,701675,691023,53.93,0.7,0.864,1.25,1.0,1.0,1.0,6.0,27,7,4-Seam Fastball,0,6,0,6,6,0,0,6,Infield shade,Standard,183.0,0.025,0.619,76.4,7.0,,1.393,-0.619,111.1,-6,-6,0.075,0.075,27,24,28,24,2,1,6.0,2.0,6.0,1,1.62,-0.01,0.01,55.9,9.792064760414677,-1.854621746868484,36.8628766791171,31.567484465571994,35.502314677912345,1,0,0,0,0,1,home
FF,2026-07-03,96.7,-1.74,6.03,"Crow-Armstrong, Pete",691718,669467,field_out,hit_into_play,,,,,5.0,Pete Crow-Armstrong flies out to left fielder José Fermín.,R,L,R,CHC,STL,X,7.0,fly_ball,0,0,2026,-0.16,1.09,-0.0732905706078734,2.220593691107318,,,,0,1,Bot,59.11,117.14,,,,,4.7748760014210845,-140.60491472417448,-6.906503751385194,-3.1838297285303443,31.695666124012828,-16.327896522279794,3.202452428,1.616190945,262.0,81.0,41.0,97.1,2242.0,6.5,824659,671056,676475,802139,691458,691026,665877,701675,691023,53.97,0.02,0.018,0.0,1.0,0.0,0.0,3.0,5,1,4-Seam Fastball,0,0,0,0,0,0,0,0,Infield shade,Standard,204.0,-0.022,-0.259,76.6,7.2,,0.024,0.259,88.0,0,0,0.548,0.548,27,24,28,24,1,0,6.0,2.0,6.0,1,1.35,0.16,-0.16,54.1,2.782410057817276,-0.0817165065741394,39.19991088198585,35.76965091425859,30.051801401718382,0,0,0,0,0,1,home
ST,2026-07-04,87.3,-2.07,5.53,"Crow-Armstrong, Pete",691718,681517,hit_by_pitch,hit_by_pitch,,,,,14.0,Pete Crow-Armstrong hit by pitch. Michael Conforto to 2nd.,R,L,R,CHC,STL,B,,,1,0,2026,1.34,0.17,2.825939144920894,0.1113445581326471,,,624424.0,2,5,Bot,,,,,,,8.927249822089198,-126.84295170775088,-7.058650996726745,12.782357184391117,24.7653048721942,-29.125990120960964,3.202452428,1.616190945,,,,88.6,2630.0,7.1,824658,686780,676475,802139,665877,691026,663457,701675,691023,53.41,,0.729295,0.7,1.0,0.0,0.0,,40,2,Sweeper,0,2,0,2,2,0,0,2,Infield shade,Standard,58.0,0.028,0.231,,,,,-0.231,,-2,-2,0.255,0.255,29,24,29,24,3,2,6.0,1.0,6.0,1,2.82,-1.34,1.34,41.0,,,,,,0,0,0,0,0,0,home
ST,2026-07-04,85.8,-2.03,5.51,"Crow-Armstrong, Pete",691718,681517,walk,ball,,,,,14.0,Pete Crow-Armstrong walks. Michael Conforto to 2nd.,R,L,R,CHC,STL,B,,,3,2,2026,1.17,0.06,0.8975589185657668,1.2401728621815766,,,624424.0,2,3,Bot,,,,,,,4.523552205815218,-124.96887483368218,-3.835547491327988,11.41458746547982,23.999669759343984,-30.95250366855733,3.202452428,1.616190945,,,,87.8,2514.0,7.4,824658,686780,676475,802139,665877,691026,663457,701675,691023,53.13,,0.698334,0.7,1.0,0.0,0.0,,23,9,Sweeper,0,2,0,2,2,0,0,2,Infield shade,Strategic,66.0,0.021,0.214,,,,,-0.214,,-2,-2,0.301,0.301,29,24,29,24,2,1,6.0,1.0,6.0,1,3.01,-1.17,1.17,41.4,,,,,,0,0,1,0,0,0,home
SI,2026-07-04,93.9,2.34,5.13,"Crow-Armstrong, Pete",691718,668941,single,hit_into_play,,,,,6.0,Pete Crow-Armstrong singles on a fly ball to center fielder Nathan Church.,R,L,L,CHC,STL,X,8.0,fly_ball,0,1,2026,1.45,0.1,0.3939428025925826,2.3254394602375372,,,,0,8,Bot,119.84,91.22,,,,,-8.092372963907312,-136.5582980984169,-1.5580557345912265,19.952478320992775,29.12198839972947,-30.802851332668773,3.202452428,1.616190945,253.0,74.3,27.0,92.4,2239.0,5.4,824658,686780,676475,802139,665877,691026,663457,701675,691023,55.14,0.76,0.695,0.9,1.0,1.0,0.0,4.0,62,2,Sinker,0,3,0,3,3,0,0,3,Standard,Standard,115.0,0.057,0.487,74.8,6.6,,0.84,-0.487,88.0,-3,-3,0.083,0.083,29,24,30,24,1,3,2.0,1.0,3.0,1,2.48,1.45,1.45,27.4,10.368889614052868,9.630559467213118,36.13959916073222,27.54757838841242,31.83478111717607,1,0,0,0,0,1,home
FF,2026-07-04,94.1,-1.71,5.68,"Crow-Armstrong, Pete",691718,681517,walk,ball,,,,,11.0,Pete Crow-Armstrong walks.,R,L,R,CHC,STL,B,,,3,2,2026,-0.31,1.12,-0.7074373766383217,3.946096477881534,,,,0,1,Bot,,,,,,,3.3395713626457413,-137.04568560816526,-1.2027356760184915,-4.636618222443405,28.93899088811071,-17.945203690488114,3.202452428,1.616190945,,,,96.2,2146.0,7.3,824658,686780,676475,802139,665877,691026,663457,701675,691023,53.18,,0.698334,0.7,1.0,0.0,0.0,,6,6,4-Seam Fastball,0,1,0,1,1,0,0,1,Infield shade,Standard,195.0,0.032,0.361,,,,,-0.361,,-1,-1,0.454,0.454,29,24,29,24,1,0,6.0,1.0,6.0,1,1.44,0.31,-0.31,48.6,,,,,,0,0,1,0,0,0,home
SL,2026-07-05,86.1,0.72,6.48,"Crow-Armstrong, Pete",691718,669461,field_out,hit_into_play,,,,,13.0,Pete Crow-Armstrong lines out to right fielder Jordan Walker.,R,L,L,CHC,STL,X,9.0,line_drive,1,1,2026,-0.35,0.17,-0.4853056907620079,1.1019459508772784,,,,0,5,Bot,194.56,108.54,,,,,-2.1076197631436995,-125.37095224402852,-6.651337952066899,-3.350224650411944,23.477083882212057,-29.30690468949073,3.202452428,1.616190945,281.0,85.2,22.0,86.5,2736.0,6.3,824656,671056,676475,802139,665877,691026,663457,701675,691023,54.17,0.44,0.41,0.0,1.0,0.0,0.0,3.0,37,3,Slider,2,0,2,0,0,2,2,0,Standard,Standard,217.0,-0.014,-0.247,70.5,8.4,,0.54,0.247,88.0,2,2,0.811,0.811,26,24,27,24,3,2,5.0,1.0,6.0,2,2.88,-0.35,-0.35,45.7,20.03887333217565,-11.720143028626634,43.100558609603,37.796173419222114,45.14254211211134,0,0,0,0,0,1,home
SI,2026-07-05,93.8,0.59,6.54,"Crow-Armstrong, Pete",691718,669461,hit_by_pitch,hit_by_pitch,,,,,12.0,Pete Crow-Armstrong hit by pitch.,R,L,L,CHC,STL,B,,,1,0,2026,1.03,1.15,1.3907977124585535,2.981805463124072,,,,1,2,Bot,,,,,,,-0.2785408667456778,-136.56074811715027,-5.837976954835169,12.969364840028756,30.375588599791545,-16.754550573392088,3.202452428,1.616190945,,,,93.8,2202.0,6.3,824656,671056,676475,802139,665877,691026,663457,701675,691023,54.19,,0.729295,0.7,1.0,0.0,0.0,,19,2,Sinker,2,0,2,0,0,2,2,0,Standard,Standard,153.0,0.016,0.381,,,,,-0.381,,2,2,0.733,0.733,26,24,27,24,2,1,5.0,1.0,6.0,2,1.44,1.03,1.03,46.1,,,,,,0,0,0,0,0,0,home
ST,2026-07-05,88.0,-1.84,5.58,"Crow-Armstrong, Pete",691718,694335,single,hit_into_play,,,,,5.0,Pete Crow-Armstrong singles on a fly ball to right fielder Jordan Walker.,R,L,R,CHC,STL,X,9.0,fly_ball,1,2,2026,1.25,0.0,0.136483093391734,2.3367080931525033,,,,2,6,Bot,157.4,106.27,,,,,2.1023165385995735,-128.18448818313664,-1.5104354614990454,13.227827248445983,29.03436144211461,-32.097229360624794,3.202452428,1.616190945,226.0,68.4,31.0,87.9,2342.0,6.4,824656,671056,676475,802139,665877,691026,663457,701675,691023,54.1,0.949,0.859,0.9,1.0,1.0,0.0,4.0,52,4,Sweeper,6,3,6,3,3,6,6,3,Infield shade,Standard,64.0,0.006,0.411,75.5,7.3,,0.983,-0.411,88.0,3,3,0.896,0.896,27,24,27,24,1,3,3.0,1.0,2.0,2,2.96,-1.25,1.25,29.1,17.094088782586518,3.416389324102776,35.39348101184342,32.73061414549479,35.46475560153148,1,0,0,0,0,1,home
FC,2026-07-05,90.3,0.61,6.56,"Crow-Armstrong, Pete",691718,669461,single,hit_into_play,,,,,5.0,Pete Crow-Armstrong singles on a soft ground ball to third baseman José Fermín.,R,L,L,CHC,STL,X,5.0,ground_ball,1,0,2026,-0.05,0.84,-0.0190594900520107,2.1238006546996315,,,,0,1,Bot,115.0,179.0,,,,,-1.4193122942519047,-131.621332862168,-6.817642024661702,-0.4103213055261464,21.482148302762376,-21.34798098796056,3.202452428,1.616190945,5.0,28.1,-25.0,91.2,2476.0,6.3,824656,671056,676475,802139,665877,691026,663457,701675,691023,54.24,0.363,0.327,0.9,1.0,1.0,0.0,1.0,4,2,Cutter,0,0,0,0,0,0,0,0,Standard,Standard,156.0,0.032,0.402,74.5,8.6,,0.368,-0.402,88.0,0,0,0.551,0.551,26,24,27,24,1,0,5.0,1.0,6.0,2,1.9,-0.05,-0.05,47.1,32.07393245243368,-33.27869827243885,36.298941197937985,31.7832980368265,55.29619447872507,1,0,0,0,0,1,home
SL,2026-07-05,87.9,-1.94,5.86,"Crow-Armstrong, Pete",691718,681676,strikeout,swinging_strike_blocked,,,,,14.0,"Pete Crow-Armstrong strikes out swinging, catcher Iván Herrera to first baseman Alec Burleson.",R,L,R,CHC,STL,S,2.0,,1,2,2026,0.22,0.02,0.1973552188936003,0.4407634952691177,,,,2,8,Bot,,,,,,,4.638313089436935,-127.79968321895386,-6.746199756259871,1.443189900901768,27.136595359647753,-30.707032117397674,3.202452428,1.616190945,,,,87.7,2407.0,6.3,824656,671056,676475,802139,665877,691026,663457,701675,691023,54.23,,0.0,0.0,1.0,0.0,0.0,,69,5,Slider,6,4,6,4,4,6,6,4,Strategic,Standard,97.0,-0.002,-0.18,30.7,7.1,4.4568822,,0.18,,2,2,0.926,0.926,28,24,28,24,1,4,3.0,1.0,1.0,2,2.94,-0.22,0.22,61.1,4.871391676058858,13.444056297798252,39.98139379274796,34.094262393965394,31.200070213226077,0,0,0,1,0,1,home
FF,2026-07-07,97.9,-1.12,5.73,"Crow-Armstrong, Pete",691718,669358,strikeout,swinging_strike,,,,,2.0,Pete Crow-Armstrong strikes out swinging.,R,L,R,BAL,CHC,S,2.0,,2,2,2026,-0.46,1.47,-0.271207436754801,3.1315198658869514,,,,0,1,Top,,,,,,,3.3693418809283116,-142.48980278617594,-4.857083214235669,-7.061582544501425,32.463803726372745,-11.175545869496435,3.202452428,1.616190945,,,,98.8,2365.0,6.7,824820,668939,624413,702616,691723,683002,621493,687637,677942,53.75,,0.0,0.0,1.0,0.0,0.0,,1,6,4-Seam Fastball,0,0,0,0,0,0,0,0,Infield shade,Standard,209.0,0.019,-0.232,70.9,6.1,1.572757488,,0.232,,0,0,0.503,0.497,27,24,27,24,1,0,8.0,2.0,5.0,1,0.9,0.46,-0.46,38.1,-4.304639485911902,27.442878333429544,36.57804048887893,33.05062484710476,16.663622491754744,0,0,0,1,0,1,away
CH,2026-07-07,89.1,-1.2,5.72,"Crow-Armstrong, Pete",691718,669358,single,hit_into_play,,,,,8.0,Pete Crow-Armstrong singles on a ground ball to center fielder Dylan Beavers. Miguel Amaya to 2nd.,R,L,R,BAL,CHC,X,8.0,ground_ball,2,2,2026,-0.99,0.76,0.0211673795299773,1.5654492340765531,,,665804.0,2,3,Top,144.21,102.53,,,,,5.133650993842849,-129.78273482587267,-5.680522594630498,-12.244996513482022,23.803970213809436,-22.661869871606804,3.202452428,1.616190945,76.0,97.2,4.0,90.5,1872.0,6.8,824820,668939,624413,702616,691723,683002,621493,687637,677942,53.71,0.503,0.461,0.9,1.0,1.0,0.0,4.0,18,5,Changeup,0,0,0,0,0,0,0,0,Infield shade,Standard,230.0,-0.028,0.373,74.9,6.9,,0.561,-0.373,97.2,0,0,0.534,0.466,27,24,27,24,2,1,8.0,2.0,5.0,1,2.08,0.99,-0.99,37.8,0.7021363032940684,8.747845387411985,44.96295821832611,31.166427487343704,30.92208808517899,1,0,0,0,0,1,away
KC,2026-07-07,85.1,-1.14,5.75,"Crow-Armstrong, Pete",691718,669358,single,hit_into_play,,,,,7.0,Pete Crow-Armstrong singles on a line drive to right fielder Blaze Alexander. Dansby Swanson scores. Miguel Amaya to 3rd.,R,L,R,BAL,CHC,X,9.0,line_drive,2,0,2026,0.45,-0.78,-0.5348808669369955,2.090645277334649,621020.0,665804.0,,0,5,Top,175.19,126.05,,,,,0.5020101111416653,-124.1707013296981,-0.5751068871064827,4.594751707662615,21.12639773747486,-40.41924055666571,3.202452428,1.616190945,220.0,103.4,14.0,86.2,2537.0,6.5,824820,668939,624413,702616,691723,683002,621493,687637,677942,53.98,0.766,0.794,0.9,1.0,1.0,0.0,4.0,36,3,Knuckle Curve,0,1,1,0,2,0,2,0,Strategic,Standard,35.0,-0.059,0.427,75.6,7.6,,1.095,-0.427,103.4,-1,1,0.216,0.784,27,24,27,24,3,2,8.0,2.0,5.0,1,3.87,-0.45,0.45,42.9,19.535830261652215,-2.71235312572659,30.735056239202137,37.44571429243419,41.36910262754747,1,0,0,0,0,1,away
SI,2026-07-07,95.0,-1.37,5.51,"Crow-Armstrong, Pete",691718,689296,field_out,hit_into_play,,,,,14.0,Pete Crow-Armstrong flies out to right fielder Blaze Alexander.,R,L,R,BAL,CHC,X,9.0,fly_ball,2,1,2026,-1.18,0.51,0.0527470449194624,0.842998737456528,,,665804.0,0,7,Top,200.61,108.0,,,,,6.394038150687287,-138.19228578329825,-7.554900558656101,-16.463675042983528,28.51365952926443,-24.135908436740323,3.202452428,1.616190945,290.0,81.8,31.0,95.9,2358.0,6.6,824820,668939,624413,702616,691723,683002,621493,687637,677942,53.87,0.069,0.077,0.0,1.0,0.0,0.0,3.0,51,4,Sinker,0,3,3,0,3,0,3,0,Standard,Standard,221.0,0.015,-0.288,76.3,8.6,,0.121,0.288,88.0,-3,3,0.091,0.909,24,24,25,24,1,3,23.0,2.0,5.0,1,2.0,1.18,-1.18,38.9,18.65807950295269,-18.10799007042369,44.34947348786789,30.800576900654335,46.72819489862691,0,0,0,0,0,1,away
FC,2026-07-07,87.3,1.21,5.9,"Crow-Armstrong, Pete",691718,675919,field_out,hit_into_play,,,,,8.0,Pete Crow-Armstrong lines out to right fielder Tyler O'Neill.,R,L,L,BAL,CHC,X,9.0,line_drive,2,2,2026,-0.3,0.22,0.0423181628568087,1.9178833898601773,,,,0,9,Top,182.82,103.43,,,,,-2.1501744575964485,-127.1830526153395,-3.733924351881808,-2.9032358847321738,23.932562615425052,-29.305964436351168,3.202452428,1.616190945,276.0,86.2,20.0,88.1,2403.0,6.5,824820,668939,624413,669236,677942,683002,621493,665750,641933,53.97,0.58,0.528,0.0,1.0,0.0,0.0,4.0,70,5,Cutter,2,5,5,2,5,2,5,2,Infield shade,Standard,236.0,0.003,-0.232,74.0,7.6,,0.661,0.232,88.0,-3,3,0.035,0.965,30,24,31,24,1,4,66.0,2.0,,1,2.75,-0.3,-0.3,45.3,14.09682604842918,-6.806733872272121,38.25034850516248,28.66860068368381,36.32534975484273,0,0,0,0,0,1,away
SL,2026-07-08,87.8,-0.83,6.97,"Crow-Armstrong, Pete",691718,669330,strikeout,swinging_strike,,,,,2.0,Pete Crow-Armstrong strikes out swinging.,R,L,R,BAL,CHC,S,2.0,,1,2,2026,0.43,0.8,0.2110316235900806,3.1964617330086287,,,,0,9,Top,,,,,,,1.5742835807560642,-127.93936675025012,-4.537351813835649,4.527508811582429,23.055838834234898,-22.70338372659652,3.202452428,1.616190945,,,,88.1,2302.0,6.1,824815,668939,624413,702616,677942,683002,621493,665750,641933,54.39,,0.0,0.0,1.0,0.0,0.0,,75,5,Slider,7,9,9,7,9,7,9,7,Infield shade,Standard,182.0,0.006,-0.186,76.4,7.0,0.116989728,,0.186,,-2,2,0.078,0.922,31,24,32,24,1,4,4.0,1.0,1.0,1,2.12,-0.43,0.43,53.1,22.02320893134041,-9.79226219035784,27.21321202160338,28.931302295433714,39.07999151835605,0,0,0,1,0,1,away
FS,2026-07-08,83.5,-1.77,5.99,"Crow-Armstrong, Pete",691718,665152,home_run,hit_into_play,,,,,7.0,Pete Crow-Armstrong homers (21) on a fly ball to right center field.,R,L,R,BAL,CHC,X,,fly_ball,1,1,2026,-0.89,0.8,-0.7961083976839461,1.7116291362846423,,,,1,5,Top,175.79,36.76,,,,,3.990137555348914,-121.64286640423563,-4.85073342588152,-9.568992532423918,21.481799372275862,-23.54524039124839,3.202452428,1.616190945,419.0,106.7,35.0,84.0,1410.0,6.3,824815,668939,624413,702616,677942,683002,621493,681297,687637,54.19,0.814,1.663,2.0,1.0,0.0,3.0,6.0,37,3,Split-Finger,3,3,3,3,4,3,4,3,Standard,Standard,216.0,-0.145,1.592,80.9,8.4,,3.231,-1.592,106.7,0,0,0.531,0.469,30,24,30,24,3,2,7.0,1.0,9.0,1,2.44,0.89,-0.89,46.1,20.961677197938677,-7.0480350615925484,39.18228825194751,40.176443189971394,43.74886005659799,1,1,0,0,0,1,away
FS,2026-07-08,82.8,-1.67,6.05,"Crow-Armstrong, Pete",691718,665152,home_run,hit_into_play,,,,,7.0,Pete Crow-Armstrong homers (20) on a fly ball to right field.,R,L,R,BAL,CHC,X,,fly_ball,0,2,2026,-0.85,0.61,-0.3407594776864487,1.5272615214597622,,,,1,3,Top,215.3,78.15,,,,,4.667362233436998,-120.51290066600592,-4.824572933367556,-9.18678298465579,22.19045585327853,-25.49499100155697,3.202452428,1.616190945,370.0,94.2,35.0,82.9,1246.0,6.2,824815,668939,624413,702616,677942,683002,621493,681297,687637,54.28,0.051,0.08,2.0,1.0,0.0,3.0,3.0,17,3,Split-Finger,0,0,0,0,1,0,1,0,Infield shade,Standard,217.0,-0.122,1.682,69.2,8.5,,0.146,-1.682,94.2,0,0,0.532,0.468,30,24,30,24,2,1,7.0,1.0,9.0,1,2.7,0.85,-0.85,43.2,25.81088301924996,-17.85958902168761,39.36647800042782,35.77252736266052,45.635344453777755,1,1,0,0,0,1,away
SI,2026-07-08,97.1,1.98,6.14,"Crow-Armstrong, Pete",691718,664991,walk,blocked_ball,,,,,13.0,Pete Crow-Armstrong walks. Carson Kelly to 3rd. Dansby Swanson to 2nd.,R,L,L,BAL,CHC,B,,,3,2,2026,1.38,1.09,-1.1979180887597105,-0.1906876518948493,,608348.0,621020.0,1,7,Top,,,,,,,-11.609538932813557,-140.364613171416,-13.567530084931034,20.91970445590804,32.37543704763036,-14.609257089032482,3.202452428,1.616190945,,,,96.9,2313.0,6.6,824815,668939,624413,702616,677942,683002,621493,681297,687637,53.92,,0.698334,0.7,1.0,0.0,0.0,,53,7,Sinker,3,4,4,3,4,3,4,3,Standard,Standard,146.0,-0.051,0.296,,,,,-0.296,,-1,1,0.258,0.742,29,24,30,24,1,3,4.0,1.0,3.0,1,1.36,1.38,1.38,42.4,,,,,,0,0,1,0,0,0,away
FS,2026-07-08,83.4,-1.84,6.03,"Crow-Armstrong, Pete",691718,665152,strikeout,swinging_strike,,,,,8.0,Pete Crow-Armstrong strikes out swinging.,R,L,R,BAL,CHC,S,2.0,,1,2,2026,-0.68,0.77,-0.194201148991557,1.731822421511473,,,,0,1,Top,,,,,,,5.092994057656349,-121.38743116532288,-4.765941698064796,-7.731713849558209,22.36014556950257,-23.874477224277744,3.202452428,1.616190945,,,,83.6,1337.0,6.3,824815,668939,624413,702616,677942,683002,621493,681297,687637,54.23,,0.0,0.0,1.0,0.0,0.0,,1,4,Split-Finger,0,0,0,0,0,0,0,0,Infield shade,Standard,219.0,0.015,-0.186,74.2,8.8,9.142154808,,0.186,,0,0,0.507,0.493,30,24,30,24,1,0,7.0,1.0,9.0,1,2.49,0.68,-0.68,44.4,37.73131733446565,-48.69847586488288,37.49583162492237,33.21248416578217,64.19171514962886,0,0,0,1,0,1,away
FC,2026-07-09,83.9,2.03,5.64,"Crow-Armstrong, Pete",691718,669432,field_out,hit_into_play,,,,,4.0,Pete Crow-Armstrong pops out to first baseman Pete Alonso in foul territory.,R,L,L,BAL,CHC,X,3.0,popup,0,1,2026,-0.37,0.35,-0.4112776678571311,2.315466640671462,,621020.0,,2,5,Top,167.01,187.15,,,,,-4.895333727082807,-122.10500918538152,-1.8083864079056091,-2.734280501495135,23.437071652443436,-28.48263884305331,3.202452428,1.616190945,91.0,91.8,75.0,85.0,2176.0,6.9,824816,694212,624413,677942,691723,683002,621493,665750,641933,53.56,0.001,0.0,0.0,1.0,0.0,0.0,3.0,35,2,Cutter,1,0,0,1,0,1,0,1,Standard,Standard,215.0,0.04,-0.243,75.6,8.2,,0.001,0.243,91.8,1,-1,0.668,0.332,28,24,29,24,3,2,6.0,1.0,9.0,1,2.88,-0.37,-0.37,20.6,26.11821427515027,-23.93449846495859,30.781939914442063,33.90078563942916,52.17910939417088,0,0,0,0,0,1,away
FF,2026-07-09,94.8,1.94,5.79,"Crow-Armstrong, Pete",691718,669432,walk,ball,,,,,11.0,Pete Crow-Armstrong walks.,R,L,L,BAL,CHC,B,,,3,2,2026,0.77,1.26,-1.207295500340132,2.944118789569385,,,,1,3,Top,,,,,,,-9.9712681743701,-137.88261050634648,-4.540695795143331,11.86959527421672,26.269990099763504,-15.205685842571263,3.202452428,1.616190945,,,,96.2,2565.0,6.8,824816,694212,624413,677942,691723,683002,621493,665750,641933,53.69,,0.698334,0.7,1.0,0.0,0.0,,18,7,4-Seam Fastball,1,0,0,1,0,1,0,1,Infield shade,Standard,130.0,-0.025,0.339,,,,,-0.339,,1,-1,0.634,0.366,28,24,29,24,2,1,6.0,1.0,9.0,1,1.25,0.77,0.77,23.7,,,,,,0,0,1,0,0,0,away
ST,2026-07-09,78.5,2.03,5.83,"Crow-Armstrong, Pete",691718,669432,strikeout,swinging_strike,,,,,13.0,Pete Crow-Armstrong strikes out swinging.,R,L,L,BAL,CHC,S,2.0,,2,2,2026,-1.22,0.38,-1.2485392266822266,0.9579422651558548,,,,0,1,Top,,,,,,,-4.743911772979394,-114.29620417023528,-4.169010473303788,-9.793809500176026,21.631229886692395,-28.255673461247905,3.202452428,1.616190945,,,,79.1,2002.0,6.7,824816,694212,624413,677942,691723,683002,621493,665750,641933,53.8,,0.0,0.0,1.0,0.0,0.0,,1,5,Sweeper,0,0,0,0,0,0,0,0,Infield shade,Standard,288.0,0.019,-0.232,58.8,8.2,3.969868224,,0.232,,0,0,0.503,0.497,28,24,29,24,1,0,6.0,1.0,9.0,1,3.32,-1.22,-1.22,28.5,30.47151209980654,-38.19369014277581,37.207681300862845,40.82622813864851,59.05674764342951,0,0,0,1,0,1,away
FC,2026-07-09,89.1,-0.86,7.04,"Crow-Armstrong, Pete",691718,669330,double,hit_into_play,,,,,9.0,"Pete Crow-Armstrong doubles (15) on a fly ball to center fielder Leody Taveras, deflected by right fielder Tyler O'Neill.",R,L,R,BAL,CHC,X,9.0,fly_ball,1,0,2026,0.65,0.93,0.4340059753852048,1.8679540942671875,,,,0,8,Top,160.83,102.95,,,,,1.7521456045938175,-129.6031469306904,-8.379255036996883,7.003100717088234,25.27030868442564,-20.19605780786288,3.202452428,1.616190945,256.0,73.6,27.0,88.9,2405.0,6.0,824816,694212,624413,702616,677942,683002,621493,665750,641933,54.49,0.76,0.695,1.25,1.0,1.0,1.0,4.0,56,2,Cutter,1,1,1,1,1,1,1,1,Standard,Standard,181.0,-0.123,0.662,77.4,7.4,,0.84,-0.662,88.0,0,0,0.493,0.507,31,24,32,24,1,3,1.0,1.0,2.0,1,1.93,-0.65,0.65,50.3,8.455614865630105,-1.8038953025104576,41.809964925025696,25.835235552184653,35.82946572383285,1,0,0,0,0,1,away
SL,2026-07-10,89.2,-1.51,6.24,"Crow-Armstrong, Pete",691718,668881,strikeout,swinging_strike_blocked,,,,,14.0,Pete Crow-Armstrong strikes out swinging.,R,L,R,CIN,CHC,S,2.0,,0,2,2026,0.42,-0.01,0.5540950112561716,0.6715758882535274,,,,1,6,Top,,,,,,,4.132048083189111,-129.71781371869335,-7.410520101487028,3.8635761389042966,26.620111929870085,-30.96069695410863,3.202452428,1.616190945,,,,89.7,2236.0,6.6,824493,663886,701398,695490,663647,682829,668709,668715,682622,53.9,,0.0,0.0,1.0,0.0,0.0,,42,3,Slider,1,0,0,1,0,1,0,1,Infield shade,Standard,130.0,0.016,-0.163,35.6,7.2,6.018622728,,0.163,,1,-1,0.707,0.293,26,24,27,24,3,2,6.0,1.0,9.0,1,2.87,-0.42,0.42,43.8,9.05768295549133,2.1886719884348502,40.9913963495843,26.34100886287221,35.69473451909472,0,0,0,1,0,1,away
SL,2026-07-10,89.5,-1.63,6.31,"Crow-Armstrong, Pete",691718,668881,strikeout,called_strike,,,,,8.0,Pete Crow-Armstrong called out on strikes.,R,L,R,CIN,CHC,S,2.0,,0,2,2026,0.25,0.29,-0.100206802448711,1.9679471544685023,,,,2,3,Top,,,,,,,3.214618160305698,-130.33768933679676,-5.100004799803372,2.1304034532591363,27.47446653868053,-28.057545794260196,3.202452428,1.616190945,,,,89.8,2414.0,6.4,824493,663886,701398,695490,663647,682829,668709,668715,682622,54.08,,0.0,0.0,1.0,0.0,0.0,,19,3,Slider,0,0,0,0,0,0,0,0,Infield shade,Standard,119.0,0.007,-0.154,,,,,0.154,,0,0,0.548,0.452,26,24,27,24,2,1,6.0,1.0,9.0,1,2.56,-0.25,0.25,42.8,,,,,,0,0,0,1,0,1,away
FF,2026-07-10,101.1,-1.48,6.23,"Crow-Armstrong, Pete",691718,668881,strikeout,swinging_strike,,,,,5.0,Pete Crow-Armstrong strikes out swinging.,R,L,R,CIN,CHC,S,2.0,,1,2,2026,-0.63,1.62,-0.0013846477427799,2.7071125527928213,,,,0,1,Top,,,,,,,5.626455906530133,-146.8620864568801,-8.182339211515728,-10.480540001233246,38.57746490957842,-6.905494289924899,3.202452428,1.616190945,,,,101.0,2558.0,6.6,824493,663886,701398,695490,663647,682829,668709,668715,682622,53.9,,0.0,0.0,1.0,0.0,0.0,,1,4,4-Seam Fastball,0,0,0,0,0,0,0,0,Infield shade,Standard,202.0,0.015,-0.186,73.3,6.5,1.607304912,,0.186,,0,0,0.507,0.493,26,24,27,24,1,0,6.0,1.0,9.0,1,0.63,0.63,-0.63,39.0,-0.3288337460157333,16.031593183394335,39.32913909068486,32.08105995929244,23.25514033549772,0,0,0,1,0,1,away
FF,2026-07-10,94.5,1.9,6.29,"Crow-Armstrong, Pete",691718,656271,field_out,hit_into_play,,,,,5.0,Pete Crow-Armstrong pops out to third baseman Ke'Bryan Hayes in foul territory.,R,L,L,CIN,CHC,X,5.0,popup,1,0,2026,0.69,1.24,0.0521642557535859,2.295847307376868,,,621020.0,1,8,Top,107.72,199.82,,,,,-6.370220027956136,-137.38680137526225,-7.3931162879602335,10.050065164886146,27.948395704707455,-15.02738823997448,3.202452428,1.616190945,47.0,79.7,80.0,95.6,2310.0,6.8,824493,663886,701398,695490,663647,682829,668709,670770,668715,53.71,0.006,0.005,0.0,1.0,0.0,0.0,3.0,62,2,4-Seam Fastball,4,0,0,4,0,4,0,4,Standard,Standard,143.0,0.019,-0.297,75.6,7.6,,0.006,0.297,88.0,4,-4,0.96,0.04,29,24,30,24,1,3,2.0,1.0,1.0,1,1.3,0.69,0.69,46.3,16.36693384240738,-10.182855581395298,38.71263595671827,29.906826650101607,41.0516707787944,0,0,0,0,0,1,away
SI,2026-07-11,92.6,3.78,5.12,"Crow-Armstrong, Pete",691718,666157,walk,ball,,,,,13.0,Pete Crow-Armstrong walks. Miguel Amaya to 2nd.,R,L,L,CIN,CHC,B,,,3,1,2026,1.42,0.44,-1.1376984268768566,1.5934819273250718,,,665804.0,2,5,Top,,,,,,,-15.43063743731913,-133.91493295734173,-3.920962323342118,20.328561552255167,27.23188406538323,-26.114472935311408,3.202452428,1.616190945,,,,92.2,2341.0,6.2,824492,624431,663993,695490,701398,682829,668709,670770,668715,54.25,,0.698334,0.7,1.0,0.0,0.0,,36,5,Sinker,2,0,0,2,0,2,0,2,Infield shade,Standard,106.0,-0.017,0.131,,,,,-0.131,,2,-2,0.773,0.227,28,24,28,24,3,2,6.0,1.0,31.0,1,2.24,1.42,1.42,9.6,,,,,,0,0,1,0,0,0,away
SI,2026-07-11,92.4,3.69,5.2,"Crow-Armstrong, Pete",691718,666157,walk,ball,,,,,13.0,Pete Crow-Armstrong walks.,R,L,L,CIN,CHC,B,,,3,2,2026,1.56,0.31,-0.9838531422673032,1.4830343311733714,,,,2,3,Top,,,,,,,-15.128630452411478,-133.69004413800266,-4.050208610695732,21.983365287354587,28.34154625943549,-27.753932254683622,3.202452428,1.616190945,,,,92.0,2316.0,6.3,824492,624431,663993,695490,701398,682829,668709,670770,668715,54.19,,0.698334,0.7,1.0,0.0,0.0,,18,7,Sinker,0,0,0,0,0,0,0,0,Infield shade,Standard,106.0,-0.011,0.294,,,,,-0.294,,0,0,0.541,0.459,28,24,28,24,2,1,6.0,1.0,31.0,1,2.39,1.56,1.56,9.6,,,,,,0,0,1,0,0,0,away
FF,2026-07-11,94.0,-1.45,6.08,"Crow-Armstrong, Pete",691718,670062,strikeout,swinging_strike,,,,,1.0,Pete Crow-Armstrong strikes out swinging.,R,L,R,CIN,CHC,S,2.0,,0,2,2026,0.01,1.55,-0.2880473434687476,3.2914985655999462,,,,0,7,Top,,,,,,,2.967714880889204,-136.86713754678243,-4.812444509465681,-0.5832223869448361,31.62421591093557,-11.888524520006408,3.202452428,1.616190945,,,,94.1,2763.0,6.4,824492,624431,663993,695490,701398,682829,668709,670770,668715,54.07,,0.0,0.0,1.0,0.0,0.0,,53,3,4-Seam Fastball,3,3,3,3,3,3,3,3,Strategic,Standard,189.0,0.023,-0.164,72.0,6.2,1.255197852,,0.164,,0,0,0.516,0.484,31,24,31,24,1,3,4.0,1.0,7.0,1,1.04,-0.01,0.01,52.8,3.8879394990083376,24.804110470790253,29.284931413931673,37.47992617284798,22.066685007305185,0,0,0,1,0,1,away
FF,2026-07-11,93.8,3.56,5.32,"Crow-Armstrong, Pete",691718,666157,strikeout,called_strike,,,,,7.0,Pete Crow-Armstrong called out on strikes.,R,L,L,CIN,CHC,S,2.0,,1,2,2026,1.39,0.68,-0.5243086821537659,1.6972196919702562,,,,0,1,Top,,,,,,,-13.487786873750812,-135.79269148984582,-4.881407753468885,20.165228835382607,30.398595476697658,-22.75010069326526,3.202452428,1.616190945,,,,93.4,2291.0,6.4,824492,624431,663993,695490,701398,682829,668709,670770,668715,54.14,,0.0,0.0,1.0,0.0,0.0,,1,4,4-Seam Fastball,0,0,0,0,0,0,0,0,Infield shade,Standard,109.0,0.015,-0.186,,,,,0.186,,0,0,0.507,0.493,28,24,28,24,1,0,6.0,1.0,31.0,1,1.94,1.39,1.39,12.0,,,,,,0,0,0,1,0,1,away
FC,2026-07-11,89.2,-2.02,5.69,"Crow-Armstrong, Pete",691718,622088,field_out,hit_into_play,,,,,9.0,"Pete Crow-Armstrong grounds out, third baseman Sal Stewart to first baseman Nathaniel Lowe.",R,L,R,CIN,CHC,X,5.0,ground_ball,0,0,2026,-0.01,0.82,0.5198938890659688,1.7451839940123617,,,,0,9,Top,116.34,177.02,,,,,6.155295917875496,-129.78377304568426,-5.173027488680719,-1.3727103469619972,26.89806122583623,-22.040973001183374,3.202452428,1.616190945,2.0,71.5,-34.0,88.9,2837.0,6.1,824492,624431,663993,695490,701398,682829,668709,670770,668715,54.43,0.073,0.066,0.0,1.0,0.0,0.0,2.0,71,1,Cutter,3,5,5,3,5,3,5,3,Infield shade,Standard,217.0,0.008,-0.259,53.3,5.8,,0.081,0.259,88.0,-2,2,0.076,0.924,32,24,33,24,1,4,2.0,1.0,6.0,1,2.05,0.01,-0.01,24.9,-24.521622113800593,25.416940340654353,44.66084625908687,27.965167464140855,17.232789365408873,0,0,0,0,0,1,away
FF,2026-07-12,92.2,-2.6,5.63,"Crow-Armstrong, Pete",691718,695076,walk,ball,,,,,11.0,Pete Crow-Armstrong walks. Pedro Ramírez to 2nd.,R,L,R,CIN,CHC,B,,,3,0,2026,-0.98,0.88,-1.1444544213481485,4.263459933458523,,,699393.0,0,9,Top,,,,,,,5.813773025952557,-134.23430459865577,0.529595322153351,-13.139078050567084,28.79633536649168,-21.8426836416901,3.202452428,1.616190945,,,,92.1,2004.0,6.2,824491,663886,701398,695490,663647,682829,668709,668715,682622,54.32,,0.698334,0.7,1.0,0.0,0.0,,71,4,4-Seam Fastball,4,8,8,4,8,4,8,4,Standard,Standard,226.0,-0.001,0.155,,,,,-0.155,,-4,4,0.011,0.989,24,24,24,24,1,4,4.0,1.0,6.0,5,1.8,0.98,-0.98,36.1,,,,,,0,0,1,0,0,0,away
ST,2026-07-12,82.3,2.57,5.99,"Crow-Armstrong, Pete",691718,671096,field_out,hit_into_play,,,,,8.0,"Pete Crow-Armstrong grounds out, first baseman Sal Stewart to pitcher Andrew Abbott.",R,L,L,CIN,CHC,X,3.0,ground_ball,1,2,2026,-1.11,-0.16,0.0477794566393957,1.8593939270063409,,,,0,3,Top,159.33,151.65,,,,,-3.473239029173755,-119.8041693503356,-2.2339097804157255,-9.865055535462403,25.482537358620135,-33.42532454997028,3.202452428,1.616190945,13.0,84.8,-8.0,82.4,2722.0,6.6,824491,663886,701398,695490,663647,682829,668709,668715,682622,53.94,0.115,0.104,0.0,1.0,0.0,0.0,2.0,18,5,Sweeper,0,2,2,0,2,0,2,0,Infield shade,Standard,306.0,0.013,-0.186,75.1,7.1,,0.148,0.186,88.0,-2,2,0.293,0.707,27,24,27,24,2,1,5.0,1.0,8.0,5,3.55,-1.11,-1.11,50.3,7.966742143578854,1.340832978821638,42.344595169130734,28.99642352054076,34.16737596462422,0,0,0,0,0,1,away
ST,2026-07-12,81.9,2.45,5.99,"Crow-Armstrong, Pete",691718,671096,field_out,hit_into_play,,,,,13.0,"Reds challenged (play at 1st), call on the field was overturned: Pete Crow-Armstrong grounds out, second baseman Edwin Arroyo to first baseman Sal Stewart.",R,L,L,CIN,CHC,X,4.0,ground_ball,1,2,2026,-1.14,-0.26,-0.235341530877908,0.8947292712554118,664023.0,,682634.0,2,4,Top,134.45,152.69,,,,,-3.740703069953693,-119.04409187728736,-4.026476775355852,-9.805719839335705,27.636587868729812,-33.95653035350481,3.202452428,1.616190945,80.0,67.3,9.0,81.5,2905.0,6.6,824491,663886,701398,695490,663647,682829,668709,668715,682622,53.91,0.252,0.228,0.0,1.0,0.0,0.0,2.0,34,4,Sweeper,4,4,4,4,4,4,4,4,Standard,Standard,301.0,0.042,-0.209,69.0,8.4,,0.285,0.209,88.0,0,0,0.518,0.482,27,24,27,24,3,2,5.0,1.0,8.0,5,3.73,-1.14,-1.14,51.5,26.05178938901462,-22.879467953339372,39.64706372851227,32.009156596955975,55.227198148673935,0,0,0,0,0,1,away
SI,2026-07-12,91.8,1.27,4.98,"Crow-Armstrong, Pete",691718,594580,single,hit_into_play,,,,,4.0,"Pete Crow-Armstrong singles on a ground ball to right fielder Noelvi Marte, deflected by first baseman Sal Stewart. Dansby Swanson scores.",R,L,L,CIN,CHC,X,3.0,ground_ball,3,2,2026,1.12,-0.15,-0.4881913587613147,2.698884566551412,,621020.0,,1,7,Top,178.13,120.15,,,,,-6.61378304288842,-133.555729086528,0.5457476819655083,14.809746399751102,29.305524232824208,-34.28319145793069,3.202452428,1.616190945,123.0,96.0,7.0,88.8,2465.0,4.5,824491,663886,701398,695490,663647,682829,668709,668715,682622,56.01,0.58,0.533,0.9,1.0,1.0,0.0,4.0,55,6,Sinker,4,4,4,4,5,4,5,4,Standard,Standard,114.0,-0.153,0.522,76.5,7.6,,0.639,-0.522,96.0,0,0,0.459,0.541,34,24,34,24,1,3,3.0,1.0,6.0,5,2.86,1.12,1.12,16.5,21.412635591418116,-11.834479842238574,27.176160131193736,38.5079546904754,45.55423429750551,1,0,0,0,0,1,away
FF,2026-07-12,92.9,2.74,6.0,"Crow-Armstrong, Pete",691718,671096,walk,ball,,,,,12.0,Pete Crow-Armstrong walks.,R,L,L,CIN,CHC,B,,,3,2,2026,0.76,1.53,1.2444219683285975,2.9312065898667847,,,,0,1,Top,,,,,,,-5.464769006464023,-135.03678778847936,-5.222838573742044,10.481990912019524,32.28194211526975,-12.53836870046903,3.202452428,1.616190945,,,,92.7,2337.0,6.5,824491,663886,701398,695490,663647,682829,668709,668715,682622,54.04,,0.698334,0.7,1.0,0.0,0.0,,1,7,4-Seam Fastball,0,0,0,0,0,0,0,0,Infield shade,Standard,148.0,-0.031,0.361,,,,,-0.361,,0,0,0.495,0.505,27,24,27,24,1,0,5.0,1.0,8.0,5,1.14,0.76,0.76,48.3,,,,,,0,0,1,0,0,0,away
CH,2026-07-17,81.7,-1.3,5.98,"Crow-Armstrong, Pete",691718,641927,walk,ball,,,,,14.0,Pete Crow-Armstrong walks.,R,L,R,CHC,MIN,B,,,3,2,2026,-1.41,0.61,0.5227342958074728,1.3335480976528893,,,,0,1,Bot,,,,,,,6.895330417170904,-118.76848097113404,-4.871468977082293,-14.703394341777202,21.89789760360212,-25.70455616525346,3.202452428,1.616190945,,,,82.7,2161.0,6.9,824655,680777,668904,665019,686797,656484,663616,807712,702176,53.55,,0.698334,0.7,1.0,0.0,0.0,,5,8,Changeup,0,0,0,0,0,0,0,0,Infield shade,Standard,250.0,0.03,0.361,,,,,-0.361,,0,0,0.553,0.553,30,24,31,24,1,0,8.0,5.0,5.0,1,2.81,1.41,-1.41,33.4,,,,,,0,0,1,0,0,0,home
FF,2026-07-17,88.1,-1.18,5.9,"Crow-Armstrong, Pete",691718,641927,field_out,hit_into_play,,,,,14.0,Pete Crow-Armstrong lines out to second baseman Kody Clemens.,R,L,R,CHC,MIN,X,4.0,line_drive,0,0,2026,-0.41,1.36,1.2296636619453365,2.0967448671356608,,,,2,5,Bot,143.07,151.27,,,,,6.745639330539809,-128.0961665053091,-5.883037362326565,-5.8140597998361105,24.646566776860016,-16.195203930476207,3.202452428,1.616190945,132.0,52.1,24.0,89.6,2290.0,7.1,824655,680777,668904,665019,686797,656484,663616,807712,702176,53.4,0.157,0.141,0.0,1.0,0.0,0.0,1.0,40,1,4-Seam Fastball,1,4,1,4,4,1,1,4,Infield shade,Strategic,213.0,-0.011,-0.26,69.9,6.7,,0.163,0.26,88.0,-3,-3,0.148,0.148,30,24,31,24,3,2,8.0,5.0,5.0,1,1.57,0.41,-0.41,31.3,8.304994071627574,2.2081766077660117,45.177515662454624,20.20577400794819,32.68743456438807,0,0,0,0,0,1,home
ST,2026-07-17,75.0,-1.2,5.88,"Crow-Armstrong, Pete",691718,641927,strikeout,foul_tip,,,,,9.0,Pete Crow-Armstrong strikes out on a foul tip.,R,L,R,CHC,MIN,S,2.0,,1,2,2026,1.06,-0.29,0.4175959049203641,1.6662256891762048,,,,0,3,Bot,,,,,,,1.404276789572838,-109.27785006753696,-0.789542173699976,8.207823261720408,19.69574590177778,-34.59844338342271,3.202452428,1.616190945,,,,75.8,2156.0,6.8,824655,680777,668904,665019,686797,656484,663616,807712,702176,53.67,,0.0,0.0,1.0,0.0,0.0,,24,4,Sweeper,1,4,1,4,4,1,1,4,Infield shade,Standard,55.0,-0.017,-0.186,73.9,8.6,,,0.186,,-3,-3,0.229,0.229,30,24,31,24,2,1,8.0,5.0,5.0,1,4.34,-1.06,1.06,28.5,36.069645690330105,-38.59674424125557,38.33173146284602,31.72303589522215,60.31130619959865,0,0,0,1,0,1,home
ST,2026-07-17,77.3,1.99,5.51,"Crow-Armstrong, Pete",691718,573124,field_out,hit_into_play,,,,,7.0,Pete Crow-Armstrong pops out to second baseman Kody Clemens.,R,L,L,CHC,MIN,X,4.0,popup,0,1,2026,-1.29,0.21,-0.3020066661684195,1.5122658118381898,,,,2,7,Bot,150.44,162.91,,,,,-2.4044266102875715,-112.54309768437408,-1.6934170790004064,-10.481238657949977,21.184765980435703,-30.30906890057588,3.202452428,1.616190945,111.0,79.9,70.0,76.3,2869.0,5.6,824655,680777,668904,665019,686797,668952,663616,807712,668885,54.86,0.009,0.01,0.0,1.0,0.0,0.0,3.0,58,2,Sweeper,2,5,2,5,5,2,2,5,Standard,Standard,294.0,-0.008,-0.216,59.1,8.6,,0.012,0.216,88.0,-3,-3,0.08,0.08,35,24,36,24,1,3,9.0,5.0,4.0,1,3.61,-1.29,-1.29,27.6,24.923661488102315,-23.42905957586632,40.35066867809568,34.937387646620884,47.6983949743903,0,0,0,0,0,1,home
FC,2026-07-18,89.3,-1.12,6.18,"Crow-Armstrong, Pete",691718,671737,strikeout,swinging_strike,,,,,12.0,Pete Crow-Armstrong strikes out swinging.,R,L,R,CHC,MIN,S,2.0,,1,2,2026,0.57,0.39,0.210835276549752,3.752233626672797,,,,1,4,Bot,,,,,,,1.9989728051598403,-130.05280234752945,-0.5775059340349138,6.027666536675058,28.70117592540539,-27.912847228128506,3.202452428,1.616190945,,,,89.1,2290.0,6.3,824657,605170,605137,665019,686797,668952,663616,807712,668885,54.25,,0.0,0.0,1.0,0.0,0.0,,34,4,Cutter,5,1,5,1,1,5,5,1,Infield shade,Standard,139.0,-0.003,-0.183,71.4,6.1,1.512750192,,0.183,,4,4,0.903,0.903,25,24,25,24,3,2,6.0,1.0,5.0,1,2.48,-0.57,0.57,54.9,16.06569056971564,9.016904776131277,24.649861291619125,31.176408788859263,31.460814992883968,0,0,0,1,0,1,home
FF,2026-07-18,98.1,-1.22,6.05,"Crow-Armstrong, Pete",691718,671737,strikeout,swinging_strike,,,,,1.0,Pete Crow-Armstrong strikes out swinging.,R,L,R,CHC,MIN,S,2.0,,1,2,2026,-0.53,1.49,-0.3460329749530351,2.840666223422574,,665804.0,,2,2,Bot,,,,,,,3.594064475196722,-142.77508274526696,-6.5317041620533605,-8.10697265083149,31.855220445123756,-10.493655661517735,3.202452428,1.616190945,,,,98.7,2325.0,6.5,824657,605170,605137,665019,686797,668952,663616,807712,668885,53.98,,0.0,0.0,1.0,0.0,0.0,,17,4,4-Seam Fastball,3,1,3,1,1,3,3,1,Standard,Standard,199.0,-0.017,-0.191,71.2,6.5,0.62931576,,0.191,,2,2,0.729,0.729,25,24,25,24,2,1,6.0,1.0,5.0,1,0.87,0.53,-0.53,52.0,-0.9358229977672422,21.31582693267808,38.46972833044261,39.22262636564515,18.710966932059435,0,0,0,1,0,1,home
CH,2026-07-18,89.7,-1.51,5.03,"Crow-Armstrong, Pete",691718,702474,strikeout,swinging_strike,,,,,13.0,Pete Crow-Armstrong strikes out swinging.,R,L,R,CHC,MIN,S,2.0,,1,2,2026,-0.7,0.05,-0.8746440747640086,2.0979744286686377,621020.0,,,1,6,Bot,,,,,,,3.059053054761041,-130.8598438599295,-1.3141834040458047,-8.64126036277142,22.18240741529286,-31.551468386152816,3.202452428,1.616190945,,,,91.1,1401.0,6.6,824657,605170,605137,665019,686797,668952,663616,807712,668885,53.93,,0.0,0.0,1.0,0.0,0.0,,49,5,Changeup,5,1,5,1,1,5,5,1,Strategic,Standard,243.0,-0.01,-0.3,73.4,7.3,0.656424528,,0.3,,4,4,0.959,0.959,25,24,26,24,1,3,15.0,1.0,3.0,1,2.73,0.7,-0.7,34.4,11.983536842221255,9.73454203915414,36.97328469756098,44.33153002603079,27.80571137911263,0,0,0,1,0,1,home
FF,2026-07-18,94.8,1.78,5.67,"Crow-Armstrong, Pete",691718,696070,field_out,hit_into_play,,,,,4.0,Pete Crow-Armstrong flies out to left fielder Trevor Larnach.,R,L,L,CHC,MIN,X,7.0,fly_ball,0,1,2026,0.69,1.06,-0.3581552962193642,2.1149882473416746,,,,1,8,Bot,55.32,90.11,,,,,-7.141262212178193,-138.05770167371085,-5.960905399209979,10.204741644904091,24.933790581897092,-17.54219183916956,3.202452428,1.616190945,321.0,93.8,28.0,96.3,2142.0,6.7,824657,605170,605137,665019,686797,668952,663616,807712,702176,53.82,0.151,0.215,0.0,1.0,0.0,0.0,3.0,66,2,4-Seam Fastball,6,2,6,2,2,6,6,2,Standard,Strategic,149.0,-0.001,-0.221,74.8,7.2,,0.361,0.221,93.8,4,4,0.987,0.987,23,24,24,24,1,4,9.0,1.0,3.0,1,1.44,0.69,0.69,39.6,6.118376105214022,4.937723448563725,37.75732612412334,37.24732126114153,30.68517816140392,0,0,0,0,0,1,home
FC,2026-07-18,89.9,-1.06,6.14,"Crow-Armstrong, Pete",691718,671737,field_out,hit_into_play,,,,,5.0,Pete Crow-Armstrong flies out to right fielder Austin Martin.,R,L,R,CHC,MIN,X,9.0,fly_ball,2,2,2026,0.31,0.47,0.1176394366844982,2.504234638908334,,,,0,1,Bot,172.03,136.88,,,,,2.2427205340899867,-131.02550934545536,-3.906994464990588,3.088566507611343,25.907842041978128,-26.125765463225836,3.202452428,1.616190945,193.0,98.6,64.0,90.5,2017.0,6.4,824657,605170,605137,665019,686797,668952,663616,807712,668885,54.08,0.011,0.01,0.0,1.0,0.0,0.0,3.0,4,5,Cutter,0,0,0,0,0,0,0,0,Infield shade,Standard,151.0,-0.019,-0.232,73.6,7.8,,0.011,0.232,98.6,0,0,0.545,0.545,25,24,25,24,1,0,6.0,1.0,5.0,1,2.32,-0.31,0.31,53.6,26.06657534083561,-16.12178058059399,33.498646852104955,34.2695751152792,43.29970303254514,0,0,0,0,0,1,home
FF,2026-07-19,95.1,-1.94,6.02,"Crow-Armstrong, Pete",691718,805673,double,hit_into_play,,,,,7.0,Pete Crow-Armstrong doubles (16) on a sharp line drive to center fielder Luke Keaschall.,R,L,R,CHC,MIN,X,8.0,line_drive,2,0,2026,-0.89,1.23,-0.5217400327256095,1.6950617505184924,,,,0,4,Bot,82.79,61.62,,,,,5.685901638447662,-138.37245032968508,-8.330934393806372,-12.631191108852777,26.792216681154233,-14.746276202142518,3.202452428,1.616190945,356.0,106.6,17.0,95.7,2186.0,6.3,824653,680777,605170,668904,686797,668952,668885,807712,665019,54.16,0.551,0.684,1.25,1.0,1.0,1.0,6.0,33,3,4-Seam Fastball,7,0,7,0,0,7,7,0,Standard,Standard,210.0,0.003,0.58,77.0,7.6,,1.075,-0.58,106.6,7,7,0.983,0.983,26,24,26,24,3,2,9.0,1.0,5.0,1,1.26,0.89,-0.89,42.4,8.008544560142072,8.87537561518505,42.70486419372607,40.4795262461959,29.276918768460423,1,0,0,0,0,1,home
FF,2026-07-19,96.0,-2.28,5.99,"Crow-Armstrong, Pete",691718,805673,strikeout,called_strike,,,,,1.0,"Ryan Jeffers challenged (pitch result), call on the field was overturned: Pete Crow-Armstrong called out on strikes.",R,L,R,CHC,MIN,S,2.0,,2,2,2026,-0.56,1.26,-0.7348219945751784,2.9443312668492965,,,608348.0,2,2,Bot,,,,,,,5.336180294606426,-139.75779916665616,-5.2180480498378605,-8.474105725897958,29.36483115499514,-14.684877843750796,3.202452428,1.616190945,,,,96.5,2297.0,6.4,824653,680777,605170,668904,686797,668952,668885,807712,665019,54.12,,0.0,0.0,1.0,0.0,0.0,,17,5,4-Seam Fastball,3,0,3,0,0,3,3,0,Infield shade,Strategic,208.0,-0.011,-0.245,,,,,0.245,,3,3,0.805,0.805,26,24,26,24,2,1,9.0,1.0,5.0,1,1.2,0.56,-0.56,39.4,,,,,,0,0,0,1,0,1,home
FF,2026-07-19,95.4,-2.4,6.02,"Crow-Armstrong, Pete",691718,805673,field_out,hit_into_play,,,,,11.0,Pete Crow-Armstrong pops out to shortstop Ryan Kreidler.,R,L,R,CHC,MIN,X,6.0,popup,0,0,2026,-0.69,1.43,-0.9590156174548088,2.8532361940556377,,,,0,1,Bot,114.02,138.75,,,,,5.3186519807290695,-138.81044693052593,-5.7994749595824935,-10.083970951619948,29.44686366747461,-12.499960820162224,3.202452428,1.616190945,158.0,94.1,63.0,95.5,2300.0,6.2,824653,680777,605170,668904,686797,668952,668885,807712,665019,54.27,0.009,0.01,0.0,1.0,0.0,0.0,3.0,4,1,4-Seam Fastball,0,0,0,0,0,0,0,0,Standard,Standard,212.0,-0.022,-0.259,70.3,7.9,,0.015,0.259,94.1,0,0,0.548,0.548,26,24,26,24,1,0,9.0,1.0,5.0,1,1.06,0.69,-0.69,40.2,17.201155443434278,-4.027802145006744,33.65813173312692,45.33887584687304,37.79535009909653,0,0,0,0,0,1,home
CH,2026-07-19,85.6,-0.8,5.69,"Crow-Armstrong, Pete",691718,701519,strikeout,swinging_strike,,,,,14.0,Pete Crow-Armstrong strikes out swinging.,R,L,R,CHC,MIN,S,2.0,,3,2,2026,-1.23,0.24,0.454868734056856,0.9702301303436948,,,,2,5,Bot,,,,,,,5.436668803511656,-124.57820281142529,-5.101909464679913,-13.949716911053256,24.75065676532733,-28.84918201212013,3.202452428,1.616190945,,,,85.5,1915.0,6.2,824653,680777,605170,668904,686797,668952,668885,807712,665019,54.3,,0.0,0.0,1.0,0.0,0.0,,45,6,Changeup,10,0,10,0,0,10,10,0,Infield shade,Standard,234.0,0.0,-0.303,66.4,9.1,9.601936176,,0.303,,10,10,0.998,0.998,26,24,26,24,1,3,9.0,1.0,3.0,1,2.87,1.23,-1.23,37.8,30.512152492562265,-56.51705814148591,38.89962057579136,27.907723135174408,66.52637266616388,0,0,0,1,0,1,home
FF,2026-07-20,92.6,-2.54,5.47,"Crow-Armstrong, Pete",691718,656427,field_out,hit_into_play,,,,,5.0,Pete Crow-Armstrong pops out to shortstop Kevin McGonigle.,R,L,R,CHC,DET,X,6.0,popup,0,0,2026,-0.55,1.38,0.2739804543385726,2.4051577088308194,,,665804.0,0,3,Bot,109.78,141.21,,,,,8.328284940651605,-134.65662136703358,-4.912048374398894,-8.41734568941457,28.370403340502723,-14.520149795323338,3.202452428,1.616190945,155.0,91.3,70.0,93.1,2378.0,6.6,824654,693307,679529,650402,690993,805808,682985,681546,656716,53.94,0.003,0.003,0.0,1.0,0.0,0.0,3.0,23,1,4-Seam Fastball,0,4,0,4,4,0,0,4,Standard,Standard,205.0,-0.031,-0.247,77.3,7.9,,0.003,0.247,91.3,-4,-4,0.197,0.197,30,24,31,24,2,1,10.0,1.0,,1,1.28,0.55,-0.55,28.0,20.341273768087003,-13.773745107664205,36.75984888194579,31.08924353591501,37.73311541710207,0,0,0,0,0,1,home
FF,2026-07-20,94.7,-0.11,6.21,"Crow-Armstrong, Pete",691718,621097,field_out,hit_into_play,,,,,7.0,Pete Crow-Armstrong lines out to right fielder Zach McKinstry.,R,L,R,CHC,DET,X,9.0,line_drive,1,1,2026,-0.06,1.48,-0.2854269494305368,1.6407834039957545,,,,1,7,Bot,203.08,92.72,,,,,-0.3023013201589931,-137.54367565677242,-9.382599379147358,-0.7134500190327622,33.49328074968762,-11.465044403732682,3.202452428,1.616190945,323.0,99.7,21.0,95.3,2260.0,7.0,824654,693307,679529,650402,701678,805808,682985,681546,656716,53.53,0.36,0.464,0.0,1.0,0.0,0.0,5.0,60,3,4-Seam Fastball,3,4,3,4,4,3,3,4,Infield shade,Standard,189.0,-0.035,-0.253,78.0,8.5,,0.759,0.253,99.7,-1,-1,0.314,0.314,32,24,33,24,1,3,2.0,1.0,3.0,1,1.09,0.06,-0.06,70.4,16.073977173852548,-14.671680484538827,38.743756714601965,37.042802330045774,40.32522344606351,0,0,0,0,0,1,home
SI,2026-07-20,95.9,2.82,4.87,"Crow-Armstrong, Pete",691718,805427,field_out,hit_into_play,,,,,3.0,"Pete Crow-Armstrong grounds out, second baseman Gleyber Torres to first baseman Spencer Torkelson.",R,L,L,CHC,DET,X,4.0,ground_ball,1,2,2026,1.32,0.63,0.3065302783073853,2.855192878777668,,,,0,5,Bot,136.44,159.33,,,,,-9.780722667248604,-139.32543107712365,-1.014564103794474,19.325216203208697,30.570202981333612,-23.915145345364675,3.202452428,1.616190945,19.0,59.3,-6.0,97.9,2205.0,7.5,824654,693307,679529,650402,701678,805808,682985,681546,656716,53.03,0.083,0.075,0.0,1.0,0.0,0.0,1.0,42,5,Sinker,3,4,3,4,4,3,3,4,Infield shade,Standard,124.0,-0.023,-0.186,64.9,6.3,,0.094,0.186,88.0,-1,-1,0.405,0.405,25,24,26,24,1,2,8.0,1.0,2.0,1,1.85,1.32,1.32,17.4,7.382425449960128,7.238668006428639,31.377146573135573,27.77143667318876,25.779135971231895,0,0,0,0,0,1,home
FF,2026-07-20,93.2,-2.89,5.41,"Crow-Armstrong, Pete",691718,656427,field_out,hit_into_play,,,,,13.0,Pete Crow-Armstrong lines out to shortstop Kevin McGonigle.,R,L,R,CHC,DET,X,6.0,line_drive,2,2,2026,-0.55,1.14,-0.0170243577156278,1.289775490154862,,,,0,1,Bot,114.01,133.12,,,,,8.55270699048384,-135.33364218363891,-7.144850527200357,-8.60416892216884,28.456521860373066,-16.763957392861176,3.202452428,1.616190945,172.0,92.9,9.0,93.6,2133.0,6.6,824654,693307,679529,650402,690993,805808,682985,681546,656716,53.95,0.629,0.568,0.0,1.0,0.0,0.0,4.0,8,5,4-Seam Fastball,0,4,0,4,4,0,0,4,Infield shade,Standard,217.0,-0.015,-0.232,75.0,6.9,,0.674,0.232,92.9,-4,-4,0.193,0.193,30,24,31,24,1,0,10.0,1.0,,1,1.49,0.55,-0.55,24.8,-3.0044164398913273,13.745179045370689,41.989070068539405,35.201547472807746,27.585977923710917,0,0,0,0,0,1,home
,2026-07-20,,,,"Crow-Armstrong, Pete",691718,445276,intent_walk,automatic_ball,,,,,,Kenley Jansen intentionally walks Pete Crow-Armstrong.,R,L,R,CHC,DET,B,,,3,0,2026,,,,,621020.0,,,1,9,Bot,,,,,,,,,,,,,,,,,,,,,824654,693307,679529,701678,805808,656716,682985,681546,663837,,,,0.4,,0.0,0.0,,77,4,,5,5,5,5,5,5,5,5,,,,-0.009,,,,,,,,0,0,0.833,0.833,38,24,39,24,1,4,1.0,1.0,2.0,1,,,,,,,,,,0,0,0,0,0,1,home
EP,2026-07-21,44.0,-2.04,6.85,"Crow-Armstrong, Pete",691718,656716,walk,ball,,,,,11.0,Pete Crow-Armstrong walks. Dansby Swanson to 2nd.,R,L,R,CHC,DET,B,,,3,2,2026,-0.41,1.13,-3.824472215482868,5.006886791610135,664023.0,,621020.0,1,7,Bot,,,,,,,-1.6169837470392054,-63.12653824021613,8.817597980321,-0.9211129648726616,6.732362109974684,-30.3269564224684,3.202452428,1.616190945,,,,41.6,1020.0,4.0,824652,668670,679529,650402,690993,701678,663837,681546,701162,56.49,,0.698334,0.7,1.0,0.0,0.0,,63,8,Eephus,9,0,9,0,0,9,9,0,Infield shade,Standard,211.0,0.0,0.241,,,,,-0.241,,9,9,0.999,0.999,31,24,31,24,1,4,,1.0,41.0,1,11.03,0.41,-0.41,49.0,,,,,,0,0,1,0,0,0,home
FF,2026-07-21,93.2,-2.04,5.96,"Crow-Armstrong, Pete",691718,680744,single,hit_into_play,,,,,2.0,Pete Crow-Armstrong singles on a line drive to right fielder Ben Malgeri. Dansby Swanson scores. Pete Crow-Armstrong to 2nd.,R,L,R,CHC,DET,X,9.0,line_drive,3,2,2026,-0.32,1.31,0.0710746462345829,3.0656097231317085,,621020.0,,1,3,Bot,195.92,111.14,,,,,6.03506798158052,-135.6510454219575,-4.444882663822882,-5.144672580697092,25.990076240593957,-15.16836481000102,3.202452428,1.616190945,191.0,93.9,14.0,93.2,2117.0,6.0,824652,668670,679529,650402,701678,805808,682985,663837,701162,54.5,0.98,0.931,0.9,1.0,1.0,0.0,4.0,30,7,4-Seam Fastball,6,0,6,0,0,7,7,0,Standard,Standard,213.0,0.016,0.522,74.2,7.1,,1.153,-0.522,93.9,6,6,0.961,0.961,26,24,26,24,1,2,39.0,1.0,5.0,1,1.29,0.32,-0.32,46.5,20.17463075968508,-1.568947355563142,26.84290512791852,33.94960070867667,36.51559721710685,1,0,0,0,0,1,home
SI,2026-07-21,92.3,0.71,6.11,"Crow-Armstrong, Pete",691718,664285,walk,ball,,,,,12.0,Pete Crow-Armstrong walks. Michael Busch scores. Nico Hoerner to 3rd. Ian Happ to 2nd.,R,L,L,CHC,DET,B,,,3,2,2026,1.09,0.46,0.3404908005904751,3.7886836950292193,683737.0,663538.0,664023.0,2,1,Bot,,,,,,,-3.2896721740682815,-134.43495562644523,-0.9416834770764032,13.89247466317124,27.78627644361696,-26.637411311268774,3.202452428,1.616190945,,,,91.6,2158.0,5.7,824652,668670,679529,650402,701678,805808,682985,663837,701162,54.8,,0.698334,0.7,1.0,0.0,0.0,,13,6,Sinker,4,0,4,0,0,5,5,0,Standard,Standard,146.0,0.034,0.316,,,,,-0.316,,4,4,0.878,0.878,32,24,33,24,2,1,12.0,1.0,5.0,1,2.2,1.09,1.09,45.6,,,,,,0,0,1,0,0,0,home
SI,2026-07-21,93.8,0.94,5.9,"Crow-Armstrong, Pete",691718,664285,triple,hit_into_play,,,,,6.0,Pete Crow-Armstrong triples (5) on a line drive to right fielder Ben Malgeri.,R,L,L,CHC,DET,X,9.0,line_drive,2,1,2026,1.38,0.37,0.6418361761158425,2.7031660392848647,,,,0,1,Bot,225.29,97.97,,,,,-3.8236858143097687,-136.59023259385825,-3.1663318465618673,18.17504325148318,29.62913380362127,-27.06858023993048,3.202452428,1.616190945,212.0,81.8,17.0,93.1,2197.0,5.8,824652,668670,679529,650402,701678,805808,682985,663837,701162,54.71,0.983,0.916,1.6,1.0,1.0,2.0,4.0,4,4,Sinker,0,0,0,0,0,0,0,0,Standard,Standard,134.0,0.08,0.931,84.4,7.5,,1.114,-0.931,88.0,0,0,0.551,0.551,32,24,33,24,1,0,12.0,1.0,5.0,1,2.21,1.38,1.38,42.8,17.656715288845415,-11.697603899160184,29.307184773325066,26.951427098645883,35.79691277664095,1,0,0,0,0,1,home
FF,2026-07-21,95.8,-2.72,5.47,"Crow-Armstrong, Pete",691718,669724,walk,ball,,,,,14.0,Pete Crow-Armstrong walks.,R,L,R,CHC,DET,B,,,3,2,2026,-1.05,0.81,1.035295774393081,1.9059110549429732,,,,0,5,Bot,,,,,,,12.1608525071305,-139.02614229297498,-5.420925179088517,-16.23985631120575,30.203258954112176,-20.61795842733179,3.202452428,1.616190945,,,,95.8,2077.0,6.3,824652,668670,679529,650402,701678,805808,682985,663837,701162,54.16,,0.698334,0.7,1.0,0.0,0.0,,45,6,4-Seam Fastball,9,0,9,0,0,9,9,0,Infield shade,Standard,245.0,0.0,0.361,,,,,-0.361,,9,9,0.997,0.997,28,24,28,24,1,3,2.0,1.0,3.0,1,1.68,1.05,-1.05,30.7,,,,,,0,0,1,0,0,0,home
SL,2026-07-22,87.0,-2.26,5.97,"Crow-Armstrong, Pete",691718,672456,strikeout,swinging_strike_blocked,,,,,14.0,"Pete Crow-Armstrong strikes out swinging, catcher Dillon Dingler to first baseman Spencer Torkelson.",R,L,R,CHC,DET,S,2.0,,0,2,2026,0.4,-0.02,0.9164768463890204,0.523649539321096,,,,1,3,Bot,,,,,,,6.657171667344259,-126.5567983509284,-6.574304873325616,3.0033890159187746,25.26787428892426,-31.19976098872164,3.202452428,1.616190945,,,,86.9,2569.0,6.2,824650,693307,679529,701678,690993,805808,682985,681546,656716,54.29,,0.0,0.0,1.0,0.0,0.0,,22,3,Slider,1,1,1,1,1,1,1,1,Infield shade,Standard,66.0,-0.011,-0.163,44.8,8.1,3.781557108,,0.163,,0,0,0.523,0.523,25,24,26,24,2,1,5.0,1.0,5.0,2,3.02,-0.4,0.4,47.6,16.10326619161878,-10.290486041572642,45.25952264115627,23.71982810166896,37.71854212088085,0,0,0,1,0,1,home
CH,2026-07-22,85.7,-2.17,5.96,"Crow-Armstrong, Pete",691718,672456,field_error,hit_into_play,,,,,4.0,Pete Crow-Armstrong reaches on a fielding error by pitcher Keider Montero.,R,L,R,CHC,DET,X,1.0,ground_ball,3,2,2026,-1.16,0.79,-0.7734745924160826,2.3831875702097065,,,,0,6,Bot,123.52,175.24,,,,,5.652511724510735,-124.65461693323282,-3.571859992139741,-13.26513466837032,26.17962333146304,-23.41776068593281,3.202452428,1.616190945,1.0,52.7,-66.0,85.8,1806.0,6.5,824650,693307,679529,701678,690993,805808,682985,681546,656716,54.02,0.279,0.251,0.9,1.0,0.0,0.0,1.0,43,7,Changeup,1,4,1,4,4,1,1,4,Infield shade,Standard,219.0,0.041,0.402,65.4,8.4,,0.284,-0.402,88.0,-3,-3,0.17,0.17,25,24,26,24,3,2,5.0,1.0,5.0,2,2.33,1.16,-1.16,46.0,30.066120927093404,-28.255665044120676,28.549770376655708,43.41839020965371,54.81746524447226,0,0,0,0,0,1,home
SL,2026-07-22,85.6,-1.96,5.54,"Crow-Armstrong, Pete",691718,640448,hit_by_pitch,hit_by_pitch,,,,,14.0,Pete Crow-Armstrong hit by pitch.,R,L,R,CHC,DET,B,,,2,2,2026,0.32,0.09,2.066325946092278,-0.0745716609592141,,,,2,8,Bot,,,,,,,8.79001407972587,-124.3319438906401,-6.902655701969447,1.5362614266278738,24.712231742423853,-30.010382238449345,3.202452428,1.616190945,,,,86.3,2214.0,6.8,824650,693307,679529,701678,805808,656716,682985,681546,663837,53.68,,0.729295,0.7,1.0,0.0,0.0,,59,5,Slider,1,4,1,4,4,1,1,4,Infield shade,Standard,138.0,0.014,0.375,,,,,-0.375,,-3,-3,0.042,0.042,34,24,35,24,1,3,2.0,1.0,1.0,2,3.03,-0.32,0.32,53.3,,,,,,0,0,0,0,0,0,home
FF,2026-07-22,94.5,-2.32,6.01,"Crow-Armstrong, Pete",691718,672456,strikeout,called_strike,,,,,5.0,Pete Crow-Armstrong called out on strikes.,R,L,R,CHC,DET,S,2.0,,2,2,2026,-0.71,1.61,0.1998567201505874,2.230889006058716,,,,0,1,Bot,,,,,,,8.045117597446916,-137.2169719052745,-7.491032779211323,-10.829865788933152,33.612239387001296,-10.28642031928922,3.202452428,1.616190945,,,,93.8,2337.0,6.2,824650,693307,679529,701678,690993,805808,682985,681546,656716,54.27,,0.0,0.0,1.0,0.0,0.0,,4,5,4-Seam Fastball,0,0,0,0,0,0,0,0,Infield shade,Standard,211.0,-0.019,-0.232,,,,,0.232,,0,0,0.545,0.545,25,24,26,24,1,0,5.0,1.0,5.0,2,0.97,0.71,-0.71,42.0,,,,,,0,0,0,1,0,1,home
SL,2026-07-24,88.8,-1.6,5.23,"Crow-Armstrong, Pete",691718,683003,home_run,hit_into_play,,,,,5.0,Pete Crow-Armstrong homers (22) on a fly ball to right field.,R,L,R,PIT,CHC,X,,fly_ball,3,1,2026,0.39,0.23,0.2609888473118752,2.1209979099711127,,,,1,6,Top,207.46,70.74,,,,,3.692497283330233,-129.2758279120835,-1.8564797873340384,3.568680441242946,26.66862730840638,-29.41774118293057,3.202452428,1.616190945,375.0,100.6,36.0,89.5,2546.0,6.7,823352,680779,656811,664040,693304,669707,668804,663968,699013,53.84,0.397,0.776,2.0,1.0,0.0,3.0,5.0,40,5,Slider,1,0,0,1,1,1,1,1,Standard,Standard,141.0,-0.146,1.405,76.9,7.4,,1.496,-1.405,100.6,1,-1,0.68,0.32,24,24,25,24,3,2,6.0,2.0,5.0,1,2.66,-0.39,0.39,36.1,16.988858598071964,-5.850437705988049,34.50243974246497,28.116388561884396,40.924349839638325,1,1,0,0,0,1,away
SL,2026-07-24,92.8,-1.3,5.47,"Crow-Armstrong, Pete",691718,683003,strikeout,swinging_strike,,,,,7.0,Pete Crow-Armstrong strikes out swinging.,R,L,R,PIT,CHC,S,2.0,,3,2,2026,0.29,0.06,-0.4797104480130776,1.755654384953537,,,,0,1,Top,,,,,,,1.426893091684185,-135.14298908167206,-3.67349329270851,3.2984192793436344,28.11565465172914,-30.82587730526526,3.202452428,1.616190945,,,,93.5,2668.0,6.5,823352,680779,656811,664040,693304,669707,668804,663968,699013,53.96,,0.0,0.0,1.0,0.0,0.0,,1,8,Slider,0,0,0,0,0,0,0,0,Infield shade,Standard,161.0,0.027,-0.346,68.2,8.5,0.775417284,,0.346,,0,0,0.495,0.505,24,24,25,24,1,0,6.0,2.0,5.0,1,2.57,-0.29,0.29,40.3,22.385897646535113,-27.58738852540438,30.891454347433847,36.82830352996577,49.18293359586292,0,0,0,1,0,1,away
FF,2026-07-24,98.9,-1.28,5.44,"Crow-Armstrong, Pete",691718,683003,double,hit_into_play,,,,,1.0,Pete Crow-Armstrong doubles (17) on a sharp fly ball to center fielder Jake Mangum.,R,L,R,PIT,CHC,X,8.0,fly_ball,0,0,2026,-0.7,1.17,-0.6801936316399833,2.8532382603944244,,,,2,3,Top,126.95,33.75,,,,,3.3007351791146404,-144.0281255024272,-4.24157766621152,-10.55659699428633,33.38286591792857,-15.11025081273446,3.202452428,1.616190945,408.0,100.3,27.0,99.6,2547.0,6.6,823352,680779,656811,664040,693304,669707,668804,663968,699013,53.9,0.511,0.871,1.25,1.0,1.0,1.0,6.0,16,1,4-Seam Fastball,0,0,0,0,0,0,0,0,Standard,Standard,221.0,-0.025,0.554,74.3,7.2,,1.61,-0.554,100.3,0,0,0.543,0.457,24,24,25,24,2,1,6.0,2.0,5.0,1,1.16,0.7,-0.7,41.3,9.682495171693144,0.2031919115829576,31.25519371975629,38.09135453506177,31.09340572115787,1,0,0,0,0,1,away
FF,2026-07-24,99.9,0.79,5.58,"Crow-Armstrong, Pete",691718,682254,strikeout,called_strike,,,,,8.0,"Pete Crow-Armstrong challenged (pitch result), call on the field was confirmed: Pete Crow-Armstrong called out on strikes.",R,L,L,PIT,CHC,S,2.0,,3,2,2026,0.25,1.51,0.1951440881819063,1.5081251331576957,,,,1,8,Top,,,,,,,-2.2352123784653237,-145.24265599655223,-9.294494921656216,4.070552057659779,35.46261722379646,-8.884379790345688,3.202452428,1.616190945,,,,101.0,2295.0,7.0,823352,680779,656811,664040,693304,669707,668804,663968,699013,53.47,,0.0,0.0,1.0,0.0,0.0,,57,6,4-Seam Fastball,1,1,1,1,1,1,1,1,Infield shade,Standard,165.0,0.043,-0.346,,,,,0.346,,0,0,0.539,0.461,26,24,26,24,1,3,2.0,2.0,2.0,1,0.79,0.25,0.25,58.6,,,,,,0,0,0,1,0,1,away
,2026-07-24,,,,"Crow-Armstrong, Pete",691718,670990,intent_walk,automatic_ball,,,,,,Yohan Ramírez intentionally walks Pete Crow-Armstrong. Pedro Ramírez to 3rd. Dansby Swanson to 2nd.,R,L,R,PIT,CHC,B,,,3,0,2026,,,,,,699393.0,621020.0,2,10,Top,,,,,,,,,,,,,,,,,,,,,823352,680779,656811,664040,693304,669707,668804,663968,699013,,,,0.4,,0.0,0.0,,73,4,,1,2,2,1,2,1,2,1,,,,-0.016,,,,,,,,-1,1,0.351,0.649,31,24,31,24,1,4,2.0,2.0,3.0,1,,,,,,,,,,0,0,0,0,0,1,away
CH,2026-07-25,87.1,-2.38,5.53,"Crow-Armstrong, Pete",691718,694973,double,hit_into_play,,,,,13.0,Pete Crow-Armstrong doubles (18) on a line drive to center fielder Jake Mangum. Dansby Swanson scores. Miguel Amaya to 3rd.,R,L,R,PIT,CHC,X,8.0,line_drive,2,2,2026,-1.37,0.41,-0.5292439041081942,1.352425721506585,,621020.0,665804.0,1,5,Top,145.22,46.28,,,,,7.284621508943921,-126.59868081180012,-4.489798371867649,-16.2290178040619,26.145523636167656,-27.048687654128138,3.202452428,1.616190945,380.0,107.3,20.0,87.6,2032.0,6.7,823355,680779,656811,693304,669707,694378,668804,663968,699013,53.81,0.737,1.074,1.25,1.0,1.0,1.0,6.0,34,6,Changeup,0,0,0,0,1,0,1,0,Standard,Standard,257.0,-0.187,0.826,77.1,7.8,,1.831,-0.826,107.3,0,0,0.457,0.543,24,24,24,24,3,2,6.0,1.0,6.0,1,2.61,1.37,-1.37,22.2,15.26020073976031,-1.2549043408818463,38.60027954474915,38.728660840579224,39.59571245317857,1,0,0,0,0,1,away
FF,2026-07-25,96.6,-2.07,5.62,"Crow-Armstrong, Pete",691718,694973,strikeout,called_strike,,,,,2.0,Pete Crow-Armstrong called out on strikes.,R,L,R,PIT,CHC,S,2.0,,3,2,2026,-1.24,1.09,0.0443284925276699,2.7878715370939244,621020.0,,665804.0,0,3,Top,,,,,,,8.492083566413147,-140.3797130223442,-4.339026139421082,-18.270630241489005,30.976444457893564,-16.943671206456493,3.202452428,1.616190945,,,,97.5,2318.0,6.8,823355,680779,656811,693304,669707,694378,668804,663968,699013,53.71,,0.0,0.0,1.0,0.0,0.0,,17,6,4-Seam Fastball,0,0,0,0,0,0,0,0,Standard,Standard,231.0,0.065,-0.408,,,,,0.408,,0,0,0.36,0.64,24,24,24,24,2,1,6.0,1.0,6.0,1,1.35,1.24,-1.24,25.5,,,,,,0,0,0,1,0,1,away
FS,2026-07-25,92.2,-2.28,5.64,"Crow-Armstrong, Pete",691718,694973,single,hit_into_play,,,,,13.0,Pete Crow-Armstrong singles on a pop up to left fielder Bryan Reynolds.,R,L,R,PIT,CHC,X,7.0,popup,0,1,2026,-1.07,0.12,-0.7788578107704247,1.237725514390449,,,,0,1,Top,88.71,132.01,,,,,6.172432682765921,-134.17217808904317,-5.462302504555426,-14.222684647113184,26.207484166455547,-29.77543821562006,3.202452428,1.616190945,180.0,62.3,33.0,93.1,1627.0,6.6,823355,680779,656811,693304,669707,694378,668804,663968,699013,53.89,0.577,0.519,0.9,1.0,1.0,0.0,4.0,1,2,Split-Finger,0,0,0,0,0,0,0,0,Standard,Standard,249.0,-0.039,0.487,73.8,8.4,,0.605,-0.487,88.0,0,0,0.503,0.497,24,24,24,24,1,0,6.0,1.0,6.0,1,2.54,1.07,-1.07,24.6,19.525299125160167,-12.410205310979771,36.61121614775696,39.091437711577214,43.43518464953236,1,0,0,0,0,1,away
FF,2026-07-25,95.0,-1.43,5.67,"Crow-Armstrong, Pete",691718,676755,double,hit_into_play,,,,,4.0,Pete Crow-Armstrong doubles (19) on a sharp line drive to right fielder Esmerlyn Valdez. Miguel Amaya to 3rd.,R,L,R,PIT,CHC,X,9.0,line_drive,2,2,2026,-0.95,1.66,-0.6651906928375725,2.513335124049276,,,665804.0,1,6,Top,173.42,80.33,,,,,4.178950350874958,-138.25901132270718,-6.247782875531764,-13.10210369158064,31.181146219782164,-9.628612094082182,3.202452428,1.616190945,276.0,106.4,15.0,95.9,2393.0,6.8,823355,680779,656811,693304,669707,694378,668804,663968,699013,53.66,0.683,0.755,1.25,1.0,1.0,1.0,5.0,47,6,4-Seam Fastball,0,6,6,0,6,0,6,0,Standard,Standard,209.0,-0.009,0.812,75.8,7.4,,1.102,-0.812,106.4,-6,6,0.027,0.973,30,24,31,24,1,3,6.0,1.0,3.0,1,0.86,0.95,-0.95,44.0,15.871956109782031,-1.5514485920377568,29.728236340213986,39.343874680696054,35.39378972505298,1,0,0,0,0,1,away
FC,2026-07-25,87.2,-2.8,4.91,"Crow-Armstrong, Pete",691718,676760,home_run,hit_into_play,,,,,8.0,Pete Crow-Armstrong homers (23) on a fly ball to right field. Pedro Ramírez scores.,R,L,R,PIT,CHC,X,,fly_ball,0,0,2026,0.39,0.42,-0.2724517175989247,1.5567836519481455,,699393.0,,2,7,Top,226.86,76.58,,,,,5.2449677457385135,-127.03297751259636,-2.641704499883778,3.1828920671272347,24.654315821917475,-27.24534818737168,3.202452428,1.616190945,390.0,102.9,23.0,88.2,2278.0,6.7,823355,680779,656811,693304,669707,694378,668804,663968,699013,53.78,0.72,1.171,2.0,1.0,0.0,3.0,6.0,60,1,Cutter,0,8,8,0,10,0,10,0,Standard,Standard,179.0,-0.004,1.611,73.2,8.4,,2.102,-1.611,102.9,-8,8,0.005,0.995,30,24,31,24,1,4,7.0,1.0,2.0,1,2.55,-0.39,0.39,32.7,15.739508535939772,-15.468593039628526,35.706032737325934,34.194693423648786,41.09129291710777,1,1,0,0,0,1,away
FF,2026-07-26,97.1,-1.1,5.88,"Crow-Armstrong, Pete",691718,677952,triple,hit_into_play,,,,,6.0,Pete Crow-Armstrong triples (6) on a fly ball to center fielder Jake Mangum. Pedro Ramírez scores.,R,L,R,PIT,CHC,X,8.0,fly_ball,2,2,2026,-0.89,0.99,0.6570419829811256,2.5080595391329727,,699393.0,,2,4,Top,210.11,90.37,,,,,6.704752828663687,-141.2390026433064,-5.623842173653276,-13.391544460625372,28.763837884817807,-17.880819515041267,3.202452428,1.616190945,338.0,96.1,40.0,97.6,2316.0,6.3,823354,676566,656811,664040,693304,694378,682997,663968,699013,54.16,0.066,0.124,1.6,1.0,1.0,2.0,3.0,35,6,4-Seam Fastball,7,3,3,7,4,7,4,7,Standard,Standard,224.0,-0.066,1.007,74.5,6.9,,0.234,-1.007,96.1,4,-4,0.894,0.106,26,24,27,24,3,2,6.0,1.0,6.0,1,1.41,0.89,-0.89,30.4,15.13987323508155,-8.588799572220829,34.90708149499525,24.686815971108075,37.200467336079384,1,0,0,0,0,1,away
CU,2026-07-26,86.2,-0.75,6.23,"Crow-Armstrong, Pete",691718,677952,strikeout,swinging_strike,,,,,14.0,Pete Crow-Armstrong strikes out swinging.,R,L,R,PIT,CHC,S,2.0,,0,2,2026,0.4,-0.81,0.7046012242551302,0.9949473530082952,699393.0,621020.0,,2,2,Top,,,,,,,2.5892774255688074,-125.62851539370496,-4.349849878147056,3.740725891612872,23.25884379269953,-40.180707415367166,3.202452428,1.616190945,,,,86.5,2676.0,6.2,823354,676566,656811,664040,693304,694378,682997,663968,699013,54.31,,0.0,0.0,1.0,0.0,0.0,,13,3,Curveball,0,1,1,0,1,0,1,0,Standard,Standard,35.0,0.032,-0.158,64.8,9.2,4.28345064,,0.158,,-1,1,0.411,0.589,26,24,27,24,2,1,6.0,1.0,6.0,1,3.85,-0.4,0.4,42.3,27.483932148081426,-61.076571410814815,35.914974189632844,24.86880731948749,64.53544900257974,0,0,0,1,0,1,away
FS,2026-07-26,84.9,-1.55,5.05,"Crow-Armstrong, Pete",691718,669387,field_out,hit_into_play,,,,,13.0,Pete Crow-Armstrong grounds out to first baseman Ryan O'Hearn.,R,L,R,PIT,CHC,X,3.0,ground_ball,0,0,2026,-0.79,-0.24,-0.758755401768875,1.4191007211130224,,,,1,7,Top,151.61,174.49,,,,,3.449138985866264,-123.69298290906706,-1.5148584082327448,-8.835089965479431,22.730000382230536,-34.58959953777767,3.202452428,1.616190945,17.0,83.6,-4.0,85.3,1638.0,6.3,823354,676566,656811,664040,693304,694378,663968,695257,699013,54.19,0.164,0.148,0.0,1.0,0.0,0.0,2.0,57,1,Split-Finger,8,4,4,8,4,8,4,8,Standard,Standard,258.0,0.01,-0.262,73.6,8.4,,0.181,0.262,88.0,4,-4,0.956,0.044,27,24,27,24,1,3,4.0,1.0,3.0,1,3.38,0.79,-0.79,26.2,19.411209321867457,-9.210946066930005,35.47879577443034,40.11447124462411,44.71013302529085,0,0,0,0,0,1,away
FF,2026-07-26,98.8,1.14,5.52,"Crow-Armstrong, Pete",691718,682254,strikeout,swinging_strike,,,,,12.0,Pete Crow-Armstrong strikes out swinging.,R,L,L,PIT,CHC,S,2.0,,1,2,2026,0.41,1.37,0.0301289621245865,3.4239632205859944,,,621020.0,0,9,Top,,,,,,,-4.011827163949978,-143.96912196914286,-3.466231157112708,6.5489578888492455,29.084519895803822,-12.43142766688605,3.202452428,1.616190945,,,,100.9,2231.0,7.1,823354,676566,656811,664040,669707,694378,663968,695257,699013,53.43,,0.0,0.0,1.0,0.0,0.0,,73,4,4-Seam Fastball,8,5,5,8,5,8,5,8,Infield shade,Standard,158.0,0.027,-0.173,65.9,5.6,0.444439656,,0.173,,3,-3,0.936,0.064,26,24,26,24,1,4,2.0,1.0,1.0,1,0.94,0.41,0.41,53.8,4.582156504512261,22.065567458181423,25.817243678103058,31.5485011687476,22.389816316103136,0,0,0,1,0,1,away
CU,2026-07-26,85.4,-0.86,6.22,"Crow-Armstrong, Pete",691718,677952,field_out,hit_into_play,,,,,5.0,Pete Crow-Armstrong lines out to shortstop Jacob Gonzalez.,R,L,R,PIT,CHC,X,6.0,line_drive,3,1,2026,1.18,-0.74,-0.0456750767658842,2.256656049110513,,,,0,1,Top,127.97,145.47,,,,,-0.5109255947578693,-124.38239386328846,-1.315110683592794,12.33693176762911,24.587639183315716,-39.78296267646979,3.202452428,1.616190945,140.0,53.8,23.0,84.9,2924.0,5.9,823354,676566,656811,664040,693304,694378,682997,663968,699013,54.59,0.214,0.206,0.0,1.0,0.0,0.0,1.0,1,5,Curveball,0,0,0,0,0,0,0,0,Standard,Standard,47.0,0.036,-0.449,76.4,7.0,,0.249,0.449,88.0,0,0,0.486,0.514,26,24,27,24,1,0,6.0,1.0,6.0,1,3.85,-1.18,1.18,40.4,3.8805076304940567,11.869069000181335,35.18961779927904,32.34715724856873,34.65151582401711,0,0,0,0,0,1,away
FF,2026-07-27,94.8,0.62,6.48,"Crow-Armstrong, Pete",691718,669461,field_out,hit_into_play,,,,,2.0,Pete Crow-Armstrong pops out sharply to second baseman JJ Wetherholt on the infield fly rule.,R,L,L,STL,CHC,X,4.0,popup,0,0,2026,0.62,1.29,-0.1111388374749521,2.843241075255431,,621020.0,665804.0,1,2,Top,152.82,126.85,,,,,-3.2774088642719605,-138.07528892400546,-6.659678205128464,8.586599581340321,26.47763015612171,-14.354619856998672,3.202452428,1.616190945,204.0,101.1,63.0,95.6,2102.0,6.4,823025,671056,676475,802139,691458,691026,663457,665877,691023,54.14,0.009,0.008,0.0,1.0,0.0,0.0,3.0,14,1,4-Seam Fastball,0,2,2,0,2,0,2,0,Standard,Standard,152.0,0.035,-0.243,80.8,7.9,,0.009,0.243,101.1,-2,2,0.272,0.728,26,24,27,24,2,1,6.0,1.0,6.0,1,1.21,0.62,0.62,45.8,24.08414287940316,-13.949554953416191,29.98103634989673,32.59599617359802,40.33193378815214,0,0,0,0,0,1,away
CU,2026-07-27,79.2,-0.74,6.15,"Crow-Armstrong, Pete",691718,690928,strikeout,swinging_strike,,,,,4.0,Pete Crow-Armstrong strikes out swinging.,R,L,R,STL,CHC,S,2.0,,2,2,2026,0.56,-0.85,-0.4381394954395013,2.6216156081533573,,,,1,8,Top,,,,,,,-0.4236454623896464,-115.41643825778362,0.8924337433599276,5.111428491685832,21.487388548224935,-40.14339311919111,3.202452428,1.616190945,,,,79.0,2413.0,6.1,823025,671056,676475,802139,691458,691026,663457,665877,691023,54.43,,0.0,0.0,1.0,0.0,0.0,,66,5,Curveball,3,5,5,3,5,3,5,3,Infield shade,Strategic,45.0,0.009,-0.235,70.3,8.2,0.822567804,,0.235,,-2,2,0.151,0.849,26,24,27,24,2,4,5.0,1.0,8.0,1,4.47,-0.56,0.56,51.4,25.68683049734514,-36.372200426891744,24.266159360036163,38.42211230268514,57.25680652077057,0,0,0,1,0,1,away
FC,2026-07-27,89.7,0.78,6.47,"Crow-Armstrong, Pete",691718,669461,walk,ball,,,,,11.0,Pete Crow-Armstrong walks. Miguel Amaya to 2nd.,R,L,L,STL,CHC,B,,,3,0,2026,-0.1,1.07,-0.6993353900356681,3.736989423737728,,,665804.0,2,4,Top,,,,,,,-3.4035099080504976,-130.80786505302177,-2.9811364423615836,-0.4937899245519951,23.756720781991454,-19.45206079337894,3.202452428,1.616190945,,,,90.2,2450.0,6.2,823025,671056,676475,802139,691458,691026,663457,665877,691023,54.34,,0.698334,0.7,1.0,0.0,0.0,,31,4,Cutter,1,3,3,1,3,1,3,1,Standard,Strategic,155.0,-0.006,0.069,,,,,-0.069,,-2,2,0.282,0.718,26,24,27,24,3,2,6.0,1.0,6.0,1,1.72,-0.1,-0.1,44.4,,,,,,0,0,1,0,0,0,away
CU,2026-07-27,80.5,-0.58,6.18,"Crow-Armstrong, Pete",691718,690928,strikeout,swinging_strike,,,,,11.0,Pete Crow-Armstrong strikes out swinging.,R,L,R,STL,CHC,S,2.0,,2,2,2026,0.81,-0.89,-1.0283561420188572,2.5384906299218892,,,,1,6,Top,,,,,,,-2.5507904219071875,-117.28287229714464,0.4683737226603743,8.003552731393054,21.08083571484049,-40.66715149653475,3.202452428,1.616190945,,,,80.6,2756.0,6.2,823025,671056,676475,802139,691458,691026,663457,665877,691023,54.3,,0.0,0.0,1.0,0.0,0.0,,47,5,Curveball,1,5,5,1,5,1,5,1,Infield shade,Standard,45.0,0.004,-0.235,70.7,7.7,1.029502572,,0.235,,-4,4,0.09,0.91,26,24,27,24,1,3,5.0,1.0,8.0,1,4.38,-0.81,0.81,49.6,21.684768116647582,-6.423924082199037,25.088196358452993,44.85724857807848,38.34626532414164,0,0,0,1,0,1,away
SL,2026-07-27,86.3,0.55,6.47,"Crow-Armstrong, Pete",691718,669461,walk,ball,,,,,12.0,Pete Crow-Armstrong walks.,R,L,L,STL,CHC,B,,,3,2,2026,-0.41,-0.03,0.8993630905552844,3.280081000071258,,,,0,1,Top,,,,,,,1.667647975649844,-125.95415620322814,-1.2634665186858878,-4.707063272988816,19.945678497933493,-32.45981271121892,3.202452428,1.616190945,,,,86.9,2601.0,6.0,823025,671056,676475,802139,691458,691026,663457,665877,691023,54.5,,0.698334,0.7,1.0,0.0,0.0,,1,6,Slider,0,0,0,0,0,0,0,0,Infield shade,Standard,256.0,-0.031,0.361,,,,,-0.361,,0,0,0.495,0.505,26,24,27,24,1,0,6.0,1.0,6.0,1,3.02,-0.41,-0.41,46.0,,,,,,0,0,1,0,0,0,away
CH,2026-07-28,87.9,-2.07,5.72,"Crow-Armstrong, Pete",691718,700241,sac_fly,hit_into_play,,,,,7.0,Pete Crow-Armstrong out on a sacrifice fly to center fielder Nathan Church. Michael Conforto scores. Carson Kelly to 3rd.,R,L,R,STL,CHC,X,8.0,fly_ball,0,0,2026,-1.04,0.87,-0.5175614801850252,2.068199366820612,624424.0,608348.0,,1,2,Top,106.03,37.8,,,,,5.961605814173688,-127.97374866268252,-4.422567416615058,-12.670963111191922,24.57258075872255,-21.877054148645733,3.202452428,1.616190945,401.0,102.9,28.0,88.8,1628.0,6.7,823026,699625,676475,802139,665877,691026,663457,701675,691023,53.83,,1.423,0.0,1.0,0.0,0.0,6.0,13,1,Changeup,0,2,2,0,3,0,3,0,Standard,Standard,233.0,-0.008,-0.213,78.2,7.9,,,0.213,102.9,-2,2,0.236,0.764,25,24,26,24,2,1,5.0,1.0,6.0,1,2.06,1.04,-1.04,33.8,12.648983717172346,-1.1234386031892811,39.01828951479059,37.785900507660074,32.67669744361369,0,0,0,0,0,0,away
SI,2026-07-28,90.2,3.57,4.81,"Crow-Armstrong, Pete",691718,677865,strikeout,called_strike,,,,,7.0,"Pete Crow-Armstrong challenged (pitch result), call on the field was confirmed: Pete Crow-Armstrong called out on strikes.",R,L,L,STL,CHC,S,2.0,,2,2,2026,1.24,0.02,-0.7504516529708201,1.8958642101224,,699393.0,,2,5,Top,,,,,,,-13.29557496008944,-130.74564364566345,-1.1449979869993805,16.87149516304772,25.664944129996066,-31.859015432765155,3.202452428,1.616190945,,,,90.6,2205.0,6.6,823026,699625,676475,802139,665877,691026,663457,701675,691023,53.89,,0.0,0.0,1.0,0.0,0.0,,45,5,Sinker,1,8,8,1,8,1,8,1,Standard,Strategic,125.0,0.003,-0.222,,,,,0.222,,-7,7,0.023,0.977,29,24,29,24,1,3,2.0,1.0,1.0,1,2.78,1.24,1.24,26.0,,,,,,0,0,0,1,0,1,away
SI,2026-07-28,92.7,-1.75,5.26,"Crow-Armstrong, Pete",691718,657265,strikeout,called_strike,,,,,11.0,Pete Crow-Armstrong called out on strikes.,R,L,R,STL,CHC,S,2.0,,1,2,2026,-1.04,0.41,-0.158768950836585,3.467039084934211,,699393.0,,0,8,Top,,,,,,,6.3762281181236995,-134.86981078823,0.4905195326931201,-14.10206184706072,29.78327872284915,-27.548202456784033,3.202452428,1.616190945,,,,93.4,2358.0,6.7,823026,699625,691458,663494,665877,691026,663457,701675,676369,53.77,,0.0,0.0,1.0,0.0,0.0,,64,5,Sinker,1,8,8,1,8,1,8,1,Strategic,Standard,226.0,0.001,-0.257,,,,,0.257,,-7,7,0.003,0.997,31,24,32,24,1,4,,1.0,3.0,1,2.25,1.04,-1.04,26.7,,,,,,0,0,0,1,0,1,away
CU,2026-07-28,82.1,-1.91,5.71,"Crow-Armstrong, Pete",691718,700241,strikeout,swinging_strike,,,,,14.0,Pete Crow-Armstrong strikes out swinging.,R,L,R,STL,CHC,S,2.0,,2,2,2026,0.69,-0.94,1.247811998126836,1.2743357960431894,,,,0,1,Top,,,,,,,5.73969269091018,-119.4780272476124,-1.3787741166374057,5.481358524358209,23.61586252599948,-41.1436490476024,3.202452428,1.616190945,,,,82.6,2532.0,6.7,823026,699625,676475,802139,665877,691026,663457,701675,691023,53.81,,0.0,0.0,1.0,0.0,0.0,,1,5,Curveball,0,0,0,0,0,0,0,0,Infield shade,Strategic,50.0,0.019,-0.232,78.6,8.4,1.126700124,,0.232,,0,0,0.503,0.497,25,24,26,24,1,0,5.0,1.0,6.0,1,4.33,-0.69,0.69,36.0,29.910061515720457,-39.661937529928174,37.18859220842456,20.906205665034015,54.896100504539305,0,0,0,1,0,1,away
CH,2026-07-28,87.2,-1.36,5.88,"Crow-Armstrong, Pete",691718,700669,field_out,hit_into_play,,,,,7.0,Pete Crow-Armstrong flies out to left fielder Lars Nootbaar.,R,L,R,STL,CHC,X,7.0,fly_ball,0,1,2026,-0.77,0.46,-0.4263208787049076,2.096804701995087,,,699393.0,1,3,Top,100.45,104.11,,,,,3.834662300528279,-126.91789894327889,-3.614842415899127,-9.095063718790865,28.566224299197348,-26.690439662752844,3.202452428,1.616190945,246.0,84.4,50.0,86.9,1090.0,6.3,823026,699625,676475,802139,665877,691026,663457,701675,691023,54.18,0.02,0.027,0.0,1.0,0.0,0.0,3.0,25,2,Changeup,0,7,7,0,7,0,7,0,Standard,Standard,252.0,0.003,-0.222,76.8,7.6,,0.038,0.222,88.0,-7,7,0.039,0.961,26,24,26,24,1,2,3.0,1.0,3.0,1,2.56,0.77,-0.77,50.6,9.66935060429089,1.9469621432702584,33.94047596600279,37.42976280618058,37.67104925058571,0,0,0,0,0,1,away
SI,2026-07-29,90.1,3.59,4.82,"Crow-Armstrong, Pete",691718,677865,field_out,hit_into_play,,,,,5.0,"Cubs challenged (play at 1st), call on the field was upheld: Pete Crow-Armstrong grounds out, second baseman JJ Wetherholt to first baseman Alec Burleson.",R,L,L,STL,CHC,X,4.0,ground_ball,2,2,2026,1.26,0.01,0.0797643063945667,2.5428229593779648,,,,0,6,Top,134.97,153.4,,,,,-11.431396761555265,-130.69503416867025,0.4960825382090146,16.838891044879393,26.49519038527993,-32.35688723510083,3.202452428,1.616190945,3.0,63.9,-42.0,90.9,2239.0,6.9,823022,686780,676475,802139,691458,691026,665877,701675,691023,53.64,0.19,0.171,0.0,1.0,0.0,0.0,2.0,38,7,Sinker,0,0,0,0,0,0,0,0,Infield shade,Strategic,137.0,0.029,-0.232,69.5,5.4,,0.198,0.232,88.0,0,0,0.505,0.495,29,24,29,24,1,2,1.0,1.0,2.0,1,2.8,1.26,1.26,25.0,0.7397967824270253,26.467163749468412,32.04338914975629,29.333785374828224,24.79828736942166,0,0,0,0,0,1,away
ST,2026-07-29,86.1,-1.97,5.28,"Crow-Armstrong, Pete",691718,669160,field_out,hit_into_play,,,,,7.0,Pete Crow-Armstrong flies out to center fielder Nathan Church.,R,L,R,STL,CHC,X,8.0,fly_ball,1,1,2026,1.1,-0.57,-0.3491288991513956,1.9306410732976325,,,,2,3,Top,112.42,50.63,,,,,1.515497950727403,-125.30578483364576,-0.2509010025668452,11.174896909799228,28.24372053764198,-38.283552875591994,3.202452428,1.616190945,351.0,97.2,35.0,86.0,3129.0,6.5,823022,686780,676475,802139,691458,691026,665877,701675,691023,54.04,0.174,0.317,0.0,1.0,0.0,0.0,3.0,17,3,Sweeper,0,0,0,0,0,0,0,0,Standard,Strategic,55.0,0.011,-0.245,78.5,7.8,,0.607,0.245,97.2,0,0,0.544,0.456,28,24,29,24,2,1,5.0,1.0,8.0,1,3.67,-1.1,1.1,28.0,12.35754340960448,0.1422807620462663,37.73656573010103,37.57390971121275,38.81110933744192,0,0,0,0,0,1,away
CH,2026-07-29,89.9,-2.09,5.74,"Crow-Armstrong, Pete",691718,666277,field_out,hit_into_play,,,,,13.0,Pete Crow-Armstrong grounds out to first baseman Alec Burleson.,R,L,R,STL,CHC,X,3.0,ground_ball,1,2,2026,-1.05,-0.13,-0.8442784234213379,2.051311413054996,,,,1,8,Top,160.2,162.15,,,,,5.350981430399266,-130.8709409163708,-2.6737312646772056,-13.16351718963301,27.47045729638317,-33.30949439461666,3.202452428,1.616190945,4.0,86.2,-31.0,90.7,1410.0,6.7,823022,686780,676475,802139,691458,691026,665877,701675,691023,53.76,0.067,0.06,0.0,1.0,0.0,0.0,2.0,56,4,Changeup,0,0,0,0,0,0,0,0,Infield shade,Strategic,251.0,0.025,-0.183,74.3,7.7,,0.084,0.183,88.0,0,0,0.557,0.443,27,24,27,24,1,3,3.0,1.0,1.0,1,2.95,1.05,-1.05,39.3,15.992076980919265,-3.5435536140425703,27.453903274962837,41.87641201819855,39.8771644436495,0,0,0,0,0,1,away
CH,2026-07-29,81.1,-1.61,5.06,"Crow-Armstrong, Pete",691718,703725,home_run,hit_into_play,,,,,14.0,Pete Crow-Armstrong homers (24) on a fly ball to right center field. Dansby Swanson scores.,R,L,R,STL,CHC,X,,fly_ball,0,1,2026,-1.38,-0.08,0.4038066559171855,1.4615346883747635,,621020.0,,1,10,Top,189.55,39.31,,,,,7.17988485074009,-117.8762332801079,-1.0132254879937537,-14.209020314911806,23.130401095731916,-32.94223968077639,3.202452428,1.616190945,424.0,109.1,33.0,81.7,1687.0,6.8,823022,686780,676475,802139,665877,691026,663494,701675,691023,53.67,0.931,1.899,2.0,1.0,0.0,3.0,6.0,72,2,Changeup,0,0,0,0,2,0,2,0,Standard,Standard,288.0,-0.434,1.335,77.9,7.9,,3.708,-1.335,109.1,0,0,0.623,0.377,24,24,25,24,1,4,3.0,1.0,1.0,1,3.56,1.38,-1.38,18.5,14.836710795267896,-4.498056130947847,45.9585037451251,27.80095250226472,42.08589161073017,1,1,0,0,0,1,away
FF,2026-07-29,97.4,-1.57,5.57,"Crow-Armstrong, Pete",691718,669160,field_out,hit_into_play,,,,,8.0,Pete Crow-Armstrong flies out to center fielder Nathan Church.,R,L,R,STL,CHC,X,8.0,fly_ball,3,1,2026,-1.14,1.09,0.2491619651072887,1.4988489524939876,,,,0,1,Top,129.79,83.97,,,,,7.569943968290011,-141.55406630580237,-7.791638064596471,-17.089869591563808,30.71937089767854,-15.92449881919304,3.202452428,1.616190945,287.0,96.7,49.0,98.4,2348.0,6.8,823022,686780,676475,802139,691458,691026,665877,701675,691023,53.68,0.003,0.004,0.0,1.0,0.0,0.0,3.0,1,5,4-Seam Fastball,0,0,0,0,0,0,0,0,Infield shade,Strategic,216.0,0.036,-0.449,79.9,8.4,,0.008,0.449,96.7,0,0,0.486,0.514,28,24,29,24,1,0,5.0,1.0,8.0,1,1.31,1.14,-1.14,43.4,17.76842697488484,-16.274506683109525,42.55240740438385,28.30027628606085,41.11925312546114,0,0,0,0,0,1,away
SI,2026-07-30,98.3,-1.59,5.53,"Crow-Armstrong, Pete",691718,676617,field_out,hit_into_play,,,,,8.0,Pete Crow-Armstrong lines out sharply to left fielder Bryan Torres.,R,L,R,STL,CHC,X,7.0,line_drive,3,2,2026,-1.24,0.41,-0.1431942008638485,1.846804012111164,,,,1,9,Top,86.89,80.58,,,,,6.855197855350193,-143.1735016759741,-5.410750630360349,-18.57066941099951,27.060401454570595,-25.59206159092362,3.202452428,1.616190945,310.0,101.3,17.0,100.1,2165.0,6.8,823023,686780,676475,802139,691458,691026,663494,665877,663457,53.67,0.486,0.557,0.0,1.0,0.0,0.0,4.0,71,8,Sinker,2,2,2,2,2,2,2,2,Infield shade,Strategic,230.0,0.056,-0.346,74.8,7.1,,0.837,0.346,101.3,0,0,0.549,0.451,31,24,31,24,1,4,1.0,1.0,3.0,1,1.91,1.24,-1.24,29.8,3.9900860260803857,6.488989609213063,40.23843731743488,35.15862980819625,29.16182754590735,0,0,0,0,0,1,away
FF,2026-07-30,95.8,-1.68,6.0,"Crow-Armstrong, Pete",691718,669467,double,hit_into_play,,,,,9.0,Pete Crow-Armstrong doubles (20) on a line drive to right fielder Lars Nootbaar.,R,L,R,STL,CHC,X,9.0,line_drive,1,0,2026,0.14,1.1,0.3181560622650604,1.7401291569755548,,,,2,3,Top,206.08,132.27,,,,,4.923573368241719,-139.3701583494879,-8.006683744864887,0.7594877674177702,28.839225282101637,-16.23003553135363,3.202452428,1.616190945,175.0,99.3,11.0,96.5,2137.0,6.5,823023,671056,676475,802139,691458,691026,663494,701675,663457,53.97,0.9,0.855,1.25,1.0,1.0,1.0,4.0,19,2,4-Seam Fastball,1,0,0,1,0,1,0,1,Standard,Standard,191.0,-0.025,0.513,79.6,7.8,,1.053,-0.513,99.3,1,-1,0.656,0.344,27,24,28,24,2,1,5.0,1.0,6.0,1,1.37,-0.14,0.14,56.6,10.62624926474312,-6.822482482157422,39.980517058944855,29.29608280957591,38.24712784855006,1,0,0,0,0,1,away
KC,2026-07-30,80.8,-1.85,5.93,"Crow-Armstrong, Pete",691718,669467,double,hit_into_play,,,,,13.0,Pete Crow-Armstrong doubles (21) on a sharp fly ball to left fielder Bryan Torres.,R,L,R,STL,CHC,X,7.0,fly_ball,2,2,2026,0.12,-1.37,-0.4670271183718321,1.334433956516425,,,,2,5,Top,76.56,47.23,,,,,2.814717560234004,-117.6751750997567,-0.6772646778270954,0.5184312753696196,22.993842124529387,-44.93522102631248,3.202452428,1.616190945,393.0,103.4,28.0,81.0,2744.0,6.4,823023,671056,676475,802139,691458,691026,663494,701675,663457,54.07,0.734,1.423,1.25,1.0,1.0,1.0,6.0,37,5,Knuckle Curve,1,1,1,1,1,1,1,1,Infield shade,Standard,20.0,-0.033,0.593,75.7,7.9,,2.744,-0.593,103.4,0,0,0.554,0.446,27,24,28,24,3,2,5.0,1.0,6.0,1,4.86,-0.12,0.12,55.2,17.234560630900233,3.144120405644291,41.50136087077814,38.528006228832865,37.02327519096245,1,0,0,0,0,1,away
FF,2026-07-30,97.4,-2.56,5.51,"Crow-Armstrong, Pete",691718,666277,strikeout,swinging_strike,,,,,11.0,Pete Crow-Armstrong strikes out swinging.,R,L,R,STL,CHC,S,2.0,,3,2,2026,-0.57,0.99,-0.3827421320662388,3.5122099846833823,,621020.0,,1,7,Top,,,,,,,7.1225661889747265,-141.80319464557837,-2.06628010785088,-9.199281941224276,28.45496802918547,-18.48259025745299,3.202452428,1.616190945,,,,98.3,1905.0,6.5,823023,671056,676475,802139,691458,691026,663494,701675,663457,54.01,,0.0,0.0,1.0,0.0,0.0,,54,6,4-Seam Fastball,1,1,1,1,1,1,1,1,Standard,Standard,215.0,0.066,-0.312,70.6,5.8,4.320083256,,0.312,,0,0,0.459,0.541,27,24,27,24,1,3,1.0,1.0,3.0,1,1.39,0.57,-0.57,32.9,0.607179783759011,31.78383888783016,29.878337530495752,37.780493310758075,19.90056685027444,0,0,0,1,0,1,away
KC,2026-07-30,80.0,-1.64,5.9,"Crow-Armstrong, Pete",691718,669467,strikeout,swinging_strike_blocked,,,,,14.0,Pete Crow-Armstrong strikes out swinging.,R,L,R,STL,CHC,S,2.0,,1,2,2026,0.2,-1.25,0.0878786937404622,0.2492566388617421,,,,0,1,Top,,,,,,,3.387849696959283,-116.52655736457936,-3.0633886199000693,1.1877480046419464,22.945679294080808,-43.13822039559932,3.202452428,1.616190945,,,,80.2,2873.0,6.5,823023,671056,676475,802139,691458,691026,663494,701675,663457,54.0,,0.0,0.0,1.0,0.0,0.0,,1,4,Knuckle Curve,0,0,0,0,0,0,0,0,Infield shade,Standard,24.0,0.015,-0.186,74.4,8.7,7.683200184,,0.186,,0,0,0.507,0.493,27,24,28,24,1,0,5.0,1.0,6.0,1,4.82,-0.2,0.2,57.4,27.666864460496782,-36.31646918130641,41.820591337474035,31.938724732211995,63.42789395367499,0,0,0,1,0,1,away
CH,2026-07-31,87.6,-3.46,5.48,"Crow-Armstrong, Pete",691718,701542,field_out,hit_into_play,,,,,14.0,Pete Crow-Armstrong lines out to right fielder Jasson Domínguez.,R,L,R,CHC,NYY,X,9.0,line_drive,1,0,2026,-1.19,-0.38,0.0730227848313962,1.127690831924638,,,,2,6,Bot,203.79,92.71,,,,,10.963015661903892,-127.09312569009114,-3.2879091418826345,-15.156281955456622,27.184477046779858,-35.763699043121356,3.202452428,1.616190945,324.0,98.0,22.0,87.9,1709.0,6.7,824651,645305,502671,676609,642708,683011,682987,663757,691176,53.78,0.311,0.393,0.0,1.0,0.0,0.0,5.0,40,2,Changeup,0,2,0,2,2,0,0,2,Standard,Standard,252.0,-0.017,-0.301,77.2,8.5,,0.632,0.301,98.0,-2,-2,0.202,0.202,27,24,27,24,3,2,5.0,1.0,5.0,1,3.38,1.19,-1.19,29.8,20.90747590012309,-11.434600174353095,40.19667340831611,35.45547517021652,44.3154561730095,0,0,0,0,0,1,home
FF,2026-07-31,94.6,-3.4,5.37,"Crow-Armstrong, Pete",691718,701542,strikeout,called_strike,,,,,7.0,Pete Crow-Armstrong called out on strikes.,R,L,R,CHC,NYY,S,2.0,,3,2,2026,-0.5,1.35,-0.33553102560334,1.7533046307488724,,665804.0,,2,3,Bot,,,,,,,9.10701082363932,-137.39840213096753,-6.677274954468362,-8.283994196385619,28.218295242935913,-13.750496994362134,3.202452428,1.616190945,,,,95.7,2558.0,6.8,824651,645305,502671,676609,642708,683011,682987,663757,691176,53.66,,0.0,0.0,1.0,0.0,0.0,,19,6,4-Seam Fastball,0,0,0,0,0,0,0,0,Standard,Standard,226.0,-0.04,-0.274,,,,,0.274,,0,0,0.54,0.54,27,24,27,24,2,1,5.0,1.0,5.0,1,1.19,0.5,-0.5,28.9,,,,,,0,0,0,1,0,1,home
CU,2026-07-31,82.8,-3.43,5.66,"Crow-Armstrong, Pete",691718,701542,field_out,hit_into_play,,,,,4.0,"Pete Crow-Armstrong grounds out, shortstop Anthony Volpe to first baseman Paul Goldschmidt.",R,L,R,CHC,NYY,X,6.0,ground_ball,3,2,2026,0.96,-0.91,-0.6858843367684383,2.47852573194135,,,,0,1,Bot,128.26,141.73,,,,,4.297559256296877,-120.64353169897336,1.2086666581469871,8.662110098211427,21.79536428308261,-41.57142780737776,3.202452428,1.616190945,54.0,98.9,1.0,83.7,2860.0,6.7,824651,645305,502671,676609,642708,683011,682987,663757,691176,53.85,0.477,0.46,0.0,1.0,0.0,0.0,4.0,4,6,Curveball,0,0,0,0,0,0,0,0,Infield shade,Standard,57.0,-0.027,-0.346,73.1,6.8,,0.568,0.346,98.9,0,0,0.553,0.553,27,24,27,24,1,0,5.0,1.0,5.0,1,4.21,-0.96,0.96,34.9,3.668461863372688,9.233634956185607,31.1587459353803,43.872300150307595,29.90773043659892,0,0,0,0,0,1,home
FS,2026-07-31,91.7,-1.81,5.97,"Crow-Armstrong, Pete",691718,670280,field_out,hit_into_play,,,,,13.0,Pete Crow-Armstrong flies out to left fielder Spencer Jones.,R,L,R,CHC,NYY,X,7.0,fly_ball,1,1,2026,-0.81,0.31,-0.3629044050100208,1.0743815221836832,,,,0,9,Bot,75.16,98.7,,,,,5.419208177627621,-133.344326751023,-7.0174454597718805,-10.8139564656872,26.315283578370135,-27.203378261734365,3.202452428,1.616190945,279.0,86.5,46.0,92.4,1717.0,6.6,824651,669224,502671,676609,641857,683011,682987,663757,691176,53.92,0.006,0.007,0.0,1.0,0.0,0.0,3.0,60,3,Split-Finger,0,2,0,2,2,0,0,2,Standard,Standard,216.0,-0.046,-0.247,75.5,8.0,,0.011,0.247,88.0,-2,-2,0.093,0.093,31,24,32,24,1,3,3.0,1.0,2.0,1,2.38,0.81,-0.81,39.6,12.561676581164186,2.9028474430928917,40.338364869567634,40.239967409566965,39.40424354156434,0,0,0,0,0,1,home
SI,2026-08-01,94.3,1.26,5.74,"Crow-Armstrong, Pete",691718,608331,walk,ball,,,,,13.0,Pete Crow-Armstrong walks.,R,L,L,CHC,NYY,B,,,3,2,2026,0.52,0.3,-0.7010102920082484,1.039452117984687,,,,0,1,Bot,,,,,,,-6.224678677419444,-137.19274207073127,-7.025130314919781,7.784920455576437,26.70829740332354,-27.13855601002148,3.202452428,1.616190945,,,,95.2,1809.0,6.5,824649,645305,502671,665862,676609,683011,680474,682987,691176,53.95,,0.698334,0.7,1.0,0.0,0.0,,4,8,Sinker,0,0,0,0,0,0,0,0,Infield shade,Standard,139.0,0.03,0.361,,,,,-0.361,,0,0,0.553,0.553,32,24,32,24,1,0,5.0,1.0,6.0,1,2.24,0.52,0.52,44.8,,,,,,0,0,1,0,0,0,home
ST,2026-08-01,82.1,1.61,5.55,"Crow-Armstrong, Pete",691718,608331,field_out,hit_into_play,,,,,5.0,Pete Crow-Armstrong flies out to right fielder Jasson Domínguez.,R,L,L,CHC,NYY,X,9.0,fly_ball,0,1,2026,-0.86,0.18,0.033418120848665,2.2111187549497533,,,,2,3,Bot,170.49,81.61,,,,,-1.8379074603520729,-119.71026259930498,-1.3110264459404035,-8.119184425724384,18.790456660048044,-30.384690547675937,3.202452428,1.616190945,311.0,96.4,40.0,82.9,2664.0,6.3,824649,645305,502671,665862,676609,683011,680474,682987,691176,54.21,0.066,0.124,0.0,1.0,0.0,0.0,3.0,20,2,Sweeper,1,0,1,0,0,1,1,0,Standard,Standard,301.0,-0.009,-0.216,83.5,7.9,,0.234,0.216,96.4,1,1,0.632,0.632,32,24,32,24,2,1,5.0,1.0,6.0,1,3.14,-0.86,-0.86,38.7,16.899957355591134,-12.956205184605295,34.188149110268114,33.37890113160948,42.14835631170688,0,0,0,0,0,1,home
FC,2026-08-01,94.2,0.84,5.97,"Crow-Armstrong, Pete",691718,608331,strikeout,called_strike,,,,,1.0,Pete Crow-Armstrong called out on strikes.,R,L,L,CHC,NYY,S,2.0,,2,2,2026,-0.33,0.34,-0.5435878982709665,3.282310813266638,,,,0,6,Bot,,,,,,,-2.818253393188126,-137.26998079688212,-1.921365016721086,-3.666055491145221,26.69748619304871,-27.71049235224163,3.202452428,1.616190945,,,,95.0,2401.0,6.4,824649,645305,502671,665862,676609,683011,680474,682987,691176,54.07,,0.0,0.0,1.0,0.0,0.0,,42,5,Cutter,1,1,1,1,1,1,1,1,Infield shade,Standard,170.0,-0.029,-0.232,,,,,0.232,,0,0,0.571,0.571,32,24,32,24,3,2,5.0,1.0,6.0,1,2.2,-0.33,-0.33,47.2,,,,,,0,0,0,1,0,1,home
SL,2026-08-01,84.1,1.8,6.34,"Crow-Armstrong, Pete",691718,687396,triple,hit_into_play,,,,,7.0,Pete Crow-Armstrong triples (7) on a line drive to right fielder Jasson Domínguez. Pedro Ramírez scores.,R,L,L,CHC,NYY,X,9.0,line_drive,2,2,2026,0.09,0.32,-0.5855474913942911,1.8696512406979071,,,699393.0,2,7,Bot,217.0,99.0,,,,,-5.704062590213207,-122.41403248839134,-4.410837623300342,1.9883739568156384,24.23462221163977,-28.295867716047734,3.202452428,1.616190945,232.0,85.4,20.0,85.1,1981.0,6.9,824649,645305,502671,665862,676609,683011,682987,663757,691176,53.57,0.651,0.609,1.6,1.0,1.0,2.0,4.0,57,5,Slider,2,2,2,2,2,3,3,2,Infield shade,Standard,183.0,0.247,1.405,76.5,8.2,,0.756,-1.405,88.0,0,0,0.535,0.535,28,24,29,24,1,3,2.0,1.0,1.0,1,2.9,0.09,0.09,39.7,21.235414427111376,-15.73121923170114,30.90639746551741,40.6542392095334,47.58984907178348,1,0,0,0,0,1,home
SL,2026-08-02,91.3,-2.12,5.87,"Crow-Armstrong, Pete",691718,543037,walk,ball,,,,,13.0,"Pete Crow-Armstrong challenged (pitch result), call on the field was overturned: Pete Crow-Armstrong walks.",R,L,R,CHC,NYY,B,,,3,2,2026,0.11,0.36,-0.6565339850934852,1.434000315935012,,,,0,1,Bot,,,,,,,3.3743063595133247,-132.92643913087443,-5.819228737907959,0.6318420230854205,28.74918211170957,-26.811496384851303,3.202452428,1.616190945,,,,91.2,2400.0,6.2,824648,669224,700250,665862,641857,676609,682987,663757,691176,54.28,,0.698334,0.7,1.0,0.0,0.0,,4,10,Slider,0,0,0,0,0,0,0,0,Infield shade,Standard,171.0,0.03,0.361,,,,,-0.361,,0,0,0.553,0.553,35,24,36,24,1,0,5.0,1.0,6.0,1,2.37,-0.11,0.11,37.1,,,,,,0,0,1,0,0,0,home
CH,2026-08-02,83.7,-2.07,5.61,"Crow-Armstrong, Pete",691718,543037,field_out,hit_into_play,,,,,8.0,Pete Crow-Armstrong flies out to right fielder Jasson Domínguez.,R,L,R,CHC,NYY,X,9.0,fly_ball,1,1,2026,-1.42,0.88,0.1558432715665481,1.6133832672660915,,,,2,3,Bot,189.43,110.48,,,,,7.929205880369049,-121.52915373355458,-4.300478273024088,-15.626684233622854,24.26668553025804,-22.817759934840296,3.202452428,1.616190945,268.0,74.8,39.0,83.8,1830.0,6.6,824648,669224,700250,665862,641857,676609,682987,663757,691176,53.95,0.174,0.18,0.0,1.0,0.0,0.0,3.0,22,3,Changeup,0,2,0,2,2,0,0,2,Standard,Standard,239.0,-0.01,-0.245,76.1,8.5,,0.239,0.245,88.0,-2,-2,0.281,0.281,35,24,36,24,2,1,5.0,1.0,6.0,1,2.4,1.42,-1.42,37.4,34.2488911335222,-32.805370396077706,36.2443725470915,34.58103214613798,59.3147114467376,0,0,0,0,0,1,home
FF,2026-08-02,97.6,-2.04,5.77,"Crow-Armstrong, Pete",691718,543037,walk,ball,,,,,14.0,Pete Crow-Armstrong walks.,R,L,R,CHC,NYY,B,,,3,2,2026,-1.21,1.44,0.033908592514845,1.0382064585459032,,,,0,6,Bot,,,,,,,8.335493842012191,-141.60304930232817,-10.342771567070368,-18.11528941720692,31.78070788069761,-10.523827724178958,3.202452428,1.616190945,,,,97.8,2166.0,6.5,824648,669224,700250,665862,641857,676609,682987,663757,691176,53.99,,0.698334,0.7,1.0,0.0,0.0,,41,7,4-Seam Fastball,1,2,1,2,2,1,1,2,Infield shade,Standard,216.0,0.054,0.361,,,,,-0.361,,-1,-1,0.406,0.406,35,24,36,24,3,2,5.0,1.0,6.0,1,0.96,1.21,-1.21,38.9,,,,,,0,0,1,0,0,0,home
CU,2026-08-02,81.5,-1.76,6.04,"Crow-Armstrong, Pete",691718,621112,walk,blocked_ball,,,,,14.0,Pete Crow-Armstrong walks.,R,L,R,CHC,NYY,B,,,3,2,2026,0.49,-1.36,0.700771506936423,0.3792207362440347,,,,0,8,Bot,,,,,,,4.515232494882127,-118.69445514634072,-3.237988047625706,3.832501116687972,21.80848548830266,-44.64616495873101,3.202452428,1.616190945,,,,81.8,2696.0,6.4,824648,645305,700250,665862,641857,676609,682987,663757,691176,54.14,,0.698334,0.7,1.0,0.0,0.0,,59,8,Curveball,1,2,1,2,2,1,1,2,Infield shade,Standard,23.0,0.083,0.361,,,,,-0.361,,-1,-1,0.323,0.323,32,24,33,24,1,3,2.0,1.0,3.0,1,4.77,-0.49,0.49,46.6,,,,,,0,0,1,0,0,0,home
FF,2026-08-03,96.8,2.15,5.6,"Crow-Armstrong, Pete",691718,680736,strikeout,swinging_strike,,,,,4.0,Pete Crow-Armstrong strikes out swinging.,R,L,L,CHC,LAD,S,2.0,,0,2,2026,0.58,1.42,-0.3813213339016967,2.5328048926763325,,,,2,2,Bot,,,,,,,-7.90826377862491,-140.76438538099646,-5.642980901824352,9.490892325271242,31.819807379358885,-12.229803417830746,3.202452428,1.616190945,,,,95.7,2447.0,5.7,824647,672613,518692,669242,571771,605141,606192,681624,663656,54.83,,0.0,0.0,1.0,0.0,0.0,,21,3,4-Seam Fastball,4,3,4,3,3,4,4,3,Infield shade,Standard,139.0,-0.005,-0.154,71.4,6.0,1.3020264,,0.154,,1,1,0.617,0.617,25,24,26,24,2,1,6.0,1.0,6.0,1,1.02,0.58,0.58,37.3,-7.873019328205498,32.12493737398473,37.13119272972055,39.95453375816754,17.323289423080077,0,0,0,1,0,1,home
SL,2026-08-03,86.5,2.64,5.42,"Crow-Armstrong, Pete",691718,680736,field_out,hit_into_play,,,,,7.0,Pete Crow-Armstrong flies out to center fielder Andy Pages.,R,L,L,CHC,LAD,X,8.0,fly_ball,2,2,2026,0.07,0.37,-0.5119175468967097,1.8435533268103907,,,682634.0,0,4,Bot,122.36,52.02,,,,,-7.447389316311347,-125.79777641434605,-2.7975536741030105,2.3243411250958115,27.34302279045427,-27.85524455768928,3.202452428,1.616190945,364.0,96.4,27.0,85.1,2251.0,5.6,824647,672613,518692,669242,571771,605141,606192,681624,663656,54.91,0.28,0.451,0.0,1.0,0.0,0.0,5.0,39,6,Slider,6,4,6,4,4,6,6,4,Infield shade,Standard,177.0,-0.019,-0.219,70.5,7.7,,0.793,0.219,96.4,2,2,0.806,0.806,25,24,26,24,3,2,6.0,1.0,6.0,1,2.7,0.07,0.07,32.4,5.624285148616041,-6.300393038463588,32.87699206859467,41.272953564049374,38.76573849605695,0,0,0,0,0,1,home
FF,2026-08-03,101.3,-1.91,5.92,"Crow-Armstrong, Pete",691718,683618,walk,ball,,,,,14.0,Pete Crow-Armstrong walks. Ian Happ to 2nd.,R,L,R,CHC,LAD,B,,,3,2,2026,-0.61,1.41,0.515493218534929,1.3080193861298055,,,664023.0,1,6,Bot,,,,,,,8.193593446464709,-146.883803231355,-10.734981835046028,-10.819379091261592,36.58907737760557,-9.28422773940616,3.202452428,1.616190945,,,,101.5,2727.0,6.7,824647,672613,518692,669242,571771,605141,606192,681624,663656,53.81,,0.698334,0.7,1.0,0.0,0.0,,55,6,4-Seam Fastball,7,5,7,5,5,7,7,5,Infield shade,Standard,213.0,0.017,0.264,,,,,-0.264,,2,2,0.849,0.849,24,24,24,24,1,3,3.0,1.0,2.0,1,0.84,0.61,-0.61,36.4,,,,,,0,0,1,0,0,0,home
FF,2026-08-03,96.6,-1.91,5.62,"Crow-Armstrong, Pete",691718,642546,field_out,hit_into_play,,,,,5.0,Pete Crow-Armstrong flies out sharply to right fielder Kyle Tucker.,R,L,R,CHC,LAD,X,9.0,fly_ball,2,2,2026,-0.78,1.08,-0.1691108903488341,2.2941361944212537,,621020.0,,2,7,Bot,166.45,104.27,,,,,6.409009409750922,-140.4370223597677,-5.582539334156938,-11.778388213299824,32.688314630896045,-16.840895970303063,3.202452428,1.616190945,257.0,100.0,54.0,96.8,2321.0,6.5,824647,672613,518692,669242,571771,605141,606192,681624,663656,54.0,0.009,0.009,0.0,1.0,0.0,0.0,3.0,67,7,4-Seam Fastball,10,5,10,5,5,10,10,5,Standard,Standard,232.0,-0.003,-0.223,78.9,8.1,,0.015,0.223,100.0,5,5,0.985,0.985,29,24,30,24,1,4,35.0,1.0,2.0,1,1.38,0.78,-0.78,31.7,22.85497734973749,-13.76878172068027,32.341785596925554,36.98382874171574,42.77625930540776,0,0,0,0,0,1,home
ST,2026-08-03,85.9,2.43,5.5,"Crow-Armstrong, Pete",691718,680736,single,hit_into_play,,,,,4.0,Pete Crow-Armstrong singles on a sharp line drive to right fielder Kyle Tucker.,R,L,L,CHC,LAD,X,9.0,line_drive,2,2,2026,-1.14,-0.22,-0.49363100921603,2.237041611858818,,,,0,1,Bot,178.17,82.25,,,,,-4.416707025852411,-125.04674439348427,-0.8035327083459939,-10.983410656025333,26.15650232711937,-34.50360339562459,3.202452428,1.616190945,271.0,107.6,13.0,84.4,2739.0,5.4,824647,672613,518692,669242,571771,605141,606192,681624,663656,55.14,0.831,0.842,0.9,1.0,1.0,0.0,5.0,8,5,Sweeper,0,3,0,3,3,0,0,3,Infield shade,Standard,308.0,0.039,0.472,71.0,7.0,,1.158,-0.472,107.6,-3,-3,0.264,0.264,25,24,26,24,1,0,6.0,1.0,6.0,1,3.31,-1.14,-1.14,36.0,0.1419800818492509,-8.273768983006402,35.961156723139986,38.1540387339052,36.44968677008555,1,0,0,0,0,1,home
FF,2026-08-04,99.3,1.49,6.31,"Crow-Armstrong, Pete",691718,669373,strikeout,swinging_strike,,,,,2.0,Pete Crow-Armstrong strikes out swinging.,R,L,L,CHC,LAD,S,2.0,,1,2,2026,0.17,1.33,0.0710941049117686,3.0121497862212596,,,,0,6,Bot,,,,,,,-4.2335840752871965,-144.4222061793036,-6.5965271723864385,3.357733369688221,33.69559561029953,-12.155231289547414,3.202452428,1.616190945,,,,99.4,2419.0,6.4,824645,666163,518692,669242,571970,605141,606192,681624,663656,54.12,,0.0,0.0,1.0,0.0,0.0,,41,4,4-Seam Fastball,1,1,1,1,1,1,1,1,Standard,Standard,156.0,-0.024,-0.186,74.0,7.6,0.563892468,,0.186,,0,0,0.566,0.566,29,24,30,24,3,2,6.0,1.0,6.0,1,0.98,0.17,0.17,48.4,18.264353602598565,-4.926257852917132,29.222310737453856,36.07650000715082,31.707990226609443,0,0,0,1,0,1,home
SI,2026-08-04,98.0,1.49,6.23,"Crow-Armstrong, Pete",691718,669373,single,hit_into_play,,,,,3.0,Pete Crow-Armstrong singles on a line drive to right fielder Kyle Tucker.,R,L,L,CHC,LAD,X,9.0,line_drive,2,1,2026,1.11,0.93,0.5778555479063776,3.06568011634613,,,,2,3,Bot,191.13,126.14,,,,,-5.0314709826857715,-142.57934053390758,-5.04769380870026,16.302590470744967,32.5361499313697,-18.485442396559822,3.202452428,1.616190945,165.0,73.3,16.0,98.1,2241.0,6.4,824645,666163,518692,669242,571970,605141,606192,681624,663656,54.15,0.637,0.573,0.9,1.0,1.0,0.0,4.0,20,4,Sinker,1,1,1,1,1,1,1,1,Standard,Standard,164.0,0.013,0.29,75.5,6.9,,0.65,-0.29,88.0,0,0,0.513,0.513,29,24,30,24,2,1,6.0,1.0,6.0,1,1.44,1.11,1.11,49.0,14.551738242027522,-2.7510327132542196,24.411874936080626,29.22635124974379,33.24131230453905,1,0,0,0,0,1,home
FF,2026-08-04,94.1,0.2,5.87,"Crow-Armstrong, Pete",691718,681911,single,hit_into_play,,,,,13.0,Pete Crow-Armstrong singles on a line drive to right fielder Kyle Tucker. Dansby Swanson scores.,R,L,L,CHC,LAD,X,9.0,line_drive,1,0,2026,0.39,1.59,-0.2574501080891113,1.2963732650747335,,621020.0,,2,7,Bot,166.96,77.6,,,,,-2.0539217682865467,-136.75158269493323,-9.49735064769027,5.32842889940614,30.803403753139104,-10.2671909558489,3.202452428,1.616190945,236.0,93.0,14.0,94.3,2668.0,6.5,824645,666163,518692,669242,571970,605141,606192,681624,663656,53.99,0.969,0.904,0.9,1.0,1.0,0.0,4.0,53,2,4-Seam Fastball,2,1,2,1,1,3,3,1,Standard,Standard,168.0,0.096,0.659,79.4,8.3,,1.094,-0.659,93.0,1,1,0.778,0.778,30,24,30,24,1,3,3.0,1.0,4.0,1,0.99,0.39,0.39,70.8,16.955239407104578,-1.2605376521634857,40.48458035355159,37.85668662153336,39.157256462129624,1,0,0,0,0,1,home
SI,2026-08-04,99.1,1.44,6.32,"Crow-Armstrong, Pete",691718,669373,strikeout,called_strike,,,,,7.0,Pete Crow-Armstrong called out on strikes.,R,L,L,CHC,LAD,S,2.0,,2,2,2026,1.04,0.87,-0.2785255071026473,1.817701354077812,,,,0,1,Bot,,,,,,,-7.119598492741111,-144.03559952727664,-8.74927476089081,16.129326714280996,30.325461477644343,-18.25412870636472,3.202452428,1.616190945,,,,99.7,2241.0,6.5,824645,666163,518692,669242,571970,605141,606192,681624,663656,54.04,,0.0,0.0,1.0,0.0,0.0,,4,6,Sinker,0,0,0,0,0,0,0,0,Infield shade,Standard,158.0,-0.019,-0.232,,,,,0.232,,0,0,0.545,0.545,29,24,30,24,1,0,6.0,1.0,6.0,1,1.44,1.04,1.04,49.8,,,,,,0,0,0,1,0,1,home
FF,2026-08-05,91.6,1.61,6.07,"Crow-Armstrong, Pete",691718,641778,home_run,hit_into_play,,,,,5.0,Pete Crow-Armstrong homers (26) on a fly ball to right field. Tyrone Taylor scores.,R,L,L,CHC,LAD,X,,fly_ball,1,1,2026,0.78,1.19,-0.1006450261524818,2.461215364370613,,,621438.0,2,4,Bot,228.96,70.12,,,,,-5.9304243592872625,-133.33759925069455,-5.64514201988487,10.558942609051174,26.7593966920392,-16.976884942195543,3.202452428,1.616190945,405.0,104.4,37.0,91.3,2222.0,6.0,824646,676439,518692,500743,571970,605141,669242,681624,663656,54.54,0.526,1.034,2.0,1.0,0.0,3.0,6.0,37,3,4-Seam Fastball,3,1,3,1,1,5,5,1,Standard,Standard,133.0,0.134,2.234,81.2,8.0,,2.02,-2.234,104.4,2,2,0.766,0.766,31,24,31,24,3,2,7.0,1.0,7.0,1,1.51,0.78,0.78,35.6,24.832285906441445,-14.69854961519345,32.07549577299206,36.17268331078159,43.49921335531514,1,1,0,0,0,1,home
SL,2026-08-05,84.3,1.73,6.06,"Crow-Armstrong, Pete",691718,641778,double,hit_into_play,,,,,5.0,Pete Crow-Armstrong doubles (22) on a fly ball to right fielder Kyle Tucker. Dansby Swanson scores.,R,L,L,CHC,LAD,X,9.0,fly_ball,1,2,2026,-0.39,0.22,0.0362255573692338,2.661182456714766,621020.0,,,2,2,Bot,218.48,88.77,,,,,-3.041855350848815,-122.69588616968736,-1.6683505355033033,-3.272800968562855,27.35289201511748,-29.886595065704483,3.202452428,1.616190945,353.0,97.7,25.0,82.9,2420.0,5.6,824646,676439,518692,500743,571970,605141,669242,681624,663656,54.88,0.397,0.578,1.25,1.0,1.0,1.0,5.0,19,4,Slider,2,1,2,1,1,3,3,1,Standard,Standard,277.0,0.1,0.847,76.4,7.4,,0.992,-0.847,97.7,1,1,0.636,0.636,31,24,31,24,2,1,7.0,1.0,7.0,1,3.02,-0.39,-0.39,41.9,16.321805859003234,-11.401416432856458,29.64942031154256,34.005593274914496,39.3610409760249,1,0,0,0,0,1,home
FF,2026-08-05,101.5,-1.84,5.98,"Crow-Armstrong, Pete",691718,683618,strikeout,swinging_strike,,,,,12.0,Pete Crow-Armstrong strikes out swinging.,R,L,R,CHC,LAD,S,2.0,,0,2,2026,-0.45,1.22,0.1746481124850679,3.6492038901211106,,663538.0,621438.0,2,5,Bot,,,,,,,6.681820959111654,-147.72572005339492,-4.052434127604481,-8.188121719363767,35.08207146758146,-13.550018634562692,3.202452428,1.616190945,,,,101.9,2712.0,6.5,824646,676439,571771,500743,571970,605141,669242,681624,663656,53.99,,0.0,0.0,1.0,0.0,0.0,,51,3,4-Seam Fastball,6,1,6,1,1,6,6,1,Standard,Standard,211.0,-0.004,-0.194,74.8,6.6,0.732128508,,0.194,,5,5,0.956,0.956,24,24,24,24,1,3,2.0,1.0,2.0,1,0.99,0.45,-0.45,37.7,15.163142847931494,7.0794409143465415,21.31614192343566,34.42907864128652,30.97672324568373,0,0,0,1,0,1,home
FF,2026-08-05,90.2,1.72,6.06,"Crow-Armstrong, Pete",691718,641778,home_run,hit_into_play,,,,,4.0,Pete Crow-Armstrong homers (25) on a fly ball to center field.,R,L,L,CHC,LAD,X,,fly_ball,0,0,2026,0.88,1.3,-0.3442902061952363,2.3076268356560616,,,,0,1,Bot,157.41,32.01,,,,,-6.907474044589736,-131.20846637305164,-5.947737152877433,11.59257764855907,26.036803997334967,-16.023082374405398,3.202452428,1.616190945,420.0,101.5,27.0,89.6,2124.0,5.8,824646,676439,518692,500743,571970,605141,669242,681624,663656,54.71,0.651,1.179,2.0,1.0,0.0,3.0,6.0,5,1,4-Seam Fastball,0,1,0,1,1,1,1,1,Standard,Standard,138.0,0.1,1.114,74.8,7.7,,2.224,-1.114,101.5,-1,-1,0.448,0.448,31,24,31,24,1,0,7.0,1.0,7.0,1,1.49,0.88,0.88,35.9,11.258881231401569,-7.573031903554573,36.24785973747435,38.0747324421991,35.24763544992749,1,1,0,0,0,1,home
FF,2026-08-05,98.6,-1.9,5.72,"Crow-Armstrong, Pete",691718,642546,field_out,hit_into_play,,,,,6.0,Pete Crow-Armstrong pops out to third baseman Max Muncy.,R,L,R,CHC,LAD,X,5.0,popup,0,0,2026,-0.81,1.11,0.3549538149939306,2.4297752812867093,,663538.0,621020.0,2,7,Bot,121.69,173.0,,,,,7.9831456350481025,-143.20493746057713,-5.863106189134587,-13.071083207191554,36.04848856112342,-15.746262011785904,3.202452428,1.616190945,75.0,80.0,76.0,98.5,2342.0,6.6,824646,676439,571771,500743,571970,605141,669242,669743,663656,53.94,0.009,0.011,0.0,1.0,0.0,0.0,3.0,67,1,4-Seam Fastball,7,1,7,1,1,7,7,1,Standard,Standard,231.0,-0.001,-0.284,76.8,7.7,,0.013,0.284,88.0,6,6,0.993,0.993,29,24,30,24,1,4,2.0,1.0,4.0,1,1.26,0.81,-0.81,31.2,14.922890054894053,-7.761081060482764,33.816332335448145,30.978894192804965,37.166183665193785,0,0,0,0,0,1,home
SL,2026-08-06,88.4,-2.08,5.98,"Crow-Armstrong, Pete",691718,656302,strikeout,called_strike,,,,,7.0,Pete Crow-Armstrong called out on strikes.,R,L,R,CHC,TOR,S,2.0,,2,2,2026,0.37,0.28,-0.5315643329466513,1.6410837927536064,,665804.0,,0,6,Bot,,,,,,,2.932849042094527,-128.8513539609333,-4.9824091970741815,3.721254148615567,21.560453707457977,-28.378367524944828,3.202452428,1.616190945,,,,89.1,2682.0,6.2,824664,672386,672960,676391,669701,665926,676914,664702,664770,54.28,,0.0,0.0,1.0,0.0,0.0,,45,5,Slider,0,1,0,1,1,0,0,1,Standard,Standard,137.0,-0.061,-0.283,,,,,0.283,,-1,-1,0.493,0.493,30,24,31,24,3,2,6.0,1.0,5.0,1,2.58,-0.37,0.37,45.0,,,,,,0,0,0,1,0,1,home
CH,2026-08-06,76.8,-1.5,6.2,"Crow-Armstrong, Pete",691718,656302,strikeout,called_strike,,,,,6.0,Pete Crow-Armstrong called out on strikes.,R,L,R,CHC,TOR,S,2.0,,1,2,2026,-0.4,1.38,0.3589633324392108,2.1256909714234236,,,665804.0,2,3,Bot,,,,,,,4.649737797202941,-111.90865120084143,-4.066517626466927,-4.081299325330739,17.532807920348787,-20.03937595225343,3.202452428,1.616190945,,,,77.8,1724.0,6.7,824664,672386,672960,649966,676391,665926,676914,664702,664770,53.85,,0.0,0.0,1.0,0.0,0.0,,24,4,Changeup,0,1,0,1,1,0,0,1,Infield shade,Standard,181.0,-0.019,-0.195,,,,,0.195,,-1,-1,0.396,0.396,30,24,31,24,2,1,6.0,1.0,5.0,1,2.44,0.4,-0.4,63.2,,,,,,0,0,0,1,0,1,home
KC,2026-08-06,86.4,1.36,6.17,"Crow-Armstrong, Pete",691718,663893,single,hit_into_play,,,,,13.0,"Pete Crow-Armstrong singles on a ground ball to center fielder Myles Straw. Carson Kelly out at home on the throw, center fielder Myles Straw to catcher Brandon Valenzuela. Pete Crow-Armstrong to 2nd.",R,L,L,CHC,TOR,X,8.0,ground_ball,2,2,2026,-0.48,-0.85,-0.5423841369626758,1.4386369042552565,,608348.0,,0,11,Bot,150.08,93.79,,,,,-3.4579753340137507,-125.8230448123288,-3.068652925335112,-4.494392325694804,24.431694477403237,-40.83231967169776,3.202452428,1.616190945,116.0,99.5,5.0,86.1,1980.0,6.0,824664,678218,672960,676391,669701,665926,660821,664702,664770,54.52,0.597,0.551,0.9,1.0,1.0,0.0,4.0,83,7,Knuckle Curve,2,2,2,2,2,2,2,2,Standard,Standard,337.0,-0.087,0.539,71.2,7.7,,0.659,-0.539,99.5,0,0,0.79,0.79,29,24,30,24,1,4,2.0,1.0,1.0,1,3.89,-0.48,-0.48,46.3,14.70283957174309,8.814142106950321,37.203788908444345,39.56684853985424,33.629565723697496,1,0,0,0,0,1,home
KC,2026-08-06,87.4,-3.22,5.55,"Crow-Armstrong, Pete",691718,686973,single,hit_into_play,,,,,7.0,Pete Crow-Armstrong singles on a sharp line drive to center fielder Myles Straw.,R,L,R,CHC,TOR,X,8.0,line_drive,0,2,2026,0.57,-0.03,-0.442655449514496,1.7096231197260685,,,,0,9,Bot,157.05,66.41,,,,,5.444560015403981,-127.30491993867048,-2.8668752037563214,5.167032025567597,24.53255057680666,-32.186072457847885,3.202452428,1.616190945,320.0,108.4,17.0,88.0,2643.0,6.5,824664,672386,672960,676391,669701,665926,660821,664702,664770,54.0,0.62,0.758,0.9,1.0,1.0,0.0,6.0,67,3,Knuckle Curve,0,2,0,2,2,0,0,2,Infield shade,Standard,52.0,0.116,0.54,75.8,7.3,,1.186,-0.54,108.4,-2,-2,0.076,0.076,28,24,29,24,1,3,1.0,1.0,2.0,1,3.0,-0.57,0.57,39.8,11.142309547088583,5.592021897340133,37.27885059493443,39.778923126451794,37.07576050229906,1,0,0,0,0,1,home
SL,2026-08-06,85.7,-2.0,6.03,"Crow-Armstrong, Pete",691718,656302,field_out,hit_into_play,,,,,8.0,Pete Crow-Armstrong flies out to right fielder Nathan Lukes.,R,L,R,CHC,TOR,X,9.0,fly_ball,1,2,2026,0.1,0.18,-0.0259234979519871,1.643288003329611,,,,0,1,Bot,174.65,110.0,,,,,4.397206547430469,-124.907945201984,-4.3198145133288035,0.2852390427959562,21.686488419890143,-29.71526793572316,3.202452428,1.616190945,252.0,93.2,51.0,86.2,2689.0,6.2,824664,672386,672960,649966,676391,665926,676914,664702,664770,54.3,0.009,0.013,0.0,1.0,0.0,0.0,3.0,6,4,Slider,0,1,0,1,1,0,0,1,Standard,Standard,112.0,-0.017,-0.186,73.4,8.4,,0.02,0.186,93.2,-1,-1,0.441,0.441,30,24,31,24,1,0,6.0,1.0,5.0,1,2.88,-0.1,0.1,48.8,25.26103408909131,-19.759530707503885,36.432380344446834,35.518816262898625,45.64148108731602,0,0,0,0,0,1,home
SL,2026-08-07,86.7,1.85,6.02,"Crow-Armstrong, Pete",691718,663738,single,hit_into_play,,,,,13.0,Pete Crow-Armstrong singles on a ground ball to second baseman Michael Massey. Carson Kelly scores. Pedro Ramírez scores. Dansby Swanson to 3rd. Throwing error by second baseman Michael Massey.,R,L,L,KC,CHC,X,4.0,ground_ball,0,0,2026,-0.34,0.17,-0.9005343391090324,1.7458628683366957,608348.0,699393.0,621020.0,2,2,Top,167.72,151.07,,,,,-5.785575000596662,-126.18749299376935,-4.144387822443614,-2.4760179894702774,25.467546659752863,-29.734315093881143,3.202452428,1.616190945,16.0,86.2,-6.0,87.0,2339.0,6.4,824081,695600,695506,686681,679845,677951,686555,686475,516782,54.08,0.172,0.155,0.9,1.0,1.0,0.0,2.0,16,1,Slider,1,0,0,1,2,1,2,1,Infield shade,Standard,283.0,-0.178,0.54,71.5,8.0,,0.201,-0.54,88.0,1,-1,0.575,0.425,29,24,30,24,2,1,3.0,1.0,5.0,1,2.86,-0.34,-0.34,43.0,14.286509934851471,-6.036805096664627,34.2403799848991,41.48066719070758,38.91096664974491,1,0,0,0,0,1,away
CH,2026-08-07,85.2,-2.29,4.84,"Crow-Armstrong, Pete",691718,696131,field_out,hit_into_play,,,,,13.0,Pete Crow-Armstrong lines out to second baseman Michael Massey.,R,L,R,KC,CHC,X,4.0,line_drive,0,1,2026,-0.96,0.4,-1.0136163205273672,2.360532611531343,,,,2,8,Top,147.25,143.26,,,,,4.992322354931368,-124.04311154335431,-0.1268187562391924,-10.875281172133606,25.518502684426927,-28.21066689793181,3.202452428,1.616190945,154.0,98.2,10.0,86.2,1306.0,7.0,824081,695600,695506,686681,679845,677951,686555,686475,516782,53.52,0.74,0.721,0.0,1.0,0.0,0.0,4.0,63,2,Changeup,2,6,6,2,6,2,6,2,Standard,Standard,252.0,0.002,-0.216,74.9,7.8,,0.895,0.216,98.2,-4,4,0.042,0.958,26,24,27,24,3,4,50.0,1.0,5.0,1,2.74,0.96,-0.96,23.0,20.073575267596382,-2.0687968439866387,29.877886943729987,44.88015970456722,39.06666796301646,0,0,0,0,0,1,away
FF,2026-08-07,94.5,-1.95,5.24,"Crow-Armstrong, Pete",691718,696131,walk,ball,,,,,11.0,Pete Crow-Armstrong walks.,R,L,R,KC,CHC,B,,,3,0,2026,-0.92,1.32,-0.2162349988947782,3.658993644833629,,,,2,4,Top,,,,,,,6.559141561955438,-137.49713754559437,-1.2697755017468877,-13.116198271628123,30.22748207160616,-15.403283381530311,3.202452428,1.616190945,,,,94.9,2048.0,6.5,824081,695600,695506,686681,679845,677951,686555,686475,516782,53.97,,0.698334,0.7,1.0,0.0,0.0,,32,4,4-Seam Fastball,1,4,4,1,4,1,4,1,Standard,Standard,223.0,-0.003,0.128,,,,,-0.128,,-3,3,0.205,0.795,26,24,27,24,1,2,50.0,1.0,5.0,1,1.24,0.92,-0.92,29.7,,,,,,0,0,1,0,0,0,away
FF,2026-08-07,93.1,-2.28,5.07,"Crow-Armstrong, Pete",691718,696131,walk,ball,,,,,12.0,Pete Crow-Armstrong walks.,R,L,R,KC,CHC,B,,,3,0,2026,-1.15,1.02,0.5137068224194943,3.415875553747007,,,,0,7,Top,,,,,,,9.676703820272984,-135.33830132226038,-0.5984158534143568,-16.17681270497036,29.095309890866417,-19.729870373841067,3.202452428,1.616190945,,,,93.6,2043.0,6.6,824081,695600,695506,686681,679845,677951,686555,686475,516782,53.88,,0.698334,0.7,1.0,0.0,0.0,,51,4,4-Seam Fastball,2,4,4,2,4,2,4,2,Standard,Standard,227.0,-0.009,0.173,,,,,-0.173,,-2,2,0.171,0.829,26,24,27,24,2,3,50.0,1.0,5.0,1,1.61,1.15,-1.15,26.7,,,,,,0,0,1,0,0,0,away
SL,2026-08-07,88.7,1.7,6.01,"Crow-Armstrong, Pete",691718,663738,strikeout,swinging_strike,,,,,14.0,Pete Crow-Armstrong strikes out swinging.,R,L,L,KC,CHC,S,2.0,,1,2,2026,-0.23,0.3,0.0950328752807035,1.464139553400384,,,,0,1,Top,,,,,,,-3.389209923597806,-129.25002598127162,-5.555063860390582,-1.9723729452274383,23.24928979408457,-27.976327323114788,3.202452428,1.616190945,,,,89.4,2323.0,6.4,824081,695600,695506,686681,679845,677951,686555,686475,516782,54.15,,0.0,0.0,1.0,0.0,0.0,,1,4,Slider,0,0,0,0,0,0,0,0,Strategic,Standard,178.0,0.015,-0.186,74.0,8.3,3.498972744,,0.186,,0,0,0.507,0.493,29,24,30,24,1,0,3.0,1.0,5.0,1,2.56,-0.23,-0.23,41.4,29.162192124024735,-33.89269500924405,37.94625537146481,28.689740775187573,49.580088428035154,0,0,0,1,0,1,away
CS,2026-08-08,65.8,-2.28,4.93,"Crow-Armstrong, Pete",691718,607625,strikeout,swinging_strike,,,,,13.0,Pete Crow-Armstrong strikes out swinging.,R,L,R,KC,CHC,S,2.0,,1,2,2026,1.48,-0.6,-1.004964841028294,1.556863488190734,,,,1,5,Top,,,,,,,-0.0450393546234518,-95.68558002200808,3.2613897504601534,9.04177996609202,15.8941588852027,-36.60943764692787,3.202452428,1.616190945,,,,65.2,2538.0,6.0,824079,695600,695506,686681,679845,677951,686555,664728,670231,54.54,,0.0,0.0,1.0,0.0,0.0,,37,4,Slow Curve,4,2,2,4,2,4,2,4,Infield shade,Standard,63.0,0.014,-0.183,59.2,8.4,4.437682956,,0.183,,2,-2,0.786,0.214,36,24,37,24,3,2,6.0,1.0,6.0,1,5.9,-1.48,1.48,20.0,31.824647681236865,-36.15854318483158,34.23222644967696,48.25258833438655,63.93999196335509,0,0,0,1,0,1,away
FF,2026-08-08,91.0,-2.02,5.3,"Crow-Armstrong, Pete",691718,607625,walk,ball,,,,,11.0,Pete Crow-Armstrong walks. Tyrone Taylor to 2nd.,R,L,R,KC,CHC,B,,,3,0,2026,-0.68,1.11,-0.616601145334534,3.467044571964553,,,621438.0,2,3,Top,,,,,,,4.935608653736573,-132.45237668687955,-0.97579248808039,-9.056452090958077,27.86478844801007,-19.086331946258316,3.202452428,1.616190945,,,,90.6,2095.0,6.0,824079,695600,695506,686681,679845,677951,686555,664728,670231,54.51,,0.698334,0.7,1.0,0.0,0.0,,19,4,4-Seam Fastball,3,0,0,3,0,3,0,3,Standard,Standard,222.0,-0.008,0.069,,,,,-0.069,,3,-3,0.807,0.193,36,24,37,24,2,1,6.0,1.0,6.0,1,1.64,0.68,-0.68,26.7,,,,,,0,0,1,0,0,0,away
CU,2026-08-08,81.6,-1.56,5.67,"Crow-Armstrong, Pete",691718,663878,strikeout,swinging_strike_blocked,,,,,14.0,Pete Crow-Armstrong strikes out swinging.,R,L,R,KC,CHC,S,2.0,,0,2,2026,1.01,-0.85,0.6023634677899441,0.7051170507047044,,624424.0,,2,9,Top,,,,,,,2.8484457170241564,-118.7705958260502,-2.647267398799178,8.963641202431118,24.172726244090256,-39.850361401942095,3.202452428,1.616190945,,,,82.7,2726.0,7.2,824079,695600,695506,686681,679845,677951,686555,664728,670231,53.32,,0.0,0.0,1.0,0.0,0.0,,73,4,Curveball,6,3,3,6,3,6,3,6,Strategic,Standard,46.0,0.008,-0.182,67.7,8.8,5.436361488,,0.182,,3,-3,0.992,0.008,29,24,30,24,1,4,2.0,1.0,3.0,1,4.29,-1.01,1.01,52.7,25.054556289269964,-49.23446814906725,35.56273164786434,28.98337233140521,60.794578389054195,0,0,0,1,0,1,away
CH,2026-08-08,85.8,-2.15,5.38,"Crow-Armstrong, Pete",691718,607625,field_out,hit_into_play,,,,,13.0,Pete Crow-Armstrong flies out to left fielder Isaac Collins.,R,L,R,KC,CHC,X,7.0,fly_ball,1,2,2026,-1.12,0.07,-0.167630739929397,1.4647280100509783,,,,0,1,Top,76.34,109.38,,,,,6.870410027763861,-124.8738293693997,-2.942788507256595,-13.021840821620634,23.027085259916753,-31.09683988901738,3.202452428,1.616190945,260.0,83.5,42.0,85.5,1752.0,5.9,824079,695600,695506,686681,679845,677951,686555,664728,670231,54.61,0.006,0.005,0.0,1.0,0.0,0.0,3.0,1,4,Changeup,0,0,0,0,0,0,0,0,Infield shade,Standard,248.0,0.015,-0.186,75.0,7.9,,0.009,0.186,88.0,0,0,0.507,0.493,36,24,37,24,1,0,6.0,1.0,6.0,1,3.01,1.12,-1.12,25.6,11.199145633577686,-1.4199575922896803,47.11362785522672,33.511096619831754,32.72431186975979,0,0,0,0,0,1,away
FF,2026-08-08,95.3,-2.59,4.82,"Crow-Armstrong, Pete",691718,670167,walk,ball,,,,,11.0,Pete Crow-Armstrong walks. Tyrone Taylor to 2nd.,R,L,R,KC,CHC,B,,,3,2,2026,-0.61,0.98,-1.3975234498091451,4.439620481263887,,,621438.0,2,7,Top,,,,,,,4.508446108406092,-138.757729754802,2.465569437968639,-8.85879003956834,28.42022707941211,-20.12436826749757,3.202452428,1.616190945,,,,96.1,2173.0,6.5,824079,695600,695506,686681,679845,677951,686555,664728,670231,53.96,,0.698334,0.7,1.0,0.0,0.0,,55,6,4-Seam Fastball,4,3,3,4,3,4,3,4,Standard,Standard,236.0,-0.035,0.214,,,,,-0.214,,1,-1,0.737,0.263,32,24,32,24,1,3,4.0,1.0,2.0,1,1.51,0.61,-0.61,18.5,,,,,,0,0,1,0,0,0,away
CU,2026-08-09,81.3,-1.24,5.69,"Crow-Armstrong, Pete",691718,668834,double,hit_into_play,,,,,13.0,Pete Crow-Armstrong doubles (23) on a fly ball to left fielder Starling Marte.,R,L,R,KC,CHC,X,7.0,fly_ball,0,2,2026,0.54,-0.32,-0.354696112548702,1.2291048107735971,,,,1,7,Top,59.48,68.3,,,,,0.9137766815594044,-118.5889141094576,-2.664368071036003,5.032271930372415,19.526276214108183,-34.9693981213781,3.202452428,1.616190945,361.0,99.2,27.0,82.5,2191.0,6.7,824078,571912,521692,686681,679845,686475,516782,664728,695506,53.83,0.489,0.86,1.25,1.0,1.0,1.0,6.0,59,3,Curveball,2,10,10,2,10,2,10,2,Infield shade,Standard,50.0,-0.001,0.743,73.6,7.4,,1.583,-0.743,99.2,-8,8,0.005,0.995,28,24,29,24,2,4,3.0,1.0,23.0,2,3.71,-0.54,0.54,28.5,2.655110595950441,4.07651862859702,43.76508322914467,35.952383929662936,35.26478567306915,1,0,0,0,0,1,away
ST,2026-08-09,82.3,-2.33,5.35,"Crow-Armstrong, Pete",691718,677976,strikeout,called_strike,,,,,1.0,Pete Crow-Armstrong called out on strikes.,R,L,R,KC,CHC,S,2.0,,3,2,2026,0.79,0.0,-0.5178698381688036,3.1684989229067546,,,,0,3,Top,,,,,,,2.4581309997034935,-119.8750362218044,1.6484473555750645,7.23521053424498,21.27885981168432,-32.658239648415865,3.202452428,1.616190945,,,,81.3,2383.0,5.4,824078,571912,521692,686681,679845,686475,516782,664728,695506,55.11,,0.0,0.0,1.0,0.0,0.0,,16,6,Sweeper,0,1,1,0,1,0,1,0,Infield shade,Standard,51.0,0.027,-0.346,,,,,0.346,,-1,1,0.383,0.617,31,24,31,24,2,1,5.0,1.0,6.0,2,3.34,-0.79,0.79,18.2,,,,,,0,0,0,1,0,1,away
FF,2026-08-09,91.9,-1.93,5.52,"Crow-Armstrong, Pete",691718,677976,force_out,hit_into_play,,,,,2.0,"Pete Crow-Armstrong grounds into a force out, second baseman Michael Massey to shortstop Tyler Tolbert. Tyrone Taylor out at 2nd. Pete Crow-Armstrong to 1st.",R,L,R,KC,CHC,X,4.0,ground_ball,1,2,2026,-0.75,0.49,-0.2356408399849794,2.9873321727200635,,,621438.0,1,4,Top,157.58,151.58,,,,,5.8554038841401415,-133.93353481592013,-1.5391175961211374,-10.230037124541266,25.430315069674595,-26.104888874217103,3.202452428,1.616190945,123.0,93.3,8.0,91.8,1950.0,5.9,824078,571912,521692,686681,679845,686475,516782,664728,695506,54.6,0.557,0.512,0.0,1.0,0.0,0.0,4.0,29,4,4-Seam Fastball,0,3,3,0,3,0,3,0,Infield shade,Standard,240.0,0.012,-0.242,73.3,6.6,,0.625,0.242,93.3,-3,3,0.19,0.81,31,24,31,24,3,2,5.0,1.0,6.0,2,2.17,0.75,-0.75,20.9,11.858439980769884,5.423218149298294,25.791693104879425,35.44944298915432,32.99500667783126,0,0,0,0,0,1,away
FC,2026-08-09,88.4,-1.73,5.34,"Crow-Armstrong, Pete",691718,668834,walk,ball,,,,,14.0,Pete Crow-Armstrong walks.,R,L,R,KC,CHC,B,,,3,1,2026,0.19,0.71,0.9291945921554908,1.5329899332292316,,,,1,6,Top,,,,,,,6.053749875694281,-128.6472408271228,-4.56253467781275,0.966260830604445,24.48850829311388,-23.598624627438852,3.202452428,1.616190945,,,,89.4,2455.0,6.7,824078,571912,521692,686681,679845,686475,516782,664728,695506,53.77,,0.698334,0.7,1.0,0.0,0.0,,47,5,Cutter,2,4,4,2,4,2,4,2,Infield shade,Standard,196.0,-0.011,0.244,,,,,-0.244,,-2,2,0.231,0.769,28,24,29,24,1,3,3.0,1.0,23.0,2,2.19,-0.19,0.19,22.7,,,,,,0,0,1,0,0,0,away
FF,2026-08-09,91.0,-2.0,5.63,"Crow-Armstrong, Pete",691718,677976,strikeout,swinging_strike,,,,,11.0,Pete Crow-Armstrong strikes out swinging.,R,L,R,KC,CHC,S,2.0,,0,2,2026,-1.07,0.8,-0.5972822214794462,3.329489543743172,,,,0,1,Top,,,,,,,5.734559708227663,-132.3487611423203,-1.3951508054284454,-13.832216665988575,30.214166834313247,-22.70510815822571,3.202452428,1.616190945,,,,89.6,2120.0,5.6,824078,571912,521692,686681,679845,686475,516782,664728,695506,54.89,,0.0,0.0,1.0,0.0,0.0,,1,3,4-Seam Fastball,0,0,0,0,0,0,0,0,Infield shade,Standard,250.0,0.013,-0.164,74.6,7.2,0.945874152,,0.164,,0,0,0.509,0.491,31,24,31,24,1,0,5.0,1.0,6.0,2,1.97,1.07,-1.07,20.9,22.734570119045355,-3.0505967308491737,26.354302621548175,38.32242295918523,33.660056548663064,0,0,0,1,0,1,away
FA,2026-08-09,55.2,-3.07,6.37,"Crow-Armstrong, Pete",691718,668942,force_out,hit_into_play,,,,,9.0,"Pete Crow-Armstrong grounds into a force out, second baseman Michael Massey to shortstop Tyler Tolbert. Tyrone Taylor out at 2nd. Pete Crow-Armstrong to 1st.",R,L,R,KC,CHC,X,4.0,ground_ball,1,0,2026,-0.58,1.21,0.7163730974784307,1.574875132679118,,,621438.0,0,9,Top,144.02,165.28,,,,,6.256140895076389,-80.03141022172474,1.148863710835336,-3.344111048859998,10.870234118899916,-27.3939965712586,3.202452428,1.616190945,71.0,59.8,8.0,53.4,1337.0,4.8,824078,571912,695506,686681,679845,686475,516782,664728,670231,55.73,0.179,0.168,0.0,1.0,0.0,0.0,2.0,77,2,Other,2,10,10,2,10,2,10,2,Infield shade,Standard,221.0,0.0,-0.382,71.4,6.7,,0.212,0.382,88.0,-8,8,0.001,0.999,32,24,32,24,1,5,,1.0,,2,6.36,0.58,-0.58,31.9,-2.7490906483872037,-2.4068325940673096,47.283463618019,21.939210000917512,38.96607464341353,0,0,0,0,0,1,away
SL,2026-08-11,88.6,-2.63,5.74,"Crow-Armstrong, Pete",691718,668820,field_out,hit_into_play,,,,,6.0,Pete Crow-Armstrong pops out to second baseman Nasim Nuñez.,R,L,R,WSH,CHC,X,4.0,popup,2,2,2026,0.33,0.42,0.715588721203717,2.6477845580071007,663538.0,624424.0,621020.0,2,5,Top,156.58,129.98,,,,,7.397866611913315,-129.00351523746784,-2.2609966789209373,2.326005503175368,24.14405653712516,-27.192430104110677,3.202452428,1.616190945,191.0,71.2,52.0,89.3,2093.0,6.5,822697,695670,665953,683083,691781,682928,687605,696285,686611,54.02,0.146,0.144,0.0,1.0,0.0,0.0,3.0,44,7,Slider,3,6,6,3,6,3,6,3,Strategic,Standard,161.0,0.034,-0.205,83.2,6.9,,0.193,0.205,88.0,-3,3,0.158,0.842,28,24,29,24,1,3,3.0,2.0,3.0,1,2.46,-0.33,0.33,38.3,16.17137005918633,-9.60602983527905,29.63012734041767,24.96335374398098,39.33524340884897,0,0,0,0,0,1,away
FF,2026-08-11,94.6,-2.16,5.56,"Crow-Armstrong, Pete",691718,663623,home_run,hit_into_play,,,,,2.0,Pete Crow-Armstrong homers (27) on a fly ball to right field.,R,L,R,WSH,CHC,X,,fly_ball,3,2,2026,-0.96,0.97,-0.1813470558111946,3.110118948848128,,,,0,3,Top,,,,,,,7.38361883770737,-137.7278890511797,-2.846557256032792,-13.722954910409111,26.51939431998488,-19.2614315917024,3.202452428,1.616190945,437.0,111.5,28.0,96.6,2369.0,7.1,822697,695670,665953,683083,691781,682928,687605,696285,686611,53.38,1.0,2.0,2.0,1.0,0.0,3.0,6.0,19,9,4-Seam Fastball,3,1,1,3,2,3,2,3,Strategic,Standard,232.0,-0.094,1.028,77.5,7.2,,4.0,-1.028,111.5,2,-2,0.706,0.294,29,24,29,24,2,1,6.0,2.0,5.0,1,1.54,0.96,-0.96,30.1,18.15755732066229,-7.909815751355213,26.29593788158953,36.02487994665226,41.25809371505849,1,1,0,0,0,1,away
FF,2026-08-11,87.2,2.57,4.53,"Crow-Armstrong, Pete",691718,676680,strikeout,swinging_strike,,,,,11.0,Pete Crow-Armstrong strikes out swinging.,R,L,L,WSH,CHC,S,2.0,,0,2,2026,0.3,0.89,-1.3261551918494296,2.455040821885054,,608348.0,621020.0,1,4,Top,,,,,,,-9.768643607360126,-126.84049164527752,-0.6285393107993544,4.913745120782848,20.657819996750256,-22.45235641795705,3.202452428,1.616190945,,,,87.0,2492.0,5.8,822697,695670,665953,683083,691781,682928,687605,696285,686611,54.75,,0.0,0.0,1.0,0.0,0.0,,32,3,4-Seam Fastball,3,4,4,3,4,3,4,3,Standard,Standard,125.0,0.028,-0.141,68.7,7.2,0.651570732,,0.141,,-1,1,0.355,0.645,30,24,30,24,1,2,3.0,2.0,1.0,1,2.06,0.3,0.3,6.3,5.323845966982449,12.780011596121664,32.395157008939925,47.31146776214603,21.672374022941604,0,0,0,1,0,1,away
FF,2026-08-11,94.9,-1.81,5.58,"Crow-Armstrong, Pete",691718,663623,field_out,hit_into_play,,,,,8.0,Pete Crow-Armstrong pops out to third baseman Brady House in foul territory.,R,L,R,WSH,CHC,X,5.0,popup,3,1,2026,-1.12,0.98,0.1333080600700187,1.968666751618928,,,,0,1,Top,77.88,177.26,,,,,7.676985164255749,-138.13120845693666,-5.9981868160053535,-15.945017741222392,24.82135877518925,-18.446395462775364,3.202452428,1.616190945,132.0,74.7,67.0,97.0,2305.0,7.0,822697,695670,665953,683083,691781,682928,687605,696285,686611,53.47,0.001,0.0,0.0,1.0,0.0,0.0,3.0,1,5,4-Seam Fastball,0,0,0,0,0,0,0,0,Standard,Standard,229.0,0.036,-0.449,78.0,7.6,,0.001,0.449,88.0,0,0,0.486,0.514,29,24,29,24,1,0,6.0,2.0,5.0,1,1.51,1.12,-1.12,28.6,10.14556386887081,-3.0500771140515153,39.620400896338026,31.22944224139869,35.67128378959186,0,0,0,0,0,1,away
FF,2026-08-11,95.5,-1.1,6.72,"Crow-Armstrong, Pete",691718,571945,field_out,hit_into_play,,,,,8.0,Pete Crow-Armstrong flies out to left fielder José Tena.,R,L,R,WSH,CHC,X,7.0,fly_ball,2,2,2026,-0.74,1.17,-0.1222735609441114,1.9272797380686968,,,,0,8,Top,53.19,92.49,,,,,4.211780979861787,-138.85361868052183,-9.407366176445736,-10.481216064854662,28.950944099816123,-15.165677009413836,3.202452428,1.616190945,319.0,91.1,34.0,95.5,2166.0,6.2,822697,695670,694673,683083,691781,682928,677588,696285,686611,54.35,0.029,0.035,0.0,1.0,0.0,0.0,3.0,66,5,4-Seam Fastball,4,7,7,4,7,4,7,4,Infield shade,Standard,217.0,0.005,-0.232,77.5,7.4,,0.063,0.232,91.1,-3,3,0.073,0.927,37,24,38,24,1,4,5.0,2.0,,1,1.32,0.74,-0.74,46.7,6.066851006537736,3.7243844156596824,37.67326644359808,35.10360887202323,29.059166483172955,0,0,0,0,0,1,away
FF,2026-08-12,90.0,-2.14,5.03,"Crow-Armstrong, Pete",691718,592866,field_out,hit_into_play,,,,,2.0,Pete Crow-Armstrong lines out to left fielder José Tena.,R,L,R,WSH,CHC,X,7.0,line_drive,0,2,2026,-0.07,0.76,-0.2264544572918289,3.0074936247859867,,,,0,8,Top,86.31,84.52,,,,,4.890693464352198,-131.1787929819308,-0.6298696663654497,-1.68895348333255,23.197984911169783,-23.38891723675342,3.202452428,1.616190945,302.0,88.4,22.0,91.6,2187.0,6.8,822698,695670,694673,683083,691781,682928,677588,696285,686611,53.69,0.294,0.297,0.0,1.0,0.0,0.0,3.0,73,3,4-Seam Fastball,5,10,10,5,10,5,10,5,Infield shade,Standard,218.0,0.001,-0.164,73.6,6.2,,0.422,0.164,88.4,-5,5,0.018,0.982,34,24,34,24,1,4,3.0,1.0,6.0,1,2.01,0.07,-0.07,15.3,7.323825616062609,12.480337215401674,27.65979465356592,36.114353150686874,28.883914256199972,0,0,0,0,0,1,away
FF,2026-08-12,89.2,-2.1,4.93,"Crow-Armstrong, Pete",691718,592866,field_out,hit_into_play,,,,,6.0,"Pete Crow-Armstrong grounds out, first baseman Abimelec Ortiz to pitcher Trevor Williams.",R,L,R,WSH,CHC,X,3.0,ground_ball,0,2,2026,-0.01,0.56,0.4187097178897734,2.629288864425587,664023.0,699393.0,,2,9,Top,150.29,166.88,,,,,6.191986062475962,-129.98050475102673,-0.7923913155011842,-1.2122211250710782,22.129341792902828,-25.718452501776454,3.202452428,1.616190945,63.0,74.1,4.0,90.5,2250.0,6.6,822698,695670,694673,683083,691781,682928,677588,696285,686611,53.93,0.242,0.229,0.0,1.0,0.0,0.0,2.0,85,3,4-Seam Fastball,5,12,12,5,12,5,12,5,Infield shade,Standard,212.0,0.0,-0.157,76.5,6.8,,0.281,0.157,88.0,-7,7,0.001,0.999,34,24,34,24,2,5,3.0,1.0,6.0,1,2.25,0.01,-0.01,16.3,9.5457065244768,-0.5616483348803051,31.4656158145476,28.107207939103773,33.186233021457056,0,0,0,0,0,1,away
SL,2026-08-12,87.0,2.02,5.59,"Crow-Armstrong, Pete",691718,800600,double,hit_into_play,,,,,9.0,Pete Crow-Armstrong doubles (24) on a line drive to right fielder Dylan Crews. Pedro Ramírez scores. Dansby Swanson to 3rd.,R,L,L,WSH,CHC,X,9.0,line_drive,1,0,2026,-0.05,0.19,0.5074673430067302,1.6934371891384283,,699393.0,621020.0,0,5,Top,203.42,117.97,,,,,-3.523790815544265,-126.73289983328492,-3.422443672299308,0.1836951882874051,24.445241338147863,-29.667560648569328,3.202452428,1.616190945,276.0,86.8,20.0,88.4,2253.0,7.0,822698,695670,665953,683083,691781,682928,687605,696285,686611,53.54,0.603,0.564,1.25,1.0,1.0,1.0,4.0,38,2,Slider,1,0,0,1,1,1,1,1,Standard,Standard,176.0,-0.176,0.69,77.1,7.7,,0.699,-0.69,88.0,1,-1,0.497,0.503,23,24,23,24,3,2,,1.0,6.0,1,2.8,-0.05,-0.05,38.5,14.797196566822112,-12.120722939421691,37.1971302582858,25.8703300467654,41.77925108120813,1,0,0,0,0,1,away
SL,2026-08-12,86.2,1.85,5.8,"Crow-Armstrong, Pete",691718,800600,strikeout,foul_tip,,,,,12.0,Pete Crow-Armstrong strikes out on a foul tip.,R,L,L,WSH,CHC,S,2.0,,1,2,2026,-0.11,0.33,0.0442117296578913,3.5162008624352694,,,,0,3,Top,,,,,,,-4.07586821050061,-125.64658024140512,0.2452198981874152,-0.4085492829657212,23.543231050422616,-28.863370830137843,3.202452428,1.616190945,,,,87.8,2257.0,7.0,822698,695670,665953,683083,691781,682928,687605,696285,686611,53.49,,0.0,0.0,1.0,0.0,0.0,,20,4,Slider,1,0,0,1,0,1,0,1,Strategic,Standard,240.0,0.018,-0.186,60.4,5.6,,,0.186,,1,-1,0.62,0.38,23,24,23,24,2,1,,1.0,6.0,1,2.7,-0.11,-0.11,43.5,10.943887574935788,19.04114597592449,21.97841076145167,32.34798000506723,28.09501555805399,0,0,0,1,0,1,away
ST,2026-08-12,72.8,2.89,4.5,"Crow-Armstrong, Pete",691718,676680,strikeout,called_strike,,,,,9.0,Pete Crow-Armstrong called out on strikes.,R,L,L,WSH,CHC,S,2.0,,3,2,2026,-1.28,0.16,0.5114711627206865,2.071189012402448,699393.0,621020.0,,1,6,Top,,,,,,,-2.467409947639118,-106.05515209993484,2.319757986173082,-9.288144593502375,17.09788622758316,-31.515771477593677,3.202452428,1.616190945,,,,72.4,2740.0,5.8,822698,695670,665953,683083,691781,682928,687605,696285,686611,54.68,,0.0,0.0,1.0,0.0,0.0,,55,9,Sweeper,4,5,5,4,5,4,5,4,Strategic,Standard,280.0,0.087,-0.422,,,,,0.422,,-1,1,0.245,0.755,30,24,30,24,1,3,1.0,1.0,3.0,1,4.11,-1.28,-1.28,8.5,,,,,,0,0,0,1,0,1,away
FF,2026-08-12,95.8,1.81,5.64,"Crow-Armstrong, Pete",691718,800600,strikeout,called_strike,,,,,7.0,Pete Crow-Armstrong called out on strikes.,R,L,L,WSH,CHC,S,2.0,,2,2,2026,0.99,1.18,-0.5758221990603798,1.902398886124728,,,,0,1,Top,,,,,,,-8.614736885554684,-139.22825565823297,-6.869926258312294,14.74026316268015,29.887813479336263,-15.427456131847086,3.202452428,1.616190945,,,,97.4,2269.0,7.2,822698,695670,665953,683083,691781,682928,687605,696285,686611,53.32,,0.0,0.0,1.0,0.0,0.0,,1,5,4-Seam Fastball,0,0,0,0,0,0,0,0,Strategic,Standard,151.0,0.019,-0.232,,,,,0.232,,0,0,0.503,0.497,23,24,23,24,1,0,,1.0,6.0,1,1.3,0.99,0.99,42.8,,,,,,0,0,0,1,0,1,away
ST,2026-08-13,88.6,-1.89,5.7,"Crow-Armstrong, Pete",691718,676917,strikeout,swinging_strike,,,,,8.0,Pete Crow-Armstrong strikes out swinging.,R,L,R,WSH,CHC,S,2.0,,3,2,2026,1.02,-0.67,0.0020471081463763,1.9820575969002745,,,,0,7,Top,,,,,,,2.4141566954931415,-129.03771090411863,-1.3920071541895025,10.862013610922247,26.487985044020594,-39.54400910636882,3.202452428,1.616190945,,,,88.9,2408.0,6.4,822696,660688,694673,678391,691781,682928,695734,687605,686611,54.1,,0.0,0.0,1.0,0.0,0.0,,45,7,Sweeper,6,0,0,6,0,6,0,6,Infield shade,Standard,52.0,0.007,-0.346,80.7,8.0,0.755022444,,0.346,,6,-6,0.982,0.018,27,24,28,24,3,2,6.0,1.0,6.0,1,3.56,-1.02,1.02,30.1,26.608404973603463,-19.720000554216092,32.40394757318648,33.71900389090074,46.50162448832825,0,0,0,1,0,1,away
KC,2026-08-13,88.2,-1.52,6.17,"Crow-Armstrong, Pete",691718,676917,strikeout,called_strike,,,,,8.0,Pete Crow-Armstrong called out on strikes.,R,L,R,WSH,CHC,S,2.0,,2,2,2026,0.47,-0.69,0.0874066660583314,1.929612421043009,,,,0,4,Top,,,,,,,2.859518292420409,-128.60764832195196,-2.6311509822692383,4.821488212049522,22.72039701464624,-39.620334388235456,3.202452428,1.616190945,,,,88.9,2180.0,6.3,822696,660688,694673,678391,691781,682928,695734,687605,686611,54.2,,0.0,0.0,1.0,0.0,0.0,,19,7,Knuckle Curve,0,0,0,0,0,0,0,0,Infield shade,Standard,35.0,0.023,-0.232,,,,,0.232,,0,0,0.504,0.496,27,24,28,24,2,1,6.0,1.0,6.0,1,3.57,-0.47,0.47,40.1,,,,,,0,0,0,1,0,1,away
FF,2026-08-13,98.0,-1.72,6.07,"Crow-Armstrong, Pete",691718,676917,field_out,hit_into_play,,,,,8.0,Pete Crow-Armstrong flies out sharply to right fielder Dylan Crews.,R,L,R,WSH,CHC,X,9.0,fly_ball,0,0,2026,-0.5,1.14,0.199044427804433,1.78281145333059,,,,0,1,Top,175.39,115.23,,,,,6.290122327949988,-142.47585985280702,-8.580489285292526,-8.154525326738765,28.305401039948517,-14.98908964593124,3.202452428,1.616190945,242.0,101.0,59.0,98.6,2255.0,6.4,822696,660688,694673,678391,691781,682928,695734,687605,686611,54.14,0.023,0.028,0.0,1.0,0.0,0.0,3.0,1,1,4-Seam Fastball,0,0,0,0,0,0,0,0,Standard,Standard,216.0,0.022,-0.259,77.3,8.4,,0.039,0.259,101.0,0,0,0.5,0.5,27,24,28,24,1,0,6.0,1.0,6.0,1,1.22,0.5,-0.5,34.0,19.83053011982962,-19.07564902191678,38.63104269483187,29.252960849383477,42.838192370940355,0,0,0,0,0,1,away
FF,2026-08-13,98.6,-1.05,6.05,"Crow-Armstrong, Pete",691718,690925,strikeout,swinging_strike,,,,,11.0,Pete Crow-Armstrong strikes out swinging.,R,L,R,WSH,CHC,S,2.0,,2,2,2026,-0.23,1.46,-0.3270893823750777,4.004096142240747,,,,1,9,Top,,,,,,,2.4567759626868675,-143.57036402658343,-3.4148615838468945,-3.677991943720804,32.745769620577825,-11.362964602412744,3.202452428,1.616190945,,,,98.4,2409.0,6.1,822696,660688,694673,678391,691781,682928,695734,687605,686611,54.39,,0.0,0.0,1.0,0.0,0.0,,63,5,4-Seam Fastball,7,0,0,7,0,7,0,7,Infield shade,Standard,196.0,0.0,-0.235,38.1,5.2,3.22417536,,0.235,,7,-7,0.999,0.001,27,24,28,24,1,3,5.0,1.0,2.0,1,0.88,0.23,-0.23,50.5,-1.6072899045165605,39.219422955512535,30.627798048960393,35.85713836451083,11.213939963567274,0,0,0,1,0,1,away
FC,2026-08-14,89.0,0.77,6.46,"Crow-Armstrong, Pete",691718,669461,field_out,hit_into_play,,,,,1.0,Pete Crow-Armstrong pops out to third baseman César Prieto in foul territory.,R,L,L,CHC,STL,X,5.0,popup,1,1,2026,-0.4,0.61,-0.6393004438765232,3.2876165885053323,621438.0,,621020.0,0,6,Bot,105.19,202.36,,,,,-2.5674783906578234,-129.72221841430655,-2.922068422690334,-4.058748849592745,24.88433749148825,-24.869203835320626,3.202452428,1.616190945,57.0,90.0,76.0,89.5,2446.0,6.3,824643,671056,676475,802139,693409,691026,665877,701675,691023,54.16,0.006,0.006,0.0,1.0,0.0,0.0,3.0,38,3,Cutter,0,0,0,0,0,0,0,0,Infield shade,Standard,165.0,-0.067,-0.204,73.0,6.9,,0.009,0.204,90.0,0,0,0.744,0.744,26,24,27,24,3,2,6.0,1.0,5.0,1,2.24,-0.4,-0.4,47.0,14.147615775190127,-1.4955435368319383,25.297953573308924,41.14833789377572,37.321832816158725,0,0,0,0,0,1,home
FF,2026-08-14,94.8,0.46,6.45,"Crow-Armstrong, Pete",691718,669461,field_out,hit_into_play,,,,,4.0,"Pete Crow-Armstrong grounds out, shortstop Masyn Winn to first baseman Alec Burleson.",R,L,L,CHC,STL,X,6.0,ground_ball,3,2,2026,0.37,1.36,-0.6303426152796232,2.192505342704738,,,,0,4,Bot,105.19,145.09,,,,,-3.6855485517509856,-137.93535244557063,-8.418862257938853,5.49794509108393,27.460270992838225,-13.1521208873074,3.202452428,1.616190945,19.0,102.4,-6.0,95.8,2251.0,6.6,824643,671056,676475,802139,693409,691026,665877,701675,691023,53.89,0.366,0.338,0.0,1.0,0.0,0.0,2.0,22,6,4-Seam Fastball,0,0,0,0,0,0,0,0,Strategic,Standard,153.0,-0.033,-0.346,70.6,6.0,,0.388,0.346,102.4,0,0,0.566,0.566,26,24,27,24,2,1,6.0,1.0,5.0,1,1.15,0.37,0.37,48.5,-0.3963058302633621,23.74039261382611,34.36978949968321,40.349103103428746,22.490965261981767,0,0,0,0,0,1,home
CU,2026-08-14,81.8,-2.17,5.0,"Crow-Armstrong, Pete",691718,657265,field_out,hit_into_play,,,,,4.0,Pete Crow-Armstrong flies out to left fielder José Fermín.,R,L,R,CHC,STL,X,7.0,fly_ball,1,2,2026,1.09,-0.4,-0.6960992636902731,2.1355671856238185,,,,0,8,Bot,79.8,76.0,,,,,1.1435207912625267,-119.08752157315595,1.102612851778779,10.1682114786399,23.036071243863645,-36.39779427211825,3.202452428,1.616190945,325.0,94.8,38.0,82.6,2803.0,6.8,824643,671056,676475,802139,693409,691026,665877,701675,691023,53.7,0.066,0.118,0.0,1.0,0.0,0.0,3.0,56,4,Curveball,3,0,3,0,0,3,3,0,Strategic,Standard,65.0,-0.001,-0.186,72.6,7.4,,0.234,0.186,94.8,3,3,0.971,0.971,31,24,32,24,1,3,6.0,1.0,3.0,1,3.8,-1.09,1.09,21.7,22.002686565906338,-4.900460128049668,30.796731420624504,44.5866483587409,38.444248647406155,0,0,0,0,0,1,home
FF,2026-08-14,93.9,0.48,6.58,"Crow-Armstrong, Pete",691718,669461,field_out,hit_into_play,,,,,8.0,Pete Crow-Armstrong flies out to left fielder José Fermín.,R,L,L,CHC,STL,X,7.0,fly_ball,0,1,2026,0.46,1.56,-0.2279469837187984,1.835885460121015,,,,0,1,Bot,91.33,102.79,,,,,-2.8456893792147597,-136.45786526860118,-9.857713840466516,6.383307565208599,28.52374900885601,-10.677922643045717,3.202452428,1.616190945,255.0,97.1,51.0,94.4,2134.0,6.5,824643,671056,676475,802139,693409,691026,665877,701675,691023,53.97,0.006,0.005,0.0,1.0,0.0,0.0,3.0,4,2,4-Seam Fastball,0,0,0,0,0,0,0,0,Standard,Standard,152.0,-0.019,-0.217,80.7,7.8,,0.008,0.217,97.1,0,0,0.545,0.545,26,24,27,24,1,0,6.0,1.0,5.0,1,1.02,0.46,0.46,50.8,12.610660752499946,-8.554692257177003,37.70460100858352,36.355362162967,42.001459060354705,0,0,0,0,0,1,home
CH,2026-08-15,86.3,-2.3,5.76,"Crow-Armstrong, Pete",691718,700241,field_out,hit_into_play,,,,,13.0,"Pete Crow-Armstrong grounds out, second baseman JJ Wetherholt to first baseman Alec Burleson.",R,L,R,CHC,STL,X,4.0,ground_ball,1,0,2026,-0.84,0.35,-0.3188922098172398,1.143333668890372,,,,0,5,Bot,150.15,151.87,,,,,6.4123398757386205,-125.50429648042514,-5.244901774741945,-10.189428351943109,25.436430474821503,-27.591986623625097,3.202452428,1.616190945,5.0,70.5,-16.0,86.6,1515.0,6.5,824644,686780,676475,802139,691458,691026,695491,677592,691023,53.96,0.056,0.054,0.0,1.0,0.0,0.0,2.0,41,2,Changeup,3,4,3,4,4,3,3,4,Infield shade,Standard,232.0,-0.039,-0.303,75.5,8.8,,0.064,0.303,88.0,-1,-1,0.421,0.421,25,24,26,24,3,2,6.0,1.0,5.0,1,2.71,0.84,-0.84,32.3,23.152091816514407,-18.465189729168763,40.60578383051209,37.94915570183701,46.86928967528647,0,0,0,0,0,1,home
FC,2026-08-15,89.5,-2.3,5.76,"Crow-Armstrong, Pete",691718,700241,field_out,hit_into_play,,,,,2.0,Pete Crow-Armstrong pops out to shortstop Masyn Winn.,R,L,R,CHC,STL,X,6.0,popup,1,1,2026,-0.26,0.46,0.2002100392706837,3.2159801496455995,,,665804.0,2,2,Bot,121.09,146.45,,,,,6.679408212062763,-130.14395076446326,-1.0563841154662623,-4.3790794416598535,27.685979211723616,-26.976663945496345,3.202452428,1.616190945,145.0,71.0,62.0,89.8,2334.0,6.6,824644,686780,676475,802139,691458,691026,695491,677592,691023,53.94,0.001,0.0,0.0,1.0,0.0,0.0,3.0,19,3,Cutter,3,3,3,3,3,3,3,3,Infield shade,Standard,212.0,-0.023,-0.262,75.1,6.7,,0.001,0.262,88.0,0,0,0.523,0.523,25,24,26,24,2,1,6.0,1.0,5.0,1,2.4,0.26,-0.26,31.5,13.390598320361008,2.7436433673781115,27.079055860001116,31.628879955371737,31.63295484203227,0,0,0,0,0,1,home
ST,2026-08-15,79.9,3.36,4.85,"Crow-Armstrong, Pete",691718,677865,field_out,hit_into_play,,,,,7.0,Pete Crow-Armstrong flies out to center fielder Everson Pereira.,R,L,L,CHC,STL,X,8.0,fly_ball,2,2,2026,-1.45,-0.28,-0.6749679172873775,1.6542688758364643,,,,2,7,Bot,125.59,82.04,,,,,-6.034536610666382,-116.27670007859916,0.4434474621425168,-12.012369713009964,21.59237380059966,-35.01509273128435,3.202452428,1.616190945,291.0,85.9,37.0,80.5,2517.0,6.6,824644,686780,676475,802139,691458,691026,695491,677592,691023,53.85,0.017,0.023,0.0,1.0,0.0,0.0,3.0,59,6,Sweeper,3,7,3,7,7,3,3,7,Infield shade,Strategic,301.0,-0.005,-0.221,71.1,7.6,,0.034,0.221,88.0,-4,-4,0.041,0.041,29,24,29,24,1,3,3.0,1.0,2.0,1,3.85,-1.45,-1.45,30.0,9.419835340245507,-10.426169674523178,34.7039457226723,39.4994597458401,43.106740243500965,0,0,0,0,0,1,home
CH,2026-08-15,88.6,-2.23,5.79,"Crow-Armstrong, Pete",691718,700241,field_out,hit_into_play,,,,,7.0,Pete Crow-Armstrong flies out to center fielder Everson Pereira.,R,L,R,CHC,STL,X,8.0,fly_ball,2,2,2026,-1.15,-0.32,-0.5783299943354172,1.9138386353028385,,,,0,1,Bot,98.45,52.26,,,,,6.487053595760963,-128.91227196500677,-2.4812794901028834,-14.238841169961525,28.108566532991695,-35.389302337045734,3.202452428,1.616190945,369.0,96.5,27.0,89.1,1719.0,6.7,824644,686780,676475,802139,691458,691026,695491,677592,691023,53.8,0.28,0.451,0.0,1.0,0.0,0.0,5.0,7,5,Changeup,0,3,0,3,3,0,0,3,Infield shade,Standard,239.0,-0.018,-0.232,76.4,7.3,,0.793,0.232,96.5,-3,-3,0.264,0.264,25,24,26,24,1,0,6.0,1.0,5.0,1,3.23,1.15,-1.15,34.2,17.598862197844962,4.567804970572103,33.873756242277786,40.78223943200605,33.99275014416689,0,0,0,0,0,1,home
FF,2026-08-16,95.1,-0.39,6.2,"Crow-Armstrong, Pete",691718,690928,strikeout,called_strike,,,,,1.0,"Pete Crow-Armstrong challenged (pitch result), call on the field was confirmed: Pete Crow-Armstrong called out on strikes.",R,L,R,CHC,STL,S,2.0,,2,2,2026,0.37,0.93,-0.4953172646707739,3.135456055307068,,624424.0,665804.0,1,5,Bot,,,,,,,-1.1056088963270216,-138.51588834599735,-4.363172118533314,5.028306310968586,28.122196286131175,-19.37734890413158,3.202452428,1.616190945,,,,95.4,2493.0,6.2,824642,699625,676475,802139,691458,691026,695491,701675,691023,54.32,,0.0,0.0,1.0,0.0,0.0,,45,7,4-Seam Fastball,2,9,2,9,9,2,2,9,Infield shade,Strategic,183.0,-0.012,-0.223,,,,,0.223,,-7,-7,0.037,0.037,26,24,27,24,3,2,6.0,1.0,5.0,1,1.56,-0.37,0.37,52.0,,,,,,0,0,0,1,0,1,home
FF,2026-08-16,94.0,-0.5,6.16,"Crow-Armstrong, Pete",691718,690928,home_run,hit_into_play,,,,,8.0,Pete Crow-Armstrong homers (28) on a fly ball to right center field. James Triantos scores.,R,L,R,CHC,STL,X,,fly_ball,0,0,2026,-0.03,0.96,0.2461561638402577,1.6021597099432103,,,701649.0,2,3,Bot,204.95,53.32,,,,,1.964658329467683,-136.86503244292751,-8.04988395092246,-0.7353289494502497,27.166582500630454,-18.60940207536773,3.202452428,1.616190945,408.0,110.3,22.0,94.4,2507.0,6.3,824642,699625,676475,802139,691458,691026,695491,701675,691023,54.25,0.954,1.787,2.0,1.0,0.0,3.0,6.0,24,1,4-Seam Fastball,0,3,0,3,3,2,2,3,Infield shade,Strategic,185.0,0.182,2.221,78.5,7.9,,3.411,-2.221,110.3,-3,-3,0.208,0.208,26,24,27,24,2,1,6.0,1.0,5.0,1,1.6,0.03,-0.03,50.0,12.09117759357524,-10.455133506851997,40.12051884325839,30.604434202027925,37.02010917242879,1,1,0,0,0,1,home
CH,2026-08-16,81.7,-1.45,5.17,"Crow-Armstrong, Pete",691718,703725,field_out,hit_into_play,,,,,13.0,"Pete Crow-Armstrong grounds out, second baseman JJ Wetherholt to first baseman Alec Burleson.",R,L,R,CHC,STL,X,4.0,ground_ball,2,1,2026,-1.03,-0.51,-0.9387565198231124,1.8766001850554008,,,,2,7,Bot,161.15,157.6,,,,,3.204639835546352,-118.9750110705461,0.3876902566222164,-10.42091841028959,23.19118335759896,-37.26480382449771,3.202452428,1.616190945,75.0,81.9,5.0,82.6,1570.0,6.9,824642,699625,676475,802139,691458,691026,695491,701675,691023,53.6,0.395,0.359,0.0,1.0,0.0,0.0,2.0,63,4,Changeup,2,9,2,9,9,2,2,9,Infield shade,Strategic,286.0,-0.001,-0.301,76.0,7.9,,0.431,0.301,88.0,-7,-7,0.005,0.005,24,24,25,24,1,3,4.0,1.0,1.0,1,3.92,1.03,-1.03,21.5,21.684720305688195,-6.802361176616028,34.49969046858321,45.39270014958066,43.281353891880954,0,0,0,0,0,1,home
SI,2026-08-16,91.8,2.57,5.49,"Crow-Armstrong, Pete",691718,657571,strikeout,called_strike,,,,,8.0,Pete Crow-Armstrong called out on strikes.,R,L,L,CHC,STL,S,2.0,,1,2,2026,1.01,0.9,-0.094927375040851,1.7487762624366965,,,,1,9,Bot,,,,,,,-8.86499037897895,-133.288213818689,-5.337890918904341,13.996153732265393,29.314166458780896,-20.48112529799395,3.202452428,1.616190945,,,,91.6,2188.0,6.4,824642,699625,676475,802139,691458,691026,677592,701675,691023,54.14,,0.0,0.0,1.0,0.0,0.0,,82,7,Sinker,4,11,4,11,11,4,4,11,Infield shade,Standard,141.0,0.0,-0.183,,,,,0.183,,-7,-7,0.001,0.001,29,24,30,24,1,4,5.0,1.0,5.0,1,1.82,1.01,1.01,36.4,,,,,,0,0,0,1,0,1,home
FS,2026-08-16,89.0,-0.9,5.98,"Crow-Armstrong, Pete",691718,690928,strikeout,swinging_strike,,,,,13.0,Pete Crow-Armstrong strikes out swinging.,R,L,R,CHC,STL,S,2.0,,1,2,2026,-1.09,0.57,-0.0309642719890534,0.924292128742292,,,,0,1,Bot,,,,,,,4.418304373345786,-129.36334130539166,-7.300987879817045,-13.204028768670362,26.646476590292444,-24.496625426099165,3.202452428,1.616190945,,,,88.9,2282.0,6.3,824642,699625,676475,802139,691458,691026,695491,701675,691023,54.23,,0.0,0.0,1.0,0.0,0.0,,6,4,Split-Finger,0,2,0,2,2,0,0,2,Infield shade,Strategic,226.0,-0.016,-0.186,75.0,8.4,1.732932312,,0.186,,-2,-2,0.345,0.345,26,24,27,24,1,0,6.0,1.0,5.0,1,2.32,1.09,-1.09,41.5,25.79710718327009,-22.342198721140388,39.19222275878836,35.14719731231268,49.42657928172608,0,0,0,1,0,1,home
SI,2026-08-17,96.5,-1.91,5.0,"Crow-Armstrong, Pete",691718,622491,strikeout,called_strike,,,,,3.0,Pete Crow-Armstrong called out on strikes.,R,L,R,CHC,CWS,S,2.0,,2,2,2026,-1.44,0.04,0.6329050642299492,2.867811849342897,,,624424.0,2,4,Bot,,,,,,,9.880832692144493,-140.19559367915633,-0.0165435744057313,-21.28554749215467,31.982259285204115,-31.898895829744095,3.202452428,1.616190945,,,,95.3,2091.0,5.7,824641,668670,808959,805367,678246,682668,803011,686668,695731,54.77,,0.0,0.0,1.0,0.0,0.0,,35,5,Sinker,2,3,2,3,3,2,2,3,Infield shade,Standard,248.0,-0.026,-0.245,,,,,0.245,,-1,-1,0.388,0.388,33,24,34,24,3,2,5.0,1.0,5.0,1,2.42,1.44,-1.44,14.4,,,,,,0,0,0,1,0,1,home
CH,2026-08-17,88.2,-2.39,4.79,"Crow-Armstrong, Pete",691718,622491,single,hit_into_play,,,,,13.0,Pete Crow-Armstrong singles on a line drive to right fielder Braden Montgomery.,R,L,R,CHC,CWS,X,9.0,line_drive,0,0,2026,-1.42,-0.1,-0.4483201106934318,1.2318677106737477,,,,2,2,Bot,198.89,113.23,,,,,7.530886774786579,-128.3338903323671,-2.1396198736168652,-17.18797421457706,25.547011490838653,-33.00849023657577,3.202452428,1.616190945,251.0,76.7,26.0,87.2,2002.0,5.6,824641,668670,808959,805367,678246,682668,803011,686668,695731,54.92,0.54,0.513,0.9,1.0,1.0,0.0,4.0,16,1,Changeup,2,0,2,0,0,2,2,0,Infield shade,Standard,266.0,0.008,0.331,73.5,8.6,,0.632,-0.331,88.0,2,2,0.72,0.72,33,24,34,24,2,1,5.0,1.0,5.0,1,3.02,1.42,-1.42,7.9,22.37153966227397,-15.153057289487316,35.78400106885328,40.95888137613419,45.65801785463216,1,0,0,0,0,1,home
CH,2026-08-17,81.5,-2.44,6.11,"Crow-Armstrong, Pete",691718,670950,double,hit_into_play,,,,,13.0,Pete Crow-Armstrong doubles (25) on a sharp line drive to left fielder Sam Antonacci.,R,L,R,CHC,CWS,X,7.0,line_drive,2,2,2026,-1.04,-0.31,-1.2707430110641724,2.1903414588058685,,,,2,8,Bot,93.13,84.03,,,,,4.653771533159144,-118.63212046126228,-1.4375188676098591,-10.735094246996102,21.013831858074607,-35.02408659444915,3.202452428,1.616190945,216.0,100.2,12.0,82.1,2684.0,6.5,824641,668670,808959,805367,678246,682668,803011,671976,695731,54.01,0.943,0.916,1.25,1.0,1.0,1.0,4.0,72,5,Changeup,4,5,4,5,5,4,4,5,Infield shade,Standard,262.0,0.075,0.593,70.4,6.7,,1.168,-0.593,100.2,-1,-1,0.192,0.192,33,24,33,24,1,4,4.0,1.0,1.0,1,3.71,1.04,-1.04,47.7,13.823484425941878,21.115552826341972,26.748480761307988,48.88519733505269,30.20265456463141,1,0,0,0,0,1,home
SI,2026-08-17,92.2,2.41,5.75,"Crow-Armstrong, Pete",691718,805326,walk,ball,,,,,14.0,Pete Crow-Armstrong walks. Carson Kelly to 2nd.,R,L,L,CHC,CWS,B,,,3,0,2026,1.39,0.71,0.701582117691681,1.47138818472195,,,608348.0,1,6,Bot,,,,,,,-7.3599999679929216,-133.90135084345732,-6.334378828406091,18.278742903747847,29.91293771014456,-22.393384787334128,3.202452428,1.616190945,,,,92.2,2417.0,6.5,824641,668670,808959,805367,678246,682668,803011,686668,695731,54.04,,0.698334,0.7,1.0,0.0,0.0,,52,4,Sinker,4,3,4,3,3,4,4,3,Infield shade,Standard,147.0,0.013,0.112,,,,,-0.112,,1,1,0.761,0.761,25,24,26,24,1,3,17.0,1.0,5.0,1,1.99,1.39,1.39,40.7,,,,,,0,0,1,0,0,0,home
FF,2026-08-17,94.9,-2.47,5.15,"Crow-Armstrong, Pete",691718,622491,home_run,hit_into_play,,,,,9.0,Pete Crow-Armstrong homers (29) on a fly ball to right field.,R,L,R,CHC,CWS,X,,fly_ball,0,0,2026,-1.03,1.02,0.6394407592813285,1.895989319368422,,,,0,1,Bot,233.82,90.37,,,,,10.192764832686992,-137.8134824208743,-4.853622832020059,-15.446131446588174,31.260015234344777,-18.264106934040843,3.202452428,1.616190945,376.0,101.2,28.0,93.3,2371.0,5.5,824641,668670,808959,805367,678246,682668,803011,686668,695731,54.99,0.603,1.151,2.0,1.0,0.0,3.0,6.0,4,1,4-Seam Fastball,0,0,0,0,0,1,1,0,Standard,Standard,235.0,0.097,1.114,79.4,7.8,,2.194,-1.114,101.2,0,0,0.548,0.548,33,24,34,24,1,0,5.0,1.0,5.0,1,1.53,1.03,-1.03,17.4,16.741932983367338,-12.884829697357826,40.97801076701019,27.69506629640512,39.30154153907982,1,1,0,0,0,1,home
SL,2026-08-17,81.9,3.34,5.35,"Crow-Armstrong, Pete",691718,696146,home_run,hit_into_play,,,,,4.0,Pete Crow-Armstrong homers (30) on a fly ball to right field. Carson Kelly scores.,R,L,L,CHC,CWS,X,,fly_ball,2,1,2026,-0.44,-0.14,-0.3771515983951097,2.4010768461944663,,608348.0,,0,10,Bot,225.4,74.77,,,,,-7.505002574605233,-119.05875403256093,0.398785895209953,-2.7638590494464985,22.72147245899636,-33.79045468292899,3.202452428,1.616190945,391.0,98.7,30.0,82.8,2458.0,6.9,824641,668670,808959,805367,678246,682668,803011,671976,695731,53.57,0.437,0.828,2.0,1.0,0.0,3.0,6.0,89,4,Slider,5,5,5,5,5,7,7,5,Standard,Standard,289.0,0.194,0.991,78.7,7.9,,1.574,-0.991,98.7,0,0,0.806,0.806,22,24,23,24,1,5,1.0,1.0,3.0,1,3.54,-0.44,-0.44,26.8,15.06202846980638,-17.550717603141795,29.756950385677364,36.45016976121619,46.86292906272448,1,1,0,0,0,1,home
FC,2026-08-18,92.5,-1.25,5.79,"Crow-Armstrong, Pete",691718,607200,field_out,hit_into_play,,,,,3.0,Pete Crow-Armstrong lines out to first baseman Munetaka Murakami.,R,L,R,CHC,CWS,X,3.0,line_drive,0,1,2026,0.1,0.69,0.8220086257969593,3.049098403688926,,,,1,5,Bot,157.38,165.36,,,,,5.0375323437975075,-134.73453734404308,-2.564712383589151,0.1272602780415755,28.593612214930697,-23.410480881544025,3.202452428,1.616190945,131.0,59.0,18.0,93.2,2250.0,6.6,824639,691011,808959,805367,678246,695657,803011,671976,695731,53.91,0.217,0.195,0.0,1.0,0.0,0.0,1.0,41,2,Cutter,2,3,2,3,3,2,2,3,Infield shade,Standard,212.0,-0.021,-0.221,77.8,6.7,,0.237,0.221,88.0,-1,-1,0.378,0.378,33,24,33,24,2,2,5.0,1.0,5.0,1,1.96,-0.1,0.1,36.1,13.983016040686232,-3.718095422580122,26.0106349818156,25.46654919056286,34.14473640640706,0,0,0,0,0,1,home
FC,2026-08-18,92.6,-1.23,5.93,"Crow-Armstrong, Pete",691718,607200,walk,ball,,,,,11.0,Pete Crow-Armstrong walks. Ian Happ to 2nd.,R,L,R,CHC,CWS,B,,,3,2,2026,0.25,0.38,-0.277693541979823,4.604579959833319,699393.0,,664023.0,2,2,Bot,,,,,,,1.8680286857571775,-134.88777568758115,1.7251848858107883,2.6610487886032637,28.456822087382857,-28.12513991158242,3.202452428,1.616190945,,,,93.4,2113.0,6.6,824639,691011,808959,805367,678246,695657,803011,671976,695731,53.89,,0.698334,0.7,1.0,0.0,0.0,,20,9,Cutter,2,1,2,1,1,2,2,1,Standard,Standard,186.0,0.018,0.175,,,,,-0.175,,1,1,0.659,0.659,33,24,33,24,1,1,5.0,1.0,5.0,1,2.27,-0.25,0.25,35.7,,,,,,0,0,1,0,0,0,home
,2026-08-18,,,,"Crow-Armstrong, Pete",691718,670950,intent_walk,automatic_ball,,,,,,Trevor Richards intentionally walks Pete Crow-Armstrong.,R,L,R,CHC,CWS,B,,,3,0,2026,,,,,,608348.0,,1,9,Bot,,,,,,,,,,,,,,,,,,,,,824639,668670,808959,805367,678246,695657,803011,671976,695731,,,,0.4,,0.0,0.0,,75,4,,3,3,3,3,3,3,3,3,,,,0.003,,,,,,,,0,0,0.707,0.707,33,24,33,24,1,4,1.0,1.0,2.0,1,,,,,,,,,,0,0,0,0,0,1,home
FF,2026-08-18,97.8,-0.44,6.01,"Crow-Armstrong, Pete",691718,691799,strikeout,swinging_strike,,,,,11.0,Pete Crow-Armstrong strikes out swinging.,R,L,R,CHC,CWS,S,2.0,,2,2,2026,-0.06,1.2,-0.0549583467146385,3.801892482968077,,682634.0,624424.0,0,7,Bot,,,,,,,1.2012087573179726,-142.56246367667796,-3.2091495278352866,-1.1270913052612477,29.62210772134186,-15.255336363762645,3.202452428,1.616190945,,,,99.6,2176.0,7.0,824639,691011,808959,805367,678246,695657,803011,671976,695731,53.53,,0.0,0.0,1.0,0.0,0.0,,58,6,4-Seam Fastball,2,3,2,3,3,2,2,3,Standard,Standard,188.0,-0.087,-0.247,71.4,6.0,2.932357488,,0.247,,-1,-1,0.534,0.534,24,24,24,24,1,3,3.0,1.0,1.0,1,1.16,0.06,-0.06,63.4,8.112205757220336,18.505107010379465,22.22214792658796,37.29573208911859,26.158040943502822,0,0,0,1,0,1,home
FF,2026-08-18,90.9,3.5,4.94,"Crow-Armstrong, Pete",691718,663542,home_run,hit_into_play,,,,,5.0,Pete Crow-Armstrong homers (31) on a fly ball to right center field.,R,L,L,CHC,CWS,X,,fly_ball,2,1,2026,1.04,1.1,0.1936944140576271,2.1956197566507436,,,,0,1,Bot,188.4,59.06,,,,,-10.620380692659388,-132.0485495708558,-3.2214397198366194,14.370996756936467,27.32460861732995,-18.78859081111458,3.202452428,1.616190945,379.0,95.8,39.0,92.5,2270.0,7.3,824639,691011,808959,805367,678246,695657,803011,671976,695731,53.2,0.086,0.175,2.0,1.0,0.0,3.0,3.0,5,4,4-Seam Fastball,0,0,0,0,0,1,1,0,Infield shade,Standard,121.0,0.094,1.063,82.9,8.0,,0.332,-1.063,95.8,0,0,0.551,0.551,29,24,29,24,1,0,3.0,1.0,3.0,1,1.66,1.04,1.04,11.7,18.208424098772703,-17.853445352124478,36.259638248167605,30.268077374044097,41.15396736625613,1,1,0,0,0,1,home
CU,2026-08-19,80.3,-0.96,6.06,"Crow-Armstrong, Pete",691718,664353,strikeout,swinging_strike_blocked,,,,,13.0,Pete Crow-Armstrong strikes out swinging.,R,L,R,CHC,CWS,S,2.0,,0,2,2026,0.61,-1.27,-0.3513495651053215,0.0679036379280768,,,621438.0,1,3,Bot,,,,,,,0.142668311703023,-117.01633055717686,-3.836243122107155,5.614825248517656,21.656507031746152,-43.39614777856725,3.202452428,1.616190945,,,,79.7,2910.0,5.7,824640,668670,808959,805367,678246,695657,803011,671976,695731,54.76,,0.0,0.0,1.0,0.0,0.0,,23,3,Curveball,0,0,0,0,0,0,0,0,Infield shade,Standard,32.0,-0.019,-0.159,53.8,8.4,2.888481672,,0.159,,0,0,0.545,0.545,31,24,31,24,1,1,5.0,1.0,5.0,2,4.79,-0.61,0.61,50.6,18.95887228548566,-20.87246590875588,43.16240811647262,38.62721786327812,46.62690655967147,0,0,0,1,0,1,home
FF,2026-08-19,93.0,-0.9,6.13,"Crow-Armstrong, Pete",691718,664353,double_play,hit_into_play,,,,,11.0,"Pete Crow-Armstrong lines into a double play, right fielder Braden Montgomery to third baseman Miguel Vargas. Tyrone Taylor out at 3rd.",R,L,R,CHC,CWS,X,9.0,line_drive,0,1,2026,-0.69,1.33,-0.8822082478939517,2.725421575714093,,621438.0,,0,6,Bot,181.39,92.46,,,,,1.5451539280666782,-135.3466546101958,-5.644549595854324,-8.751436677064671,30.339227667590944,-14.776756237612997,3.202452428,1.616190945,298.0,93.0,21.0,91.9,2248.0,5.7,824640,668670,808959,805367,678246,695657,803011,671976,695731,54.82,0.243,0.268,0.0,1.0,0.0,0.0,3.0,43,2,4-Seam Fastball,0,1,0,1,1,0,0,1,Standard,Standard,213.0,-0.166,-0.249,76.6,7.7,,0.397,0.249,93.0,-1,-1,0.493,0.493,31,24,31,24,2,2,5.0,1.0,5.0,2,1.31,0.69,-0.69,53.3,16.451570618096063,-6.662659061064882,25.59905656007679,44.93301647959756,38.07346247166406,0,0,0,0,0,1,home
CU,2026-08-19,82.1,-0.2,5.94,"Crow-Armstrong, Pete",691718,691799,field_out,hit_into_play,,,,,9.0,Pete Crow-Armstrong pops out to first baseman Munetaka Murakami in foul territory.,R,L,R,CHC,CWS,X,3.0,popup,0,0,2026,0.06,-1.46,0.5082944290789287,2.0121528566453497,,,,1,9,Bot,160.14,174.11,,,,,1.476849569267045,-119.54110471201984,0.8579049904517939,0.3041957066862137,25.25578302187742,-46.49944762296901,3.202452428,1.616190945,107.0,95.6,64.0,82.8,2544.0,6.9,824640,668670,808959,805367,678246,695657,671976,686668,695731,53.56,0.014,0.014,0.0,1.0,0.0,0.0,3.0,68,1,Curveball,0,3,0,3,3,0,0,3,Infield shade,Standard,14.0,-0.013,-0.262,76.1,7.8,,0.019,0.262,95.6,-3,-3,0.018,0.018,24,24,24,24,1,3,1.0,1.0,2.0,2,4.87,-0.06,0.06,64.2,22.901455633029517,-24.74278203826101,33.87109060610875,29.712197751805164,53.488060079514966,0,0,0,0,0,1,home
FF,2026-08-19,96.8,2.49,5.92,"Crow-Armstrong, Pete",691718,656794,field_out,hit_into_play,,,,,11.0,Pete Crow-Armstrong flies out to center fielder Tristan Peters.,R,L,L,CHC,CWS,X,8.0,fly_ball,1,2,2026,1.3,1.19,-0.9949393205234588,3.3279215184554563,,,,0,1,Bot,112.53,76.77,,,,,-12.036758441741291,-140.520883070639,-3.90301932141455,19.927601229195027,29.83333595110723,-15.665272262126326,3.202452428,1.616190945,306.0,96.7,40.0,95.8,2371.0,5.7,824640,668670,808959,805367,678246,695657,803011,671976,695731,54.8,0.086,0.166,0.0,1.0,0.0,0.0,3.0,4,5,4-Seam Fastball,0,0,0,0,0,0,0,0,Infield shade,Standard,132.0,-0.015,-0.186,69.2,7.1,,0.312,0.186,96.7,0,0,0.541,0.541,33,24,33,24,1,0,3.0,1.0,4.0,2,1.24,1.3,1.3,27.8,18.14779051968692,2.6846895702446303,23.442242755584424,46.065346344417726,31.202034243992717,0,0,0,0,0,1,home
SI,2026-08-21,95.0,-2.97,4.9,"Crow-Armstrong, Pete",691718,676106,field_out,hit_into_play,,,,,5.0,Pete Crow-Armstrong flies out to left fielder Randy Arozarena.,R,L,R,SEA,CHC,X,7.0,fly_ball,3,0,2026,-1.65,-0.05,0.1242393426509702,2.358372687052173,,624424.0,608348.0,1,4,Top,66.97,94.0,,,,,11.669937326144952,-137.81751968078112,-0.6191619205746399,-23.62607769919699,32.24539414119232,-32.94780270198237,3.202452428,1.616190945,299.0,86.6,29.0,94.3,2401.0,6.1,823101,663728,647304,702284,680977,801126,668227,677594,686527,54.35,0.034,0.031,0.0,1.0,0.0,0.0,3.0,33,4,Sinker,4,3,3,4,3,4,3,4,Standard,Standard,254.0,0.105,-0.465,74.2,6.3,,0.053,0.465,88.0,1,-1,0.524,0.476,27,24,27,24,3,2,6.0,2.0,7.0,1,2.61,1.65,-1.65,6.9,-1.413513504943595,15.165826868142132,37.49871567554757,31.710912291519364,27.20521150560227,0,0,0,0,0,1,away
CH,2026-08-21,86.2,-3.02,4.86,"Crow-Armstrong, Pete",691718,676106,field_out,hit_into_play,,,,,13.0,Pete Crow-Armstrong pops out to third baseman Brendan Donovan in foul territory.,R,L,R,SEA,CHC,X,5.0,popup,1,2,2026,-1.3,-0.26,-0.8972585549231389,1.0817269270440204,,,,2,2,Top,80.98,175.34,,,,,7.620397730997317,-125.36760770731036,-1.9920917981126796,-15.211965118819364,24.721826958129807,-34.729359960544535,3.202452428,1.616190945,126.0,58.3,61.0,85.9,1661.0,6.1,823101,663728,647304,702284,680977,801126,668227,677594,686527,54.41,0.003,0.003,0.0,1.0,0.0,0.0,1.0,13,4,Changeup,0,3,3,0,3,0,3,0,Infield shade,Standard,281.0,0.005,-0.18,66.9,8.5,,0.003,0.18,88.0,-3,3,0.248,0.752,27,24,27,24,2,1,6.0,2.0,7.0,1,3.32,1.3,-1.3,6.4,19.12237408585113,-16.458045530275808,36.15071209129119,44.100507916561405,42.72947260487105,0,0,0,0,0,1,away
FF,2026-08-21,96.0,-2.97,4.92,"Crow-Armstrong, Pete",691718,676106,home_run,hit_into_play,,,,,1.0,Pete Crow-Armstrong homers (32) on a fly ball to right center field.,R,L,R,SEA,CHC,X,,fly_ball,3,2,2026,-0.95,0.58,-0.4948013710892162,2.759952403786362,,,,0,1,Top,193.8,66.81,,,,,8.637402417306147,-139.59757823218473,-1.3028561594179309,-14.33022244432672,30.39148753621877,-24.47832880355661,3.202452428,1.616190945,367.0,101.7,39.0,96.0,2227.0,6.2,823101,663728,647304,702284,680977,801126,668227,677594,686527,54.26,0.294,0.591,2.0,1.0,0.0,3.0,5.0,1,9,4-Seam Fastball,0,0,0,0,1,0,1,0,Infield shade,Standard,245.0,-0.091,1.028,77.1,7.5,,1.136,-1.028,101.7,0,0,0.495,0.505,27,24,27,24,1,0,6.0,2.0,7.0,1,1.89,0.95,-0.95,7.8,18.307716860287552,-8.19959133905515,28.320564888666738,37.11464584902585,36.99561086537541,1,1,0,0,0,1,away
SL,2026-08-21,86.5,2.2,5.21,"Crow-Armstrong, Pete",691718,642100,field_out,hit_into_play,,,,,13.0,"Pete Crow-Armstrong grounds out, second baseman Cole Young to first baseman Josh Naylor.",R,L,L,SEA,CHC,X,4.0,ground_ball,3,2,2026,-0.22,-0.12,-1.0691775169967133,1.4648982757499067,,,608348.0,2,6,Top,149.98,153.61,,,,,-7.239378263527596,-125.92050595839784,-2.288272560326659,-0.914133261354006,24.3171291303941,-33.214612359203926,3.202452428,1.616190945,13.0,99.1,-6.0,86.6,2195.0,6.2,823101,663728,647304,702284,680977,801126,668227,677594,686527,54.28,0.353,0.318,0.0,1.0,0.0,0.0,2.0,51,7,Slider,5,3,3,5,3,5,3,5,Infield shade,Standard,292.0,0.035,-0.326,74.0,7.7,,0.386,0.326,99.1,2,-2,0.81,0.19,31,24,31,24,1,3,2.0,2.0,3.0,1,3.15,-0.22,-0.22,25.9,10.460455235613848,-3.490930544712539,30.7136237925465,42.74308192803287,38.98530316608706,0,0,0,0,0,1,away
,2026-08-21,,,,"Crow-Armstrong, Pete",691718,660825,intent_walk,automatic_ball,,,,,,Eduard Bazardo intentionally walks Pete Crow-Armstrong.,R,L,R,SEA,CHC,B,,,3,0,2026,,,,,663538.0,699393.0,,2,8,Top,,,,,,,,,,,,,,,,,,,,,823101,663728,647304,702284,680977,801126,668227,677594,686527,,,,0.4,,0.0,0.0,,67,4,,5,4,4,5,4,5,4,5,,,,-0.013,,,,,,,,1,-1,0.699,0.301,30,24,31,24,1,4,2.0,2.0,2.0,1,,,,,,,,,,0,0,0,0,0,1,away
FF,2026-08-22,93.8,2.09,6.08,"Crow-Armstrong, Pete",691718,807739,double,hit_into_play,,,,,5.0,Pete Crow-Armstrong doubles (26) on a fly ball to right fielder Dominic Canzone.,R,L,L,SEA,CHC,X,9.0,fly_ball,0,2,2026,0.53,1.44,-0.0187137459965651,2.6405859473885704,,,,0,6,Top,184.49,57.65,,,,,-6.649471560053443,-136.36061471291936,-6.264778294515477,8.008070817669292,29.21676385461828,-13.008136646876446,3.202452428,1.616190945,377.0,97.1,30.0,95.0,1943.0,7.0,823100,663728,647304,702284,642215,660844,668227,677594,686527,53.51,0.266,0.461,1.25,1.0,1.0,1.0,5.0,41,3,4-Seam Fastball,2,1,1,2,1,2,1,2,Infield shade,Standard,150.0,-0.113,0.8,74.7,7.3,,0.847,-0.8,97.1,1,-1,0.674,0.326,21,24,22,24,3,2,,1.0,7.0,1,1.15,0.53,0.53,61.1,16.436595552093596,-6.273659836305637,30.29190176897772,32.5214314529278,34.36190087011707,1,0,0,0,0,1,away
SL,2026-08-22,88.1,2.68,6.01,"Crow-Armstrong, Pete",691718,807739,field_out,hit_into_play,,,,,8.0,"Pete Crow-Armstrong grounds out, second baseman Cole Young to first baseman Josh Naylor.",R,L,L,SEA,CHC,X,4.0,ground_ball,2,0,2026,-0.46,0.28,-0.18711043336086,1.9953673598812671,,,,2,3,Top,148.97,152.59,,,,,-5.983057489970647,-128.32389332996445,-4.159338839786461,-4.180551604045468,21.77720788709888,-28.54104957566647,3.202452428,1.616190945,26.0,82.2,-3.0,90.0,2504.0,7.0,823100,663728,647304,702284,642215,660844,668227,677594,686527,53.48,0.228,0.205,0.0,1.0,0.0,0.0,2.0,18,3,Slider,1,0,0,1,0,1,0,1,Standard,Standard,281.0,0.016,-0.368,75.7,7.4,,0.242,0.368,88.0,1,-1,0.653,0.347,21,24,22,24,2,1,,1.0,7.0,1,2.61,-0.46,-0.46,50.1,7.066914730612952,0.5182334690031147,33.80270666025013,33.55726725161739,35.373705660188946,0,0,0,0,0,1,away
SL,2026-08-22,88.6,-2.93,5.98,"Crow-Armstrong, Pete",691718,672841,field_out,hit_into_play,,,,,5.0,Pete Crow-Armstrong flies out to center fielder Julio Rodríguez.,R,L,R,SEA,CHC,X,8.0,fly_ball,0,2,2026,0.8,0.29,0.0955060951671364,2.3339323771719815,,,664023.0,1,7,Top,117.38,67.0,,,,,5.630844623047721,-128.85271609669485,-3.200641546993232,7.579819921041349,28.615797274782135,-28.44009466559358,3.202452428,1.616190945,328.0,92.5,37.0,88.8,2484.0,6.6,823100,663728,647304,702284,642215,660844,668227,677594,686527,53.88,0.034,0.061,0.0,1.0,0.0,0.0,3.0,53,3,Slider,2,4,4,2,4,2,4,2,Infield shade,Standard,71.0,0.012,-0.162,74.5,7.0,,0.108,0.162,92.5,-2,2,0.192,0.808,26,24,27,24,1,3,,1.0,2.0,1,2.63,-0.8,0.8,38.8,10.459190534005444,2.82089679993939,32.37614362359858,32.54313482827337,35.89058496017809,0,0,0,0,0,1,away
FF,2026-08-22,94.7,2.07,6.06,"Crow-Armstrong, Pete",691718,807739,field_out,hit_into_play,,,,,11.0,Pete Crow-Armstrong pops out to shortstop Leo Rivas.,R,L,L,SEA,CHC,X,6.0,popup,0,0,2026,0.45,1.32,-1.0172325495694778,3.0218601629594524,,,,0,1,Top,126.47,146.15,,,,,-9.060039482872572,-137.69427835176495,-5.159301206607985,7.449221512508217,25.849729065617137,-14.404872129155189,3.202452428,1.616190945,138.0,86.8,66.0,96.3,1932.0,6.9,823100,663728,647304,702284,642215,660844,668227,677594,686527,53.59,0.006,0.007,0.0,1.0,0.0,0.0,3.0,1,1,4-Seam Fastball,0,0,0,0,0,0,0,0,Standard,Standard,151.0,0.022,-0.259,74.1,7.7,,0.01,0.259,88.0,0,0,0.5,0.5,21,24,22,24,1,0,,1.0,7.0,1,1.2,0.45,0.45,54.9,21.04957812207884,-11.856522501158246,26.82634881973571,42.366057938365145,40.01141037471092,0,0,0,0,0,1,away
FF,2026-08-23,93.7,-1.01,5.68,"Crow-Armstrong, Pete",691718,682243,walk,ball,,,,,11.0,Pete Crow-Armstrong walks.,R,L,R,SEA,CHC,B,,,3,2,2026,-0.33,1.42,-0.9889879773225796,4.516622809568811,,,,0,5,Top,,,,,,,0.7973448672818768,-136.57958298276793,-0.3898370363079634,-4.361255363980788,26.813095729708383,-14.401021299664134,3.202452428,1.616190945,,,,94.2,2168.0,6.2,823099,663728,647304,702284,642215,660844,668227,677594,645302,54.27,,0.698334,0.7,1.0,0.0,0.0,,39,8,4-Seam Fastball,2,5,5,2,5,2,5,2,Infield shade,Standard,201.0,-0.016,0.361,,,,,-0.361,,-3,3,0.161,0.839,27,24,28,24,3,2,5.0,1.0,10.0,1,1.15,0.33,-0.33,48.9,,,,,,0,0,1,0,0,0,away
FS,2026-08-23,85.2,-1.24,5.54,"Crow-Armstrong, Pete",691718,682243,strikeout,swinging_strike,,,,,11.0,Pete Crow-Armstrong strikes out swinging.,R,L,R,SEA,CHC,S,2.0,,1,2,2026,-0.76,0.43,-1.2294303422264865,2.5962708878922984,,,,1,3,Top,,,,,,,1.5837894192870907,-124.2646660139097,-1.3828702751581157,-8.26167091977122,21.66638171344516,-27.647383791502133,3.202452428,1.616190945,,,,86.0,1129.0,6.4,823099,663728,647304,702284,642215,660844,668227,677594,645302,54.13,,0.0,0.0,1.0,0.0,0.0,,22,4,Split-Finger,2,1,1,2,1,2,1,2,Infield shade,Standard,212.0,0.013,-0.183,76.1,8.0,5.5955655,,0.183,,1,-1,0.644,0.356,27,24,28,24,2,1,5.0,1.0,10.0,1,2.67,0.76,-0.76,43.4,22.967153739359105,-24.43176145865172,25.155376030481264,46.77732189749049,53.15467480860881,0,0,0,1,0,1,away
SI,2026-08-23,99.5,2.75,5.86,"Crow-Armstrong, Pete",691718,678606,single,hit_into_play,,,,,5.0,Pete Crow-Armstrong singles on a ground ball to shortstop Leo Rivas. Pedro Ramírez scores.,R,L,L,SEA,CHC,X,6.0,ground_ball,1,2,2026,1.34,0.36,0.1038706062157488,2.333563942719527,699393.0,,,2,6,Top,106.38,151.58,,,,,-10.2800973278101,-144.67792024922576,-4.955228621559547,21.015809902899548,28.584445999468528,-26.222682305213816,3.202452428,1.616190945,16.0,71.1,-7.0,99.6,2102.0,6.1,823099,663728,647304,702284,642215,660844,668227,677594,645302,54.43,0.097,0.094,0.9,1.0,1.0,0.0,2.0,51,4,Sinker,2,6,6,2,7,2,7,2,Standard,Standard,113.0,-0.037,0.775,72.0,6.4,,0.105,-0.775,88.0,-4,4,0.089,0.911,26,24,26,24,1,3,3.0,1.0,2.0,1,1.92,1.34,1.34,33.4,-8.609914745815448,19.30933110766269,37.64061590982122,32.35865020826847,19.24124096970101,1,0,0,0,0,1,away
CU,2026-08-23,83.5,-2.21,5.49,"Crow-Armstrong, Pete",691718,621074,home_run,hit_into_play,,,,,8.0,Pete Crow-Armstrong homers (33) on a line drive to right field. Carson Kelly scores.,R,L,R,SEA,CHC,X,,line_drive,0,1,2026,1.27,-0.8,0.0528806157592489,1.7424102335952525,,608348.0,,2,8,Top,211.83,80.1,,,,,2.5774576361649046,-121.58462312246688,-0.3061221896290131,11.938036531169436,26.286064921832462,-40.19588408324026,3.202452428,1.616190945,355.0,110.7,22.0,82.9,2777.0,6.1,823099,663728,647304,702284,642215,660844,668227,677594,645302,54.38,0.98,1.903,2.0,1.0,0.0,3.0,6.0,67,2,Curveball,2,8,8,2,10,2,10,2,Standard,Standard,41.0,-0.007,1.65,80.9,8.2,,3.659,-1.65,110.7,-6,6,0.009,0.991,32,24,32,24,1,4,1.0,1.0,5.0,1,4.09,-1.27,1.27,35.7,17.61237551570526,-16.16959623918371,40.1272766238755,33.3383628908004,41.816591580533824,1,1,0,0,0,1,away
KC,2026-08-23,82.7,-1.06,5.71,"Crow-Armstrong, Pete",691718,682243,field_out,hit_into_play,,,,,8.0,Pete Crow-Armstrong lines out to second baseman Cole Young.,R,L,R,SEA,CHC,X,4.0,line_drive,2,2,2026,0.51,-1.12,-0.2556867728243695,1.8062244927942053,,,,0,1,Top,147.96,145.58,,,,,0.7990381716863763,-120.58007291136938,-0.0059526840019457,4.879002893888139,22.19340133463297,-43.342589081191754,3.202452428,1.616190945,149.0,97.4,10.0,83.1,2352.0,6.4,823099,663728,647304,702284,642215,660844,668227,677594,645302,54.15,0.729,0.708,0.0,1.0,0.0,0.0,4.0,1,6,Knuckle Curve,0,0,0,0,0,0,0,0,Infield shade,Standard,25.0,0.019,-0.232,67.7,7.1,,0.855,0.232,97.4,0,0,0.503,0.497,27,24,28,24,1,0,5.0,1.0,10.0,1,4.42,-0.51,0.51,46.3,13.83711628716216,4.5837581627975315,34.34193902697638,35.747062605655685,36.6561868539263,0,0,0,0,0,1,away
CH,2026-08-24,90.2,-1.88,5.45,"Crow-Armstrong, Pete",691718,518876,field_out,hit_into_play,,,,,13.0,"Pete Crow-Armstrong grounds out, second baseman Ildemaro Vargas to first baseman Tim Tawa. Michael Conforto to 3rd.",R,L,R,AZ,CHC,X,4.0,ground_ball,1,2,2026,-1.17,-0.06,-1.0029074887070686,1.015387759659632,,624424.0,,1,5,Top,155.75,156.08,,,,,4.676334030118186,-131.2906850609127,-4.680591650972653,-14.55407056247995,27.730170136030736,-32.12726552612746,3.202452428,1.616190945,48.0,66.1,4.0,90.0,2081.0,6.2,825041,672515,694374,545121,571448,672695,596146,814439,682998,54.33,0.221,0.207,0.0,1.0,0.0,0.0,2.0,32,4,Changeup,0,1,1,0,1,0,1,0,Infield shade,Standard,240.0,0.022,-0.163,65.4,8.3,,0.25,0.163,88.0,-1,1,0.351,0.649,37,24,38,24,3,2,6.0,1.0,5.0,1,2.86,1.17,-1.17,23.7,14.869839650362238,-9.837808413904089,33.35655067944187,45.63143601307489,40.56817494682544,0,0,0,0,0,1,away
SL,2026-08-24,89.3,-1.78,5.36,"Crow-Armstrong, Pete",691718,518876,field_out,hit_into_play,,,,,8.0,Pete Crow-Armstrong flies out to center fielder Ryan Waldschmidt.,R,L,R,AZ,CHC,X,8.0,fly_ball,1,2,2026,0.25,0.41,-0.0138226892710341,2.027694576381512,699393.0,624424.0,608348.0,2,2,Top,136.52,42.86,,,,,3.758269618556258,-130.03273808123922,-2.9079135580721225,2.0807081368884717,25.39951423347923,-27.126672676669408,3.202452428,1.616190945,386.0,97.6,28.0,89.5,2453.0,6.2,825041,672515,694374,545121,571448,672695,596146,814439,682998,54.26,0.374,0.61,0.0,1.0,0.0,0.0,6.0,13,5,Slider,0,1,1,0,1,0,1,0,Infield shade,Standard,188.0,0.048,-0.174,78.4,7.2,,1.108,0.174,97.6,-1,1,0.395,0.605,37,24,38,24,2,1,6.0,1.0,5.0,1,2.43,-0.25,0.25,24.0,7.817873301872899,0.3652995371589315,36.167339853422746,34.04676231781864,35.35279733947729,0,0,0,0,0,1,away
SL,2026-08-24,88.3,-2.08,5.42,"Crow-Armstrong, Pete",691718,686753,field_out,hit_into_play,,,,,14.0,"Pete Crow-Armstrong grounds out, pitcher Drey Jameson to first baseman Tim Tawa. Michael Conforto to 2nd.",R,L,R,AZ,CHC,X,1.0,ground_ball,3,2,2026,0.31,0.23,0.470368523844845,0.9484820471604708,,,624424.0,1,8,Top,117.69,179.26,,,,,5.417882029779932,-128.61458880057145,-5.079972425537099,2.4943419233804165,23.55558980686954,-28.827069682232615,3.202452428,1.616190945,1.0,60.8,-50.0,87.9,2667.0,5.7,825041,672515,694374,545121,571448,672695,596146,814439,682998,54.79,0.321,0.289,0.0,1.0,0.0,0.0,2.0,61,7,Slider,0,7,7,0,7,0,7,0,Infield shade,Standard,104.0,0.0,-0.374,71.7,8.5,,0.332,0.374,88.0,-7,7,0.004,0.996,28,24,29,24,1,4,36.0,1.0,,1,2.66,-0.31,0.31,39.0,27.338704810746616,-28.662892020870743,40.172094849278075,29.975995210172485,50.902523022259835,0,0,0,0,0,1,away
CH,2026-08-24,90.3,-1.24,5.74,"Crow-Armstrong, Pete",691718,664199,field_out,hit_into_play,,,,,13.0,Pete Crow-Armstrong flies out to left fielder Max Kepler.,R,L,R,AZ,CHC,X,7.0,fly_ball,0,2,2026,-1.29,0.21,-0.5721643423188516,1.2267012701300235,,,,2,6,Top,40.48,110.8,,,,,4.417701892996826,-131.35585707819843,-5.4884237259246085,-15.871429780247292,27.06786159838776,-28.849020273373384,3.202452428,1.616190945,303.0,85.8,37.0,90.3,1832.0,6.3,825041,672515,694374,545121,571448,672695,596146,814439,682998,54.25,0.017,0.023,0.0,1.0,0.0,0.0,3.0,44,3,Changeup,0,5,5,0,5,0,5,0,Infield shade,Standard,240.0,0.001,-0.154,68.7,7.4,,0.034,0.154,88.0,-5,5,0.056,0.944,33,24,33,24,1,3,1.0,1.0,3.0,1,2.59,1.29,-1.29,41.8,2.3885317420586163,10.075319148882452,38.98087784676627,39.41402499888847,29.89137193812049,0,0,0,0,0,1,away
SI,2026-08-24,92.9,-1.83,5.41,"Crow-Armstrong, Pete",691718,518876,field_out,hit_into_play,,,,,5.0,Pete Crow-Armstrong flies out to left fielder Max Kepler.,R,L,R,AZ,CHC,X,7.0,fly_ball,1,1,2026,-1.24,0.62,0.0290571983905674,2.142109641729688,,,,0,1,Top,77.41,97.79,,,,,7.436728487590885,-135.0442499268182,-3.6780051390233126,-16.869660381579962,32.06617391392585,-23.95855608989068,3.202452428,1.616190945,280.0,80.2,35.0,92.1,2248.0,6.0,825041,672515,694374,545121,571448,672695,596146,814439,682998,54.45,0.029,0.026,0.0,1.0,0.0,0.0,3.0,1,3,Sinker,0,0,0,0,0,0,0,0,Infield shade,Standard,235.0,0.021,-0.247,75.7,6.8,,0.046,0.247,88.0,0,0,0.501,0.499,37,24,38,24,1,0,6.0,1.0,5.0,1,2.04,1.24,-1.24,21.0,2.0546443400567416,7.606805815045577,39.387162749592115,30.90954864974786,31.003162755768287,0,0,0,0,0,1,away
FF,2026-08-25,93.1,-2.15,5.31,"Crow-Armstrong, Pete",691718,694297,walk,ball,,,,,14.0,"Pete Crow-Armstrong challenged (pitch result), call on the field was overturned: Pete Crow-Armstrong walks. Michael Conforto to 2nd.",R,L,R,AZ,CHC,B,,,3,0,2026,-0.52,1.21,0.3921651559391765,1.449470943090118,699393.0,,624424.0,2,7,Top,,,,,,,7.644536808441892,-135.21039930787322,-6.61722642765034,-8.051819867884415,29.837158344683953,-16.037654517779497,3.202452428,1.616190945,,,,93.6,2568.0,6.7,825042,672515,694374,545121,571448,672695,596146,691783,682998,53.75,,0.698334,0.7,1.0,0.0,0.0,,50,4,4-Seam Fastball,0,4,4,0,4,0,4,0,Standard,Standard,227.0,-0.002,0.035,,,,,-0.035,,-4,4,0.057,0.943,27,24,28,24,4,3,6.0,1.0,6.0,1,1.43,0.52,-0.52,26.5,,,,,,0,0,1,0,0,0,away
CH,2026-08-25,88.8,-2.32,5.16,"Crow-Armstrong, Pete",691718,694297,field_out,hit_into_play,,,,,13.0,"Pete Crow-Armstrong grounds out, shortstop Geraldo Perdomo to first baseman Tim Tawa.",R,L,R,AZ,CHC,X,6.0,ground_ball,0,1,2026,-1.36,0.06,-0.6140658162805686,0.8289245229879678,,,,2,5,Top,118.05,145.94,,,,,7.060746297853458,-129.04460826077766,-4.414600999223159,-16.66797663403443,28.482876861330155,-30.73138664204721,3.202452428,1.616190945,84.0,87.6,4.0,89.2,2167.0,6.7,825042,672515,694374,545121,571448,672695,596146,691783,682998,53.76,0.521,0.49,0.0,1.0,0.0,0.0,2.0,34,2,Changeup,0,3,3,0,3,0,3,0,Infield shade,Standard,241.0,0.006,-0.216,68.5,7.5,,0.593,0.216,88.0,-3,3,0.186,0.814,27,24,28,24,3,2,6.0,1.0,6.0,1,2.85,1.36,-1.36,22.6,-0.3199657611056543,7.829281234332231,43.59752606713796,40.30994141316957,27.992579811753583,0,0,0,0,0,1,away
FC,2026-08-25,91.6,-2.14,5.4,"Crow-Armstrong, Pete",691718,694297,field_out,hit_into_play,,,,,6.0,Pete Crow-Armstrong lines out to first baseman Tim Tawa.,R,L,R,AZ,CHC,X,3.0,line_drive,2,1,2026,0.04,0.8,0.6553342887366921,2.1936834362648625,,,,2,3,Top,166.99,158.97,,,,,6.880694908225576,-133.2808733304418,-3.8181355430770454,-0.9122793259192006,27.378042973306485,-21.999615789675037,3.202452428,1.616190945,145.0,72.6,14.0,92.0,2617.0,6.4,825042,672515,694374,545121,571448,672695,596146,691783,682998,54.09,0.437,0.393,0.0,1.0,0.0,0.0,4.0,17,4,Cutter,0,0,0,0,0,0,0,0,Infield shade,Standard,206.0,0.013,-0.301,77.6,7.3,,0.459,0.301,88.0,0,0,0.542,0.458,27,24,28,24,2,1,6.0,1.0,6.0,1,1.91,-0.04,0.04,24.9,11.04239473320128,-6.398502788054512,36.66026067714278,26.21259999707165,36.9694430629182,0,0,0,0,0,1,away
FF,2026-08-25,93.8,-2.07,5.61,"Crow-Armstrong, Pete",691718,694297,field_out,hit_into_play,,,,,8.0,Pete Crow-Armstrong flies out sharply to right fielder Corbin Carroll.,R,L,R,AZ,CHC,X,9.0,fly_ball,0,0,2026,-0.64,1.32,0.0702619971530412,2.0511819309663792,,,,0,1,Top,173.09,84.22,,,,,6.931846567018685,-136.3688855512887,-6.221465141562935,-9.527357564163792,29.72180569612338,-14.56386390675563,3.202452428,1.616190945,307.0,105.9,50.0,94.1,2595.0,6.5,825042,672515,694374,545121,571448,672695,596146,691783,682998,53.99,0.046,0.08,0.0,1.0,0.0,0.0,3.0,1,1,4-Seam Fastball,0,0,0,0,0,0,0,0,Infield shade,Standard,219.0,0.022,-0.259,77.9,8.0,,0.139,0.259,105.9,0,0,0.5,0.5,27,24,28,24,1,0,6.0,1.0,6.0,1,1.28,0.64,-0.64,30.8,17.957797801196197,-16.513503907768836,34.37737991224363,31.838120338995655,43.84127262427296,0,0,0,0,0,1,away
CU,2026-08-26,77.2,1.12,6.15,"Crow-Armstrong, Pete",691718,593958,double,hit_into_play,,,,,7.0,"Pete Crow-Armstrong doubles (27) on a line drive to right fielder Corbin Carroll, deflected by first baseman Tim Tawa.",R,L,L,AZ,CHC,X,3.0,line_drive,0,0,2026,-0.4,-0.81,-0.5599288537543148,1.5348247802302373,,,,0,6,Top,212.67,108.01,,,,,-2.7947431342233835,-112.33953033198983,-1.0718720648444928,-2.854044461171305,21.40953828418961,-39.015057189965546,3.202452428,1.616190945,169.0,97.3,11.0,77.3,2290.0,6.5,825039,543510,694374,545121,699912,672695,814439,691783,682998,54.04,0.883,0.838,1.25,1.0,1.0,1.0,4.0,35,1,Curveball,0,0,0,0,0,0,0,0,Standard,Standard,307.0,-0.092,0.706,74.0,8.1,,1.031,-0.706,97.3,0,0,0.5,0.5,33,24,33,24,3,2,5.0,1.0,6.0,2,4.65,-0.4,-0.4,50.2,18.56009091334045,-14.819807147608827,32.25741609862069,38.36835096529281,50.65425911989682,1,0,0,0,0,1,away
FC,2026-08-26,94.4,1.59,5.63,"Crow-Armstrong, Pete",691718,805299,strikeout,swinging_strike,,,,,5.0,Pete Crow-Armstrong strikes out swinging.,R,L,L,AZ,CHC,S,2.0,,3,2,2026,0.18,0.66,0.0887925345700386,2.283356281912853,,,,1,8,Top,,,,,,,-4.209204351166288,-137.55851241952558,-4.337564294909144,3.127133933840488,27.71804328402113,-23.01436537225706,3.202452428,1.616190945,,,,93.7,2214.0,5.6,825039,543510,694374,545121,699912,672695,814439,691783,682998,54.93,,0.0,0.0,1.0,0.0,0.0,,52,6,Cutter,1,0,0,1,0,1,0,1,Standard,Standard,144.0,0.05,-0.346,74.1,7.8,0.1,,0.346,,1,-1,0.79,0.21,26,24,26,24,1,3,3.0,1.0,2.0,2,1.87,0.18,0.18,20.3,17.20697542491151,-10.444329391952564,33.18874179541666,33.01019521566495,34.94133434394235,0,0,0,1,0,1,away
FF,2026-08-26,92.3,0.99,6.06,"Crow-Armstrong, Pete",691718,593958,strikeout,swinging_strike,,,,,11.0,Pete Crow-Armstrong strikes out swinging.,R,L,L,AZ,CHC,S,2.0,,2,2,2026,0.28,1.46,-1.0109463742492577,3.298415354838151,,,,2,3,Top,,,,,,,-5.668716222277515,-134.29687971920535,-4.250245942534573,4.661261626901452,28.761993031024794,-13.790635103851368,3.202452428,1.616190945,,,,92.6,2335.0,6.4,825039,543510,694374,545121,699912,672695,814439,691783,682998,54.07,,0.0,0.0,1.0,0.0,0.0,,17,5,4-Seam Fastball,0,0,0,0,0,0,0,0,Standard,Standard,159.0,0.01,-0.221,53.4,6.2,0.201852312,,0.221,,0,0,0.545,0.455,33,24,33,24,2,1,5.0,1.0,6.0,2,1.22,0.28,0.28,47.5,11.368516094165953,18.80569044222346,24.99704662505757,43.24028429394196,22.943663055383155,0,0,0,1,0,1,away
CH,2026-08-26,83.6,1.25,6.07,"Crow-Armstrong, Pete",691718,593958,strikeout,swinging_strike,,,,,14.0,Pete Crow-Armstrong strikes out swinging.,R,L,L,AZ,CHC,S,2.0,,1,2,2026,1.17,0.69,1.4486634494062591,1.8504807420320688,,,,0,1,Top,,,,,,,-1.898997054015843,-121.67100614724986,-4.422946028542155,11.970961572676732,24.58604521056462,-24.63326801536919,3.202452428,1.616190945,,,,83.6,1860.0,6.3,825039,543510,694374,545121,699912,672695,814439,691783,682998,54.18,,0.0,0.0,1.0,0.0,0.0,,1,4,Changeup,0,0,0,0,0,0,0,0,Standard,Standard,141.0,0.015,-0.186,77.3,8.1,0.577621596,,0.186,,0,0,0.507,0.493,33,24,33,24,1,0,5.0,1.0,6.0,2,2.58,1.17,1.17,45.1,27.693171179093735,-40.03540373370904,36.69431260456043,15.466588410477366,48.42884535784302,0,0,0,1,0,1,away
CH,2026-08-28,85.6,-2.67,5.45,"Crow-Armstrong, Pete",691718,695076,single,hit_into_play,,,,,14.0,Pete Crow-Armstrong singles on a ground ball to right fielder Héctor Rodríguez.,R,L,R,CHC,CIN,X,9.0,ground_ball,1,0,2026,-1.49,0.09,0.2816418609093984,1.0063602480463638,,,,0,3,Bot,180.65,112.04,,,,,9.842711858194226,-124.33235644865948,-4.19926573945854,-17.31412355273056,21.865460328215452,-30.60042929435229,3.202452428,1.616190945,67.0,108.6,3.0,85.4,2130.0,6.0,824638,624431,701398,680574,553993,682829,668709,667472,699302,54.51,0.531,0.489,0.9,1.0,1.0,0.0,4.0,24,2,Changeup,1,0,1,0,0,1,1,0,Standard,Standard,253.0,0.029,0.402,78.0,7.6,,0.577,-0.402,108.6,1,1,0.672,0.672,24,24,24,24,2,1,6.0,2.0,7.0,1,3.0,1.49,-1.49,26.2,3.463545157128646,-3.868608644306096,49.05645741423084,31.12317245078991,35.21751061467102,1,0,0,0,0,1,home
FF,2026-08-28,94.9,-2.25,5.59,"Crow-Armstrong, Pete",691718,695076,field_out,hit_into_play,,,,,6.0,Pete Crow-Armstrong lines out to left fielder JJ Bleday.,R,L,R,CHC,CIN,X,7.0,line_drive,3,2,2026,-0.81,0.77,0.2791271293473724,2.6921774888002212,,,,0,5,Bot,95.66,89.15,,,,,8.337367678157637,-138.16871295803566,-3.5717251934651646,-12.085370036877327,25.782957160904957,-21.661466341436935,3.202452428,1.616190945,285.0,80.2,29.0,95.2,2448.0,6.1,824638,624431,701398,680574,553993,682829,668709,667472,699302,54.44,0.14,0.162,0.0,1.0,0.0,0.0,3.0,43,6,4-Seam Fastball,3,2,3,2,2,3,3,2,Infield shade,Standard,227.0,-0.026,-0.346,72.4,6.1,,0.234,0.346,88.0,1,1,0.713,0.713,24,24,24,24,3,2,6.0,2.0,7.0,1,1.72,0.81,-0.81,27.3,5.889557441792357,18.011922274784382,33.71192876602199,32.18302054264032,29.096183338477108,0,0,0,0,0,1,home
SI,2026-08-28,97.5,-2.03,5.44,"Crow-Armstrong, Pete",691718,682825,single,hit_into_play,,,,,7.0,Pete Crow-Armstrong singles on a line drive to center fielder Dane Myers. Carson Kelly to 3rd.,R,L,R,CHC,CIN,X,8.0,line_drive,1,1,2026,-1.24,0.46,-0.307243977234396,2.0743944745778418,,608348.0,,2,7,Bot,142.12,100.88,,,,,7.510552709909895,-141.84927645517004,-4.478145990509682,-18.361411138522573,28.920109536248585,-25.19379455318447,3.202452428,1.616190945,98.0,108.4,4.0,98.6,2366.0,6.7,824638,624431,701398,680574,553993,682829,670770,667472,668709,53.83,0.637,0.587,0.9,1.0,1.0,0.0,4.0,67,3,Sinker,3,9,3,9,9,3,3,9,Infield shade,Standard,199.0,0.005,0.704,74.9,7.1,,0.69,-0.704,108.4,-6,-6,0.014,0.014,25,24,25,24,1,3,5.0,2.0,2.0,1,1.92,1.24,-1.24,31.5,5.8884052038177055,6.525222176459343,34.59493701951374,39.30462960380272,29.424485837828485,1,0,0,0,0,1,home
ST,2026-08-28,82.1,2.19,4.8,"Crow-Armstrong, Pete",691718,594580,field_out,hit_into_play,,,,,9.0,Pete Crow-Armstrong grounds out to first baseman Sal Stewart. Matt Shaw to 3rd.,R,L,L,CHC,CIN,X,3.0,ground_ball,2,1,2026,-0.95,0.1,0.6229603657210042,1.6436394935824632,,807713.0,,1,8,Bot,157.33,169.32,,,,,-1.5962953677115723,-119.50561159886608,-0.55031912932485,-8.647901861776635,25.431715299762008,-31.328142910845695,3.202452428,1.616190945,19.0,77.7,-3.0,79.0,2894.0,4.3,824638,624431,701398,680574,553993,682829,670770,667472,668709,56.17,0.134,0.121,0.0,1.0,0.0,0.0,2.0,79,4,Sweeper,7,9,7,9,9,7,7,9,Infield shade,Standard,319.0,-0.071,-0.268,74.9,6.7,,0.151,0.268,88.0,-2,-2,0.205,0.205,34,24,34,24,1,4,3.0,2.0,1.0,1,3.31,-0.95,-0.95,9.8,2.235646975435346,-1.200424651981021,40.22432947844672,24.960299541432622,36.386560040314706,0,0,0,0,0,1,home
SL,2026-08-28,87.5,-2.25,5.69,"Crow-Armstrong, Pete",691718,695076,strikeout,swinging_strike,,,,,14.0,Pete Crow-Armstrong strikes out swinging.,R,L,R,CHC,CIN,S,2.0,,3,2,2026,0.21,-0.18,1.3346026960812951,1.6113941992418337,,,,0,1,Bot,,,,,,,8.049196543620132,-127.31608455776232,-3.1691449639065468,0.9342988822540446,21.70577695643928,-33.807803081804856,3.202452428,1.616190945,,,,87.7,2908.0,6.1,824638,624431,701398,680574,553993,682829,668709,667472,699302,54.43,,0.0,0.0,1.0,0.0,0.0,,6,6,Slider,0,0,0,0,0,0,0,0,Infield shade,Standard,38.0,-0.027,-0.346,70.0,8.3,1.017933816,,0.346,,0,0,0.553,0.553,24,24,24,24,1,0,6.0,2.0,7.0,1,3.12,-0.21,0.21,28.0,21.4826728431988,-41.5022424297545,32.09520573852211,20.347301978504923,46.95365541096722,0,0,0,1,0,1,home
CU,2026-08-29,80.0,2.41,6.17,"Crow-Armstrong, Pete",691718,671096,home_run,hit_into_play,,,,,5.0,Pete Crow-Armstrong homers (35) on a fly ball to right field. Pedro Ramírez scores.,R,L,L,CHC,CIN,X,,fly_ball,2,1,2026,-0.79,-0.7,0.1151170163026881,2.6267911224646374,,699393.0,,1,2,Bot,238.99,95.77,,,,,-3.4719180822250024,-116.50929005314283,0.4546064794622353,-6.576435910769082,22.005349441386254,-38.88510197452344,3.202452428,1.616190945,375.0,103.4,27.0,80.1,2807.0,6.3,824637,624431,701398,680574,553993,682829,668709,670770,699302,54.18,0.76,1.419,2.0,1.0,0.0,3.0,6.0,19,4,Curveball,4,2,4,2,2,6,6,2,Infield shade,Standard,315.0,0.107,1.268,79.4,7.5,,2.712,-1.268,103.4,2,2,0.762,0.762,27,24,27,24,2,1,6.0,1.0,7.0,1,4.26,-0.79,-0.79,59.7,18.706870995958983,-18.788963681909493,26.67979903752612,31.715363593922746,45.64712809698441,1,1,0,0,0,1,home
ST,2026-08-29,82.6,2.7,6.08,"Crow-Armstrong, Pete",691718,671096,single,hit_into_play,,,,,4.0,Pete Crow-Armstrong singles on a sharp line drive to right fielder Héctor Rodríguez.,R,L,L,CHC,CIN,X,9.0,line_drive,0,2,2026,-1.2,-0.11,-0.6382835228385372,2.6275682030817853,,,,0,4,Bot,192.14,90.1,,,,,-5.130199893927717,-120.13608479299104,-0.8840539462272579,-10.517539153761646,24.951670909759073,-33.23902701795388,3.202452428,1.616190945,259.0,107.0,14.0,82.5,2806.0,6.4,824637,624431,701398,680574,553993,682829,668709,670770,699302,54.11,0.697,0.748,0.9,1.0,1.0,0.0,5.0,38,3,Sweeper,6,4,6,4,4,6,6,4,Infield shade,Standard,305.0,0.029,0.54,75.5,7.3,,1.065,-0.54,107.0,2,2,0.78,0.78,27,24,27,24,3,2,6.0,1.0,7.0,1,3.47,-1.2,-1.2,51.5,18.448278903198123,-2.6766796142439957,27.060901432306935,40.4067167413148,40.17066691567238,1,0,0,0,0,1,home
ST,2026-08-29,83.3,-1.69,5.8,"Crow-Armstrong, Pete",691718,670062,field_out,hit_into_play,,,,,8.0,Pete Crow-Armstrong pops out to shortstop Elly De La Cruz.,R,L,R,CHC,CIN,X,6.0,popup,0,0,2026,0.7,-0.11,0.0392826769358984,1.8573884793656088,,,,0,5,Bot,111.78,136.48,,,,,2.5485784510180816,-121.38539858010294,-2.22730680251191,6.497138327540861,21.481226515908308,-33.08594013727723,3.202452428,1.616190945,161.0,89.4,67.0,84.1,2860.0,6.5,824637,624431,701398,680574,553993,682829,668709,670770,699302,53.99,0.006,0.005,0.0,1.0,0.0,0.0,3.0,51,1,Sweeper,10,5,10,5,5,10,10,5,Standard,Standard,51.0,-0.003,-0.259,79.9,8.2,,0.006,0.259,89.4,5,5,0.96,0.96,31,24,31,24,1,3,3.0,1.0,2.0,1,3.36,-0.7,0.7,53.1,20.875807263449413,-14.162361457206035,36.93058565730098,35.37107802729861,45.0808955908755,0,0,0,0,0,1,home
SV,2026-08-29,84.6,-2.32,5.37,"Crow-Armstrong, Pete",691718,663574,home_run,hit_into_play,,,,,4.0,Pete Crow-Armstrong homers (36) on a fly ball to center field. Pedro Ramírez scores. Carson Kelly scores.,R,L,R,CHC,CIN,X,,fly_ball,1,1,2026,0.86,-0.23,-0.5554900012915696,2.294482737420694,,699393.0,608348.0,1,7,Bot,85.94,23.46,,,,,2.312915511598585,-123.22036630109808,-0.2062963986726653,8.300228302646826,23.665687671459285,-34.644278524523926,3.202452428,1.616190945,444.0,105.3,28.0,84.2,2050.0,5.9,824637,624431,701398,680574,553993,682829,668709,670770,699302,54.57,1.0,2.0,2.0,1.0,0.0,3.0,6.0,68,3,Slurve,10,5,10,5,5,13,13,5,Infield shade,Standard,45.0,0.01,1.212,75.3,7.4,,4.0,-1.212,105.3,5,5,0.988,0.988,29,24,29,24,1,4,3.0,1.0,2.0,1,3.4,-0.86,0.86,30.3,12.195948192053963,4.65460974135059,33.13884016660958,41.58861693855734,32.26640499286855,1,1,0,0,0,1,home
KN,2026-08-29,58.1,-1.99,6.14,"Crow-Armstrong, Pete",691718,624431,field_out,hit_into_play,,,,,12.0,"Pete Crow-Armstrong grounds out, second baseman Ivan Johnson to first baseman Sal Stewart. Carson Kelly to 3rd.",R,L,R,CHC,CIN,X,4.0,ground_ball,2,2,2026,1.07,1.12,1.5373295168246957,2.507504926802656,,608348.0,,1,8,Bot,136.36,157.89,,,,,3.935100991014437,-84.29082520464287,2.2913382255824724,4.306624199900132,14.770304506958515,-27.66024923238255,3.202452428,1.616190945,105.0,41.6,42.0,55.4,47.0,4.4,824637,677943,701398,671155,695490,680574,668709,670770,699302,56.06,0.149,0.149,0.0,1.0,0.0,0.0,1.0,80,5,Knuckleball,15,5,15,5,5,15,15,5,Standard,Standard,222.0,0.0,-0.19,71.4,6.3,,0.154,0.19,88.0,10,10,0.999,0.999,33,24,34,24,1,5,113.0,1.0,,1,5.84,-1.07,1.07,33.5,5.233747868057222,-3.009694479296778,42.38344633482443,14.619520652320348,31.234229539232643,0,0,0,0,0,1,home
FF,2026-08-29,91.8,2.38,6.19,"Crow-Armstrong, Pete",691718,671096,home_run,hit_into_play,,,,,5.0,Pete Crow-Armstrong homers (34) on a fly ball to right center field.,R,L,L,CHC,CIN,X,,fly_ball,0,1,2026,0.41,1.28,0.0852942118528168,2.433314926796082,,,,0,1,Bot,177.35,30.39,,,,,-6.65285587218779,-133.46345289052573,-6.302302610293018,6.250706614459604,26.455956484776035,-15.712558799120115,3.202452428,1.616190945,435.0,105.8,25.0,92.4,2256.0,6.5,824637,624431,701398,680574,553993,682829,668709,670770,699302,54.01,1.0,2.0,2.0,1.0,0.0,3.0,6.0,4,2,4-Seam Fastball,0,0,0,0,0,1,1,0,Standard,Standard,157.0,0.1,1.156,78.8,7.2,,4.0,-1.156,105.8,0,0,0.545,0.545,27,24,27,24,1,0,6.0,1.0,7.0,1,1.41,0.41,0.41,54.5,13.619223699437146,-6.511407599765157,32.979851341219145,32.17874648431979,37.74721159633883,1,1,0,0,0,1,home
FF,2026-08-30,99.5,-1.3,6.66,"Crow-Armstrong, Pete",691718,695505,field_out,hit_into_play,,,,,6.0,Pete Crow-Armstrong pops out to shortstop Elly De La Cruz.,R,L,R,CHC,CIN,X,6.0,popup,1,1,2026,-0.15,1.54,0.3822744289175505,2.6936894425959035,,699393.0,624424.0,2,2,Bot,127.63,172.0,,,,,4.8965704019652945,-144.67859478124302,-8.906700428937613,-3.2586244527665147,33.342795668859125,-8.6728795148294,3.202452428,1.616190945,74.0,77.6,75.0,99.4,2685.0,6.3,824636,663886,701398,680574,695490,682829,668709,667472,699302,54.24,0.001,0.0,0.0,1.0,0.0,0.0,3.0,19,3,4-Seam Fastball,2,0,2,0,0,2,2,0,Standard,Standard,195.0,-0.029,-0.27,81.1,7.6,,0.001,0.27,88.0,2,2,0.741,0.741,23,24,23,24,2,1,6.0,1.0,,1,0.76,0.15,-0.15,54.1,12.747510368270731,-7.01120419968965,33.92202291675225,31.021614477260893,35.214021713267584,0,0,0,0,0,1,home
SL,2026-08-30,90.3,-1.17,6.61,"Crow-Armstrong, Pete",691718,695505,field_out,hit_into_play,,,,,6.0,Pete Crow-Armstrong lines out to first baseman Sal Stewart.,R,L,R,CHC,CIN,X,3.0,line_drive,2,2,2026,0.04,0.21,0.6409115548781128,2.128892641905052,,,,0,5,Bot,157.9,164.73,,,,,4.361332914987617,-131.49175226378256,-5.436157863305641,-0.3891638280714053,27.130946900244155,-28.84084305662469,3.202452428,1.616190945,177.0,102.2,9.0,90.5,2649.0,6.3,824636,663886,701398,680574,695490,682829,668709,667472,699302,54.21,0.754,0.714,0.0,1.0,0.0,0.0,4.0,43,5,Slider,3,6,3,6,6,3,3,6,Infield shade,Standard,99.0,-0.023,-0.232,86.1,7.5,,0.882,0.232,102.2,-3,-3,0.188,0.188,23,24,23,24,3,2,6.0,1.0,,1,2.58,-0.04,0.04,61.6,14.854173892967108,-17.649049489548773,35.201366046408,28.257408799691163,36.101300276708486,0,0,0,0,0,1,home
SI,2026-08-30,94.9,1.66,6.4,"Crow-Armstrong, Pete",691718,656271,strikeout,called_strike,,,,,2.0,Pete Crow-Armstrong called out on strikes.,R,L,L,CHC,CIN,S,2.0,,2,2,2026,1.23,0.7,-0.0309416449095667,3.1054097287493927,,,665804.0,0,7,Bot,,,,,,,-7.21626983572069,-138.12336899952027,-4.413932958581039,17.351511205927167,29.086382351321554,-22.35607201883838,3.202452428,1.616190945,,,,95.7,2082.0,6.6,824636,663886,701398,671155,695490,680574,668709,667472,699302,53.88,,0.0,0.0,1.0,0.0,0.0,,60,6,Sinker,3,7,3,7,7,3,3,7,Infield shade,Standard,154.0,-0.027,-0.215,,,,,0.215,,-4,-4,0.1,0.1,29,24,30,24,1,3,2.0,1.0,2.0,1,1.81,1.23,1.23,40.5,,,,,,0,0,0,1,0,1,home
FF,2026-08-30,95.2,-1.38,5.59,"Crow-Armstrong, Pete",691718,641941,home_run,hit_into_play,,,,,5.0,Pete Crow-Armstrong homers (38) on a fly ball to right center field.,R,L,R,CHC,CIN,X,,fly_ball,1,0,2026,-0.74,1.39,-0.2350346907159831,2.5622654801164395,,,,2,9,Bot,177.3,31.76,,,,,4.672089817727004,-138.6144388442652,-5.346267772948812,-10.51015465772486,29.69094248452236,-13.217130078255856,3.202452428,1.616190945,431.0,105.4,33.0,96.2,2423.0,6.7,824636,663886,701398,671155,695490,680574,670770,667472,668709,53.77,1.0,2.0,2.0,1.0,0.0,3.0,6.0,77,2,4-Seam Fastball,4,7,4,7,7,5,5,7,Standard,Standard,213.0,0.009,2.554,80.9,7.5,,4.0,-2.554,105.4,-3,-3,0.006,0.006,35,24,35,24,1,4,2.0,1.0,2.0,1,1.11,0.74,-0.74,38.6,12.095777025884608,-5.839477325628631,30.19509492890188,36.27695070027576,39.365791802345214,1,1,0,0,0,1,home
FF,2026-08-30,98.9,-1.28,6.63,"Crow-Armstrong, Pete",691718,695505,home_run,hit_into_play,,,,,5.0,Pete Crow-Armstrong homers (37) on a fly ball to right center field.,R,L,R,CHC,CIN,X,,fly_ball,3,2,2026,-0.25,1.63,0.2706749231521015,2.39511250435193,,,,0,1,Bot,206.27,50.0,,,,,4.7596008330310955,-143.64089915469876,-9.665418886645949,-4.6390441166859695,34.68953580172859,-7.525100133734974,3.202452428,1.616190945,417.0,108.0,35.0,98.5,2775.0,6.3,824636,663886,701398,680574,695490,682829,668709,667472,699302,54.25,0.863,1.759,2.0,1.0,0.0,3.0,6.0,5,6,4-Seam Fastball,0,0,0,0,0,1,1,0,Infield shade,Standard,202.0,0.092,1.028,81.4,7.6,,3.425,-1.028,108.0,0,0,0.553,0.553,23,24,23,24,1,0,6.0,1.0,,1,0.72,0.25,-0.25,55.4,11.621348574799931,-16.156923404429275,34.501566594620876,31.710087337826643,35.9148649924536,1,1,0,0,0,1,home
FF,2026-08-31,93.9,2.81,5.22,"Crow-Armstrong, Pete",691718,690986,field_out,hit_into_play,,,,,2.0,Pete Crow-Armstrong flies out to left fielder Jackson Chourio.,R,L,L,CHC,MIL,X,7.0,fly_ball,0,0,2026,1.09,1.24,0.0114019204294586,2.810563879515591,,,,1,2,Bot,50.16,115.16,,,,,-9.631517469406797,-136.47549212789565,-3.130972214164914,15.673791576441497,29.483082391501224,-16.18767189289235,3.202452428,1.616190945,280.0,88.9,47.0,94.2,2285.0,6.5,824635,661388,641343,668930,666152,806198,694192,669003,686217,54.0,0.003,0.005,0.0,1.0,0.0,0.0,3.0,17,1,4-Seam Fastball,4,0,4,0,0,4,4,0,Standard,Standard,131.0,-0.006,-0.262,75.0,6.8,,0.007,0.262,88.9,4,4,0.869,0.869,24,24,25,24,2,1,6.0,1.0,,1,1.35,1.09,1.09,34.6,0.161775540319232,0.6188449985110989,30.1433599028563,34.20699883430208,29.577827945322504,0,0,0,0,0,1,home
SI,2026-08-31,96.4,-0.94,5.44,"Crow-Armstrong, Pete",691718,694477,field_out,hit_into_play,,,,,8.0,Pete Crow-Armstrong grounds out to first baseman Jake Bauers.,R,L,R,CHC,MIL,X,3.0,ground_ball,1,0,2026,-1.28,0.55,0.0816673862616197,1.783949560473372,,,,0,5,Bot,159.63,164.7,,,,,5.599206764185518,-140.23749321600295,-5.171658223278586,-18.14975165556945,31.591217018519146,-23.967035017179725,3.202452428,1.616190945,3.0,,-30.0,96.0,2299.0,6.1,824635,661388,641343,668930,666152,806198,694192,669003,686217,54.42,,,0.0,,0.0,0.0,,47,2,Sinker,9,0,9,0,0,9,9,0,Strategic,Standard,217.0,-0.001,-0.303,77.7,7.2,,,0.303,,9,9,0.997,0.997,27,24,28,24,1,3,2.0,1.0,4.0,1,1.91,1.28,-1.28,29.0,5.770244699292244,5.513936009696309,40.51473879681495,34.09196631625254,30.18327194512207,0,0,0,0,0,1,home
SV,2026-08-31,77.5,2.91,5.15,"Crow-Armstrong, Pete",691718,690986,strikeout,swinging_strike,,,,,14.0,Pete Crow-Armstrong strikes out swinging.,R,L,L,CHC,MIL,S,2.0,,1,2,2026,-0.14,0.1,0.2833124114600757,1.3484992874109514,,,,0,1,Bot,,,,,,,-5.307831959603205,-112.49597044543704,-0.8930900760660617,0.1322607181877978,26.80854463450726,-31.39938105074722,3.202452428,1.616190945,,,,76.9,1840.0,6.7,824635,661388,641343,668930,666152,806198,694192,669003,686217,53.76,,0.0,0.0,1.0,0.0,0.0,,5,4,Slurve,0,0,0,0,0,0,0,0,Strategic,Standard,343.0,-0.015,-0.186,74.8,8.5,1.777105872,,0.186,,0,0,0.541,0.541,24,24,25,24,1,0,6.0,1.0,,1,3.81,-0.14,-0.14,35.3,33.87637488793237,-36.38655396406871,38.58712545901389,28.843267040176848,55.270831745660686,0,0,0,1,0,1,home
KN,2026-08-31,53.9,-3.05,6.53,"Crow-Armstrong, Pete",691718,683734,single,hit_into_play,,,,,11.0,Pete Crow-Armstrong singles on a line drive to right fielder Sal Frelick.,R,L,R,CHC,MIL,X,9.0,line_drive,1,1,2026,0.23,0.84,-1.0983126705856976,2.969560852082032,,,,0,7,Bot,188.96,113.45,,,,,2.484761825752738,-78.08303398488921,4.059218914532612,0.5267596360130529,12.647354073282244,-29.74528150694495,3.202452428,1.616190945,204.0,73.7,22.0,51.9,183.0,5.0,824635,596142,687401,668930,666152,806198,694192,800325,686217,55.45,0.983,0.896,0.9,1.0,1.0,0.0,4.0,65,3,Knuckleball,12,2,12,2,2,12,12,2,Strategic,Standard,61.0,0.0,0.457,66.1,8.2,,1.055,-0.457,88.0,10,10,0.999,0.999,28,24,28,24,1,4,33.0,1.0,,1,7.27,-0.23,0.23,52.5,29.729258372098965,-16.459256152170486,28.783455783616557,46.73594533436684,43.556281776152275,1,0,0,0,0,1,home
FF,2026-08-31,94.3,2.89,5.21,"Crow-Armstrong, Pete",691718,690986,field_out,hit_into_play,,,,,6.0,Pete Crow-Armstrong lines out to first baseman Jake Bauers.,R,L,L,CHC,MIL,X,3.0,line_drive,1,1,2026,1.05,1.29,0.3225072652828811,2.154136722435279,,,,0,4,Bot,158.62,162.68,,,,,-8.996210042641968,-136.9525550898522,-4.934563225558004,15.273194467287643,31.075557889455617,-14.99907490606487,3.202452428,1.616190945,174.0,102.1,10.0,94.4,2407.0,6.5,824635,661388,641343,668930,666152,806198,694192,669003,686217,53.97,0.834,0.802,0.0,1.0,0.0,0.0,4.0,34,3,4-Seam Fastball,6,0,6,0,0,6,6,0,Standard,Standard,127.0,-0.002,-0.247,,,,1.005,0.247,102.1,6,6,0.968,0.968,24,24,25,24,3,2,6.0,1.0,,1,1.29,1.05,1.05,33.7,,,,,,0,0,0,0,0,1,home
